ISO-10303-21;
HEADER;
FILE_DESCRIPTION(('KiCad electronic assembly'),'2;1');
FILE_NAME('mx_right_tb.step','2026-09-21T02:05:07',('Pcbnew'),('Kicad'),
  'Open CASCADE STEP processor 7.9','KiCad to STEP converter','Unknown'
  );
FILE_SCHEMA(('AUTOMOTIVE_DESIGN { 1 0 10303 214 1 1 1 1 }'));
ENDSEC;
DATA;
#1 = APPLICATION_PROTOCOL_DEFINITION('international standard',
  'automotive_design',2000,#2);
#2 = APPLICATION_CONTEXT(
  'core data for automotive mechanical design processes');
#3 = SHAPE_DEFINITION_REPRESENTATION(#4,#10);
#4 = PRODUCT_DEFINITION_SHAPE('','',#5);
#5 = PRODUCT_DEFINITION('design','',#6,#9);
#6 = PRODUCT_DEFINITION_FORMATION('','',#7);
#7 = PRODUCT('mx_right_tb 1','mx_right_tb 1','',(#8));
#8 = PRODUCT_CONTEXT('',#2,'mechanical');
#9 = PRODUCT_DEFINITION_CONTEXT('part definition',#2,'design');
#10 = SHAPE_REPRESENTATION('',(#11,#15),#19);
#11 = AXIS2_PLACEMENT_3D('',#12,#13,#14);
#12 = CARTESIAN_POINT('',(0.,0.,0.));
#13 = DIRECTION('',(0.,0.,1.));
#14 = DIRECTION('',(1.,0.,-0.));
#15 = AXIS2_PLACEMENT_3D('',#16,#17,#18);
#16 = CARTESIAN_POINT('',(0.,0.,0.));
#17 = DIRECTION('',(0.,0.,1.));
#18 = DIRECTION('',(1.,0.,-0.));
#19 = ( GEOMETRIC_REPRESENTATION_CONTEXT(3) 
GLOBAL_UNCERTAINTY_ASSIGNED_CONTEXT((#23)) GLOBAL_UNIT_ASSIGNED_CONTEXT(
(#20,#21,#22)) REPRESENTATION_CONTEXT('Context #1',
  '3D Context with UNIT and UNCERTAINTY') );
#20 = ( LENGTH_UNIT() NAMED_UNIT(*) SI_UNIT(.MILLI.,.METRE.) );
#21 = ( NAMED_UNIT(*) PLANE_ANGLE_UNIT() SI_UNIT($,.RADIAN.) );
#22 = ( NAMED_UNIT(*) SI_UNIT($,.STERADIAN.) SOLID_ANGLE_UNIT() );
#23 = UNCERTAINTY_MEASURE_WITH_UNIT(LENGTH_MEASURE(1.E-07),#20,
  'distance_accuracy_value','confusion accuracy');
#24 = PRODUCT_RELATED_PRODUCT_CATEGORY('part',$,(#7));
#25 = SHAPE_DEFINITION_REPRESENTATION(#26,#32);
#26 = PRODUCT_DEFINITION_SHAPE('','',#27);
#27 = PRODUCT_DEFINITION('design','',#28,#31);
#28 = PRODUCT_DEFINITION_FORMATION('','',#29);
#29 = PRODUCT('mx_right_tb-unsaved-export-TjuRe9_PCB',
  'mx_right_tb-unsaved-export-TjuRe9_PCB','',(#30));
#30 = PRODUCT_CONTEXT('',#2,'mechanical');
#31 = PRODUCT_DEFINITION_CONTEXT('part definition',#2,'design');
#32 = ADVANCED_BREP_SHAPE_REPRESENTATION('',(#11,#33),#16390);
#33 = MANIFOLD_SOLID_BREP('',#34);
#34 = CLOSED_SHELL('',(#35,#77,#108,#141,#4528,#8915,#8932,#8949,#8966,
    #8983,#9000,#9017,#9034,#9051,#9068,#9085,#9102,#9119,#9136,#9153,
    #9170,#9187,#9204,#9221,#9238,#9255,#9272,#9289,#9306,#9323,#9340,
    #9357,#9374,#9391,#9408,#9425,#9442,#9459,#9476,#9493,#9510,#9527,
    #9544,#9561,#9578,#9590,#9607,#9629,#9646,#9658,#9675,#9692,#9709,
    #9731,#9748,#9760,#9777,#9799,#9816,#9828,#9845,#9862,#9879,#9896,
    #9918,#9935,#9947,#9964,#9981,#9998,#10015,#10032,#10054,#10071,
    #10088,#10100,#10117,#10134,#10156,#10173,#10190,#10202,#10219,
    #10236,#10258,#10275,#10292,#10304,#10321,#10338,#10355,#10372,
    #10394,#10411,#10428,#10440,#10457,#10474,#10496,#10513,#10530,
    #10542,#10559,#10576,#10598,#10615,#10632,#10644,#10661,#10678,
    #10700,#10717,#10734,#10746,#10763,#10780,#10797,#10814,#10831,
    #10848,#10865,#10882,#10899,#10916,#10933,#10950,#10972,#10989,
    #11006,#11018,#11040,#11057,#11074,#11086,#11103,#11120,#11137,
    #11159,#11176,#11193,#11205,#11222,#11239,#11256,#11278,#11295,
    #11312,#11324,#11341,#11358,#11380,#11397,#11414,#11426,#11443,
    #11460,#11477,#11499,#11516,#11533,#11545,#11562,#11579,#11601,
    #11618,#11635,#11647,#11664,#11681,#11698,#11715,#11732,#11749,
    #11771,#11788,#11805,#11817,#11834,#11851,#11873,#11890,#11907,
    #11919,#11936,#11953,#11975,#11992,#12009,#12021,#12038,#12055,
    #12072,#12089,#12106,#12123,#12140,#12157,#12174,#12191,#12213,
    #12230,#12247,#12259,#12276,#12293,#12310,#12332,#12349,#12366,
    #12378,#12395,#12412,#12434,#12451,#12468,#12480,#12497,#12514,
    #12536,#12553,#12570,#12582,#12599,#12616,#12638,#12655,#12672,
    #12684,#12701,#12718,#12740,#12757,#12774,#12786,#12803,#12825,
    #12842,#12859,#12871,#12888,#12910,#12927,#12944,#12956,#12973,
    #12990,#13007,#13024,#13041,#13058,#13075,#13097,#13114,#13131,
    #13148,#13165,#13182,#13199,#13216,#13233,#13250,#13267,#13284,
    #13301,#13313,#13330,#13347,#13364,#13381,#13398,#13415,#13432,
    #13449,#13466,#13483,#13505,#13522,#13539,#13551,#13568,#13585,
    #13602,#13619,#13636,#13653,#13675,#13692,#13709,#13721,#13738,
    #13760,#13777,#13794,#13806,#13823,#13845,#13862,#13879,#13891,
    #13908,#13925,#13947,#13964,#13981,#13993,#14010,#14027,#14049,
    #14066,#14083,#14095,#14112,#14129,#14146,#14163,#14185,#14202,
    #14219,#14231,#14253,#14270,#14287,#14299,#14316,#14333,#14350,
    #14367,#14389,#14406,#14423,#14435,#14452,#14469,#14486,#14508,
    #14525,#14542,#14554,#14571,#14588,#14610,#14627,#14644,#14656,
    #14678,#14695,#14712,#14724,#14741,#14758,#14780,#14797,#14814,
    #14826,#14843,#14860,#14882,#14899,#14916,#14928,#14945,#14962,
    #14984,#15001,#15018,#15030,#15047,#15064,#15081,#15103,#15120,
    #15137,#15149,#15166,#15188,#15205,#15222,#15234,#15251,#15268,
    #15285,#15307,#15324,#15341,#15353,#15370,#15392,#15409,#15426,
    #15438,#15455,#15472,#15489,#15511,#15528,#15545,#15557,#15574,
    #15591,#15608,#15625,#15642,#15659,#15681,#15698,#15715,#15727,
    #15744,#15766,#15783,#15800,#15812,#15829,#15846,#15868,#15885,
    #15902,#15914,#15931,#15948,#15965,#15982,#16004,#16021,#16038,
    #16050,#16067,#16089,#16106,#16123,#16135,#16152,#16169,#16191,
    #16208,#16225,#16237,#16254,#16276,#16293,#16310,#16322,#16339,
    #16356,#16373));
#35 = ADVANCED_FACE('',(#36),#72,.T.);
#36 = FACE_BOUND('',#37,.T.);
#37 = EDGE_LOOP('',(#38,#48,#57,#65));
#38 = ORIENTED_EDGE('',*,*,#39,.T.);
#39 = EDGE_CURVE('',#40,#42,#44,.T.);
#40 = VERTEX_POINT('',#41);
#41 = CARTESIAN_POINT('',(131.445,-19.049998,0.));
#42 = VERTEX_POINT('',#43);
#43 = CARTESIAN_POINT('',(131.445,-19.049998,1.51));
#44 = LINE('',#45,#46);
#45 = CARTESIAN_POINT('',(131.445,-19.049998,0.));
#46 = VECTOR('',#47,1.);
#47 = DIRECTION('',(0.,0.,1.));
#48 = ORIENTED_EDGE('',*,*,#49,.T.);
#49 = EDGE_CURVE('',#42,#50,#52,.T.);
#50 = VERTEX_POINT('',#51);
#51 = CARTESIAN_POINT('',(132.443876,-20.002554,1.51));
#52 = CIRCLE('',#53,1.000002692287);
#53 = AXIS2_PLACEMENT_3D('',#54,#55,#56);
#54 = CARTESIAN_POINT('',(131.44499953317,-20.05000069228,1.51));
#55 = DIRECTION('',(0.,0.,-1.));
#56 = DIRECTION('',(4.668219099705E-07,1.,0.));
#57 = ORIENTED_EDGE('',*,*,#58,.F.);
#58 = EDGE_CURVE('',#59,#50,#61,.T.);
#59 = VERTEX_POINT('',#60);
#60 = CARTESIAN_POINT('',(132.443876,-20.002554,0.));
#61 = LINE('',#62,#63);
#62 = CARTESIAN_POINT('',(132.443876,-20.002554,0.));
#63 = VECTOR('',#64,1.);
#64 = DIRECTION('',(0.,0.,1.));
#65 = ORIENTED_EDGE('',*,*,#66,.F.);
#66 = EDGE_CURVE('',#40,#59,#67,.T.);
#67 = CIRCLE('',#68,1.000002692287);
#68 = AXIS2_PLACEMENT_3D('',#69,#70,#71);
#69 = CARTESIAN_POINT('',(131.44499953317,-20.05000069228,0.));
#70 = DIRECTION('',(0.,0.,-1.));
#71 = DIRECTION('',(4.668219099705E-07,1.,0.));
#72 = CYLINDRICAL_SURFACE('',#73,1.000002692287);
#73 = AXIS2_PLACEMENT_3D('',#74,#75,#76);
#74 = CARTESIAN_POINT('',(131.44499953317,-20.05000069228,0.));
#75 = DIRECTION('',(0.,0.,-1.));
#76 = DIRECTION('',(4.668219099705E-07,1.,0.));
#77 = ADVANCED_FACE('',(#78),#103,.T.);
#78 = FACE_BOUND('',#79,.T.);
#79 = EDGE_LOOP('',(#80,#90,#96,#97));
#80 = ORIENTED_EDGE('',*,*,#81,.T.);
#81 = EDGE_CURVE('',#82,#84,#86,.T.);
#82 = VERTEX_POINT('',#83);
#83 = CARTESIAN_POINT('',(114.395,-19.05,0.));
#84 = VERTEX_POINT('',#85);
#85 = CARTESIAN_POINT('',(114.395,-19.05,1.51));
#86 = LINE('',#87,#88);
#87 = CARTESIAN_POINT('',(114.395,-19.05,0.));
#88 = VECTOR('',#89,1.);
#89 = DIRECTION('',(0.,0.,1.));
#90 = ORIENTED_EDGE('',*,*,#91,.T.);
#91 = EDGE_CURVE('',#84,#42,#92,.T.);
#92 = LINE('',#93,#94);
#93 = CARTESIAN_POINT('',(114.395,-19.05,1.51));
#94 = VECTOR('',#95,1.);
#95 = DIRECTION('',(1.,1.173020529065E-07,0.));
#96 = ORIENTED_EDGE('',*,*,#39,.F.);
#97 = ORIENTED_EDGE('',*,*,#98,.F.);
#98 = EDGE_CURVE('',#82,#40,#99,.T.);
#99 = LINE('',#100,#101);
#100 = CARTESIAN_POINT('',(114.395,-19.05,0.));
#101 = VECTOR('',#102,1.);
#102 = DIRECTION('',(1.,1.173020529065E-07,0.));
#103 = PLANE('',#104);
#104 = AXIS2_PLACEMENT_3D('',#105,#106,#107);
#105 = CARTESIAN_POINT('',(114.395,-19.05,0.));
#106 = DIRECTION('',(-1.173020529065E-07,1.,0.));
#107 = DIRECTION('',(1.,1.173020529065E-07,0.));
#108 = ADVANCED_FACE('',(#109),#136,.F.);
#109 = FACE_BOUND('',#110,.T.);
#110 = EDGE_LOOP('',(#111,#112,#121,#129));
#111 = ORIENTED_EDGE('',*,*,#58,.T.);
#112 = ORIENTED_EDGE('',*,*,#113,.T.);
#113 = EDGE_CURVE('',#50,#114,#116,.T.);
#114 = VERTEX_POINT('',#115);
#115 = CARTESIAN_POINT('',(133.445,-20.955001,1.51));
#116 = CIRCLE('',#117,1.00408803798);
#117 = AXIS2_PLACEMENT_3D('',#118,#119,#120);
#118 = CARTESIAN_POINT('',(133.44663525761,-19.95091429361,1.51));
#119 = DIRECTION('',(0.,0.,1.));
#120 = DIRECTION('',(-0.998676629626,-5.142946080022E-02,0.));
#121 = ORIENTED_EDGE('',*,*,#122,.F.);
#122 = EDGE_CURVE('',#123,#114,#125,.T.);
#123 = VERTEX_POINT('',#124);
#124 = CARTESIAN_POINT('',(133.445,-20.955001,0.));
#125 = LINE('',#126,#127);
#126 = CARTESIAN_POINT('',(133.445,-20.955001,0.));
#127 = VECTOR('',#128,1.);
#128 = DIRECTION('',(0.,0.,1.));
#129 = ORIENTED_EDGE('',*,*,#130,.F.);
#130 = EDGE_CURVE('',#59,#123,#131,.T.);
#131 = CIRCLE('',#132,1.00408803798);
#132 = AXIS2_PLACEMENT_3D('',#133,#134,#135);
#133 = CARTESIAN_POINT('',(133.44663525761,-19.95091429361,0.));
#134 = DIRECTION('',(0.,0.,1.));
#135 = DIRECTION('',(-0.998676629626,-5.142946080022E-02,0.));
#136 = CYLINDRICAL_SURFACE('',#137,1.00408803798);
#137 = AXIS2_PLACEMENT_3D('',#138,#139,#140);
#138 = CARTESIAN_POINT('',(133.44663525761,-19.95091429361,0.));
#139 = DIRECTION('',(-0.,-0.,-1.));
#140 = DIRECTION('',(-0.998676629626,-5.142946080022E-02,0.));
#141 = ADVANCED_FACE('',(#142,#483,#494,#523,#534,#545,#556,#585,#596,
    #625,#636,#647,#658,#669,#698,#709,#720,#731,#742,#753,#791,#802,
    #813,#851,#862,#873,#911,#922,#933,#944,#955,#993,#1004,#1015,#1053,
    #1064,#1075,#1113,#1124,#1135,#1173,#1184,#1195,#1206,#1217,#1228,
    #1239,#1250,#1261,#1272,#1283,#1294,#1305,#1343,#1381,#1392,#1403,
    #1414,#1452,#1463,#1474,#1485,#1523,#1534,#1545,#1583,#1594,#1605,
    #1616,#1654,#1665,#1676,#1714,#1725,#1736,#1747,#1758,#1769,#1780,
    #1818,#1829,#1840,#1878,#1889,#1900,#1938,#1949,#1960,#1971,#1982,
    #1993,#2004,#2015,#2026,#2037,#2048,#2086,#2097,#2108,#2119,#2157,
    #2168,#2179,#2217,#2228,#2239,#2277,#2288,#2299,#2337,#2348,#2359,
    #2397,#2408,#2446,#2457,#2495,#2506,#2517,#2528,#2539,#2550,#2561,
    #2572,#2694,#2705,#2716,#2727,#2738,#2749,#2760,#2771,#2782,#2793,
    #2804,#2842,#2853,#2864,#2875,#2886,#2897,#2908,#2946,#2957,#2995,
    #3006,#3044,#3055,#3066,#3104,#3115,#3126,#3164,#3175,#3186,#3197,
    #3208,#3246,#3284,#3295,#3306,#3317,#3328,#3366,#3377,#3388,#3399,
    #3437,#3448,#3459,#3497,#3535,#3546,#3557,#3595,#3606,#3617,#3655,
    #3666,#3677,#3715,#3726,#3737,#3748,#3786,#3797,#3835,#3846,#3857,
    #3868,#3906,#3917,#3955,#3966,#3977,#3988,#4026,#4037,#4048,#4059,
    #4070,#4081,#4092,#4130,#4141,#4179,#4190,#4201,#4239,#4250,#4261,
    #4272,#4283,#4321,#4332,#4370,#4381,#4392,#4430,#4441,#4479,#4490,
    #4501,#4512),#4523,.F.);
#142 = FACE_BOUND('',#143,.F.);
#143 = EDGE_LOOP('',(#144,#145,#146,#155,#163,#172,#180,#189,#197,#206,
    #214,#223,#231,#240,#248,#257,#265,#273,#282,#290,#298,#307,#315,
    #324,#332,#341,#349,#358,#366,#375,#383,#392,#400,#408,#416,#425,
    #433,#442,#450,#459,#467,#476,#482));
#144 = ORIENTED_EDGE('',*,*,#66,.F.);
#145 = ORIENTED_EDGE('',*,*,#98,.F.);
#146 = ORIENTED_EDGE('',*,*,#147,.F.);
#147 = EDGE_CURVE('',#148,#82,#150,.T.);
#148 = VERTEX_POINT('',#149);
#149 = CARTESIAN_POINT('',(113.395,-20.05,0.));
#150 = CIRCLE('',#151,0.999999252925);
#151 = AXIS2_PLACEMENT_3D('',#152,#153,#154);
#152 = CARTESIAN_POINT('',(114.39499925292,-20.04999925292,0.));
#153 = DIRECTION('',(0.,0.,-1.));
#154 = DIRECTION('',(-1.,-7.470757314012E-07,-0.));
#155 = ORIENTED_EDGE('',*,*,#156,.F.);
#156 = EDGE_CURVE('',#157,#148,#159,.T.);
#157 = VERTEX_POINT('',#158);
#158 = CARTESIAN_POINT('',(113.395,-20.9075,0.));
#159 = LINE('',#160,#161);
#160 = CARTESIAN_POINT('',(113.395,-20.9075,0.));
#161 = VECTOR('',#162,1.);
#162 = DIRECTION('',(0.,1.,0.));
#163 = ORIENTED_EDGE('',*,*,#164,.F.);
#164 = EDGE_CURVE('',#165,#157,#167,.T.);
#165 = VERTEX_POINT('',#166);
#166 = CARTESIAN_POINT('',(112.395,-21.9075,0.));
#167 = CIRCLE('',#168,0.999999252925);
#168 = AXIS2_PLACEMENT_3D('',#169,#170,#171);
#169 = CARTESIAN_POINT('',(112.39500074707,-20.90750074707,0.));
#170 = DIRECTION('',(0.,0.,1.));
#171 = DIRECTION('',(-7.470757491648E-07,-1.,0.));
#172 = ORIENTED_EDGE('',*,*,#173,.F.);
#173 = EDGE_CURVE('',#174,#165,#176,.T.);
#174 = VERTEX_POINT('',#175);
#175 = CARTESIAN_POINT('',(95.345,-21.9075,0.));
#176 = LINE('',#177,#178);
#177 = CARTESIAN_POINT('',(95.345,-21.9075,0.));
#178 = VECTOR('',#179,1.);
#179 = DIRECTION('',(1.,0.,0.));
#180 = ORIENTED_EDGE('',*,*,#181,.F.);
#181 = EDGE_CURVE('',#182,#174,#184,.T.);
#182 = VERTEX_POINT('',#183);
#183 = CARTESIAN_POINT('',(94.345,-22.9075,0.));
#184 = CIRCLE('',#185,0.999999252925);
#185 = AXIS2_PLACEMENT_3D('',#186,#187,#188);
#186 = CARTESIAN_POINT('',(95.344999252925,-22.90749925292,0.));
#187 = DIRECTION('',(0.,0.,-1.));
#188 = DIRECTION('',(-1.,-7.470757314012E-07,-0.));
#189 = ORIENTED_EDGE('',*,*,#190,.F.);
#190 = EDGE_CURVE('',#191,#182,#193,.T.);
#191 = VERTEX_POINT('',#192);
#192 = CARTESIAN_POINT('',(94.345,-24.7175,0.));
#193 = LINE('',#194,#195);
#194 = CARTESIAN_POINT('',(94.345,-24.7175,0.));
#195 = VECTOR('',#196,1.);
#196 = DIRECTION('',(0.,1.,0.));
#197 = ORIENTED_EDGE('',*,*,#198,.F.);
#198 = EDGE_CURVE('',#199,#191,#201,.T.);
#199 = VERTEX_POINT('',#200);
#200 = CARTESIAN_POINT('',(93.345,-25.7175,0.));
#201 = CIRCLE('',#202,0.999999252925);
#202 = AXIS2_PLACEMENT_3D('',#203,#204,#205);
#203 = CARTESIAN_POINT('',(93.345000747075,-24.71750074707,0.));
#204 = DIRECTION('',(0.,0.,1.));
#205 = DIRECTION('',(-7.470757491648E-07,-1.,0.));
#206 = ORIENTED_EDGE('',*,*,#207,.F.);
#207 = EDGE_CURVE('',#208,#199,#210,.T.);
#208 = VERTEX_POINT('',#209);
#209 = CARTESIAN_POINT('',(76.295,-25.7175,0.));
#210 = LINE('',#211,#212);
#211 = CARTESIAN_POINT('',(76.295,-25.7175,0.));
#212 = VECTOR('',#213,1.);
#213 = DIRECTION('',(1.,0.,0.));
#214 = ORIENTED_EDGE('',*,*,#215,.F.);
#215 = EDGE_CURVE('',#216,#208,#218,.T.);
#216 = VERTEX_POINT('',#217);
#217 = CARTESIAN_POINT('',(75.295,-26.7175,0.));
#218 = CIRCLE('',#219,0.999999252925);
#219 = AXIS2_PLACEMENT_3D('',#220,#221,#222);
#220 = CARTESIAN_POINT('',(76.294999252925,-26.71749925292,0.));
#221 = DIRECTION('',(0.,0.,-1.));
#222 = DIRECTION('',(-1.,-7.470757562702E-07,-0.));
#223 = ORIENTED_EDGE('',*,*,#224,.F.);
#224 = EDGE_CURVE('',#225,#216,#227,.T.);
#225 = VERTEX_POINT('',#226);
#226 = CARTESIAN_POINT('',(75.295,-27.5525,0.));
#227 = LINE('',#228,#229);
#228 = CARTESIAN_POINT('',(75.295,-27.5525,0.));
#229 = VECTOR('',#230,1.);
#230 = DIRECTION('',(0.,1.,0.));
#231 = ORIENTED_EDGE('',*,*,#232,.F.);
#232 = EDGE_CURVE('',#233,#225,#235,.T.);
#233 = VERTEX_POINT('',#234);
#234 = CARTESIAN_POINT('',(74.295,-28.5525,0.));
#235 = CIRCLE('',#236,0.999999252925);
#236 = AXIS2_PLACEMENT_3D('',#237,#238,#239);
#237 = CARTESIAN_POINT('',(74.295000747075,-27.55250074707,0.));
#238 = DIRECTION('',(0.,0.,1.));
#239 = DIRECTION('',(-7.47075720743E-07,-1.,0.));
#240 = ORIENTED_EDGE('',*,*,#241,.F.);
#241 = EDGE_CURVE('',#242,#233,#244,.T.);
#242 = VERTEX_POINT('',#243);
#243 = CARTESIAN_POINT('',(55.74231,-28.5525,0.));
#244 = LINE('',#245,#246);
#245 = CARTESIAN_POINT('',(55.74231,-28.5525,0.));
#246 = VECTOR('',#247,1.);
#247 = DIRECTION('',(1.,0.,0.));
#248 = ORIENTED_EDGE('',*,*,#249,.F.);
#249 = EDGE_CURVE('',#250,#242,#252,.T.);
#250 = VERTEX_POINT('',#251);
#251 = CARTESIAN_POINT('',(54.74231,-29.5525,0.));
#252 = CIRCLE('',#253,1.000007788556);
#253 = AXIS2_PLACEMENT_3D('',#254,#255,#256);
#254 = CARTESIAN_POINT('',(55.742317788526,-29.55250778852,0.));
#255 = DIRECTION('',(0.,0.,-1.));
#256 = DIRECTION('',(-0.99999999997,7.788465177594E-06,0.));
#257 = ORIENTED_EDGE('',*,*,#258,.F.);
#258 = EDGE_CURVE('',#259,#250,#261,.T.);
#259 = VERTEX_POINT('',#260);
#260 = CARTESIAN_POINT('',(54.762993,-96.124288,0.));
#261 = LINE('',#262,#263);
#262 = CARTESIAN_POINT('',(54.762993,-96.124288,0.));
#263 = VECTOR('',#264,1.);
#264 = DIRECTION('',(-3.106871487629E-04,0.999999951737,0.));
#265 = ORIENTED_EDGE('',*,*,#266,.F.);
#266 = EDGE_CURVE('',#267,#259,#269,.T.);
#267 = VERTEX_POINT('',#268);
#268 = CARTESIAN_POINT('',(68.818254,-129.927535,0.));
#269 = LINE('',#270,#271);
#270 = CARTESIAN_POINT('',(68.818254,-129.927535,0.));
#271 = VECTOR('',#272,1.);
#272 = DIRECTION('',(-0.383930406545,0.923362032428,0.));
#273 = ORIENTED_EDGE('',*,*,#274,.F.);
#274 = EDGE_CURVE('',#275,#267,#277,.T.);
#275 = VERTEX_POINT('',#276);
#276 = CARTESIAN_POINT('',(70.107051,-130.521094,0.));
#277 = CIRCLE('',#278,1.038146222167);
#278 = AXIS2_PLACEMENT_3D('',#279,#280,#281);
#279 = CARTESIAN_POINT('',(69.779699301691,-129.5359095278,0.));
#280 = DIRECTION('',(0.,0.,-1.));
#281 = DIRECTION('',(0.315323305445,-0.948984306005,0.));
#282 = ORIENTED_EDGE('',*,*,#283,.F.);
#283 = EDGE_CURVE('',#284,#275,#286,.T.);
#284 = VERTEX_POINT('',#285);
#285 = CARTESIAN_POINT('',(86.795574,-123.621084,0.));
#286 = LINE('',#287,#288);
#287 = CARTESIAN_POINT('',(86.795574,-123.621084,0.));
#288 = VECTOR('',#289,1.);
#289 = DIRECTION('',(-0.924126073458,-0.382087686737,0.));
#290 = ORIENTED_EDGE('',*,*,#291,.F.);
#291 = EDGE_CURVE('',#292,#284,#294,.T.);
#292 = VERTEX_POINT('',#293);
#293 = CARTESIAN_POINT('',(104.23,-118.955,0.));
#294 = LINE('',#295,#296);
#295 = CARTESIAN_POINT('',(104.23,-118.955,0.));
#296 = VECTOR('',#297,1.);
#297 = DIRECTION('',(-0.966001366286,-0.258536961252,0.));
#298 = ORIENTED_EDGE('',*,*,#299,.F.);
#299 = EDGE_CURVE('',#300,#292,#302,.T.);
#300 = VERTEX_POINT('',#301);
#301 = CARTESIAN_POINT('',(104.957893,-117.719494,0.));
#302 = CIRCLE('',#303,0.970825209602);
#303 = AXIS2_PLACEMENT_3D('',#304,#305,#306);
#304 = CARTESIAN_POINT('',(104.02999849735,-118.0049994807,0.));
#305 = DIRECTION('',(0.,0.,-1.));
#306 = DIRECTION('',(0.955779159289,0.294085359493,0.));
#307 = ORIENTED_EDGE('',*,*,#308,.F.);
#308 = EDGE_CURVE('',#309,#300,#311,.T.);
#309 = VERTEX_POINT('',#310);
#310 = CARTESIAN_POINT('',(100.941101,-102.814139,0.));
#311 = LINE('',#312,#313);
#312 = CARTESIAN_POINT('',(100.941101,-102.814139,0.));
#313 = VECTOR('',#314,1.);
#314 = DIRECTION('',(0.260203702359,-0.965553744376,0.));
#315 = ORIENTED_EDGE('',*,*,#316,.F.);
#316 = EDGE_CURVE('',#317,#309,#319,.T.);
#317 = VERTEX_POINT('',#318);
#318 = CARTESIAN_POINT('',(102.41,-100.285002,0.));
#319 = CIRCLE('',#320,2.576602001247);
#320 = AXIS2_PLACEMENT_3D('',#321,#322,#323);
#321 = CARTESIAN_POINT('',(103.50999593766,-102.6149991695,0.));
#322 = DIRECTION('',(0.,0.,1.));
#323 = DIRECTION('',(-0.426917287625,0.904290677563,0.));
#324 = ORIENTED_EDGE('',*,*,#325,.F.);
#325 = EDGE_CURVE('',#326,#317,#328,.T.);
#326 = VERTEX_POINT('',#327);
#327 = CARTESIAN_POINT('',(150.495,-100.275,0.));
#328 = LINE('',#329,#330);
#329 = CARTESIAN_POINT('',(150.495,-100.275,0.));
#330 = VECTOR('',#331,1.);
#331 = DIRECTION('',(-0.999999978367,-2.080066503821E-04,0.));
#332 = ORIENTED_EDGE('',*,*,#333,.F.);
#333 = EDGE_CURVE('',#334,#326,#336,.T.);
#334 = VERTEX_POINT('',#335);
#335 = CARTESIAN_POINT('',(151.495,-101.275,0.));
#336 = CIRCLE('',#337,0.999999252925);
#337 = AXIS2_PLACEMENT_3D('',#338,#339,#340);
#338 = CARTESIAN_POINT('',(150.49500074707,-101.2749992529,0.));
#339 = DIRECTION('',(0.,0.,1.));
#340 = DIRECTION('',(1.,-7.470757633756E-07,0.));
#341 = ORIENTED_EDGE('',*,*,#342,.F.);
#342 = EDGE_CURVE('',#343,#334,#345,.T.);
#343 = VERTEX_POINT('',#344);
#344 = CARTESIAN_POINT('',(151.495,-103.775,0.));
#345 = LINE('',#346,#347);
#346 = CARTESIAN_POINT('',(151.495,-103.775,0.));
#347 = VECTOR('',#348,1.);
#348 = DIRECTION('',(0.,1.,0.));
#349 = ORIENTED_EDGE('',*,*,#350,.F.);
#350 = EDGE_CURVE('',#351,#343,#353,.T.);
#351 = VERTEX_POINT('',#352);
#352 = CARTESIAN_POINT('',(152.495,-104.775,0.));
#353 = CIRCLE('',#354,0.999999252925);
#354 = AXIS2_PLACEMENT_3D('',#355,#356,#357);
#355 = CARTESIAN_POINT('',(152.49499925292,-103.775000747,0.));
#356 = DIRECTION('',(0.,0.,-1.));
#357 = DIRECTION('',(7.470757349539E-07,-1.,0.));
#358 = ORIENTED_EDGE('',*,*,#359,.F.);
#359 = EDGE_CURVE('',#360,#351,#362,.T.);
#360 = VERTEX_POINT('',#361);
#361 = CARTESIAN_POINT('',(156.9965,-104.775,0.));
#362 = LINE('',#363,#364);
#363 = CARTESIAN_POINT('',(156.9965,-104.775,0.));
#364 = VECTOR('',#365,1.);
#365 = DIRECTION('',(-1.,0.,0.));
#366 = ORIENTED_EDGE('',*,*,#367,.F.);
#367 = EDGE_CURVE('',#368,#360,#370,.T.);
#368 = VERTEX_POINT('',#369);
#369 = CARTESIAN_POINT('',(157.9965,-105.775,0.));
#370 = CIRCLE('',#371,0.999999252925);
#371 = AXIS2_PLACEMENT_3D('',#372,#373,#374);
#372 = CARTESIAN_POINT('',(156.99650074707,-105.7749992529,0.));
#373 = DIRECTION('',(0.,0.,1.));
#374 = DIRECTION('',(1.,-7.470757633756E-07,0.));
#375 = ORIENTED_EDGE('',*,*,#376,.F.);
#376 = EDGE_CURVE('',#377,#368,#379,.T.);
#377 = VERTEX_POINT('',#378);
#378 = CARTESIAN_POINT('',(158.058367,-131.315,0.));
#379 = LINE('',#380,#381);
#380 = CARTESIAN_POINT('',(158.058367,-131.315,0.));
#381 = VECTOR('',#382,1.);
#382 = DIRECTION('',(-2.422349979984E-03,0.999997066106,0.));
#383 = ORIENTED_EDGE('',*,*,#384,.F.);
#384 = EDGE_CURVE('',#385,#377,#387,.T.);
#385 = VERTEX_POINT('',#386);
#386 = CARTESIAN_POINT('',(159.058367,-132.315,0.));
#387 = CIRCLE('',#388,0.999999252925);
#388 = AXIS2_PLACEMENT_3D('',#389,#390,#391);
#389 = CARTESIAN_POINT('',(159.05836625292,-131.315000747,0.));
#390 = DIRECTION('',(0.,0.,-1.));
#391 = DIRECTION('',(7.470757633756E-07,-1.,0.));
#392 = ORIENTED_EDGE('',*,*,#393,.F.);
#393 = EDGE_CURVE('',#394,#385,#396,.T.);
#394 = VERTEX_POINT('',#395);
#395 = CARTESIAN_POINT('',(165.931632,-132.315,0.));
#396 = LINE('',#397,#398);
#397 = CARTESIAN_POINT('',(165.931632,-132.315,0.));
#398 = VECTOR('',#399,1.);
#399 = DIRECTION('',(-1.,0.,0.));
#400 = ORIENTED_EDGE('',*,*,#401,.F.);
#401 = EDGE_CURVE('',#402,#394,#404,.T.);
#402 = VERTEX_POINT('',#403);
#403 = CARTESIAN_POINT('',(180.06647,-104.779824,0.));
#404 = LINE('',#405,#406);
#405 = CARTESIAN_POINT('',(180.06647,-104.779824,0.));
#406 = VECTOR('',#407,1.);
#407 = DIRECTION('',(-0.456680758159,-0.88963064534,0.));
#408 = ORIENTED_EDGE('',*,*,#409,.F.);
#409 = EDGE_CURVE('',#410,#402,#412,.T.);
#410 = VERTEX_POINT('',#411);
#411 = CARTESIAN_POINT('',(188.595,-104.775,0.));
#412 = LINE('',#413,#414);
#413 = CARTESIAN_POINT('',(188.595,-104.775,0.));
#414 = VECTOR('',#415,1.);
#415 = DIRECTION('',(-0.999999840031,-5.656307978407E-04,0.));
#416 = ORIENTED_EDGE('',*,*,#417,.F.);
#417 = EDGE_CURVE('',#418,#410,#420,.T.);
#418 = VERTEX_POINT('',#419);
#419 = CARTESIAN_POINT('',(189.595,-103.775,0.));
#420 = CIRCLE('',#421,0.999999252925);
#421 = AXIS2_PLACEMENT_3D('',#422,#423,#424);
#422 = CARTESIAN_POINT('',(188.59500074707,-103.775000747,0.));
#423 = DIRECTION('',(0.,0.,-1.));
#424 = DIRECTION('',(1.,7.470757491648E-07,0.));
#425 = ORIENTED_EDGE('',*,*,#426,.F.);
#426 = EDGE_CURVE('',#427,#418,#429,.T.);
#427 = VERTEX_POINT('',#428);
#428 = CARTESIAN_POINT('',(189.595,-29.575,0.));
#429 = LINE('',#430,#431);
#430 = CARTESIAN_POINT('',(189.595,-29.575,0.));
#431 = VECTOR('',#432,1.);
#432 = DIRECTION('',(0.,-1.,0.));
#433 = ORIENTED_EDGE('',*,*,#434,.F.);
#434 = EDGE_CURVE('',#435,#427,#437,.T.);
#435 = VERTEX_POINT('',#436);
#436 = CARTESIAN_POINT('',(188.595,-28.575,0.));
#437 = CIRCLE('',#438,0.999999252925);
#438 = AXIS2_PLACEMENT_3D('',#439,#440,#441);
#439 = CARTESIAN_POINT('',(188.59500074707,-29.57499925292,0.));
#440 = DIRECTION('',(0.,0.,-1.));
#441 = DIRECTION('',(-7.470757633756E-07,1.,0.));
#442 = ORIENTED_EDGE('',*,*,#443,.F.);
#443 = EDGE_CURVE('',#444,#435,#446,.T.);
#444 = VERTEX_POINT('',#445);
#445 = CARTESIAN_POINT('',(152.495,-28.575,0.));
#446 = LINE('',#447,#448);
#447 = CARTESIAN_POINT('',(152.495,-28.575,0.));
#448 = VECTOR('',#449,1.);
#449 = DIRECTION('',(1.,0.,0.));
#450 = ORIENTED_EDGE('',*,*,#451,.F.);
#451 = EDGE_CURVE('',#452,#444,#454,.T.);
#452 = VERTEX_POINT('',#453);
#453 = CARTESIAN_POINT('',(151.495,-27.575,0.));
#454 = CIRCLE('',#455,0.999999252925);
#455 = AXIS2_PLACEMENT_3D('',#456,#457,#458);
#456 = CARTESIAN_POINT('',(152.49499925292,-27.57500074707,0.));
#457 = DIRECTION('',(0.,0.,1.));
#458 = DIRECTION('',(-1.,7.470757562702E-07,0.));
#459 = ORIENTED_EDGE('',*,*,#460,.F.);
#460 = EDGE_CURVE('',#461,#452,#463,.T.);
#461 = VERTEX_POINT('',#462);
#462 = CARTESIAN_POINT('',(151.495,-21.955,0.));
#463 = LINE('',#464,#465);
#464 = CARTESIAN_POINT('',(151.495,-21.955,0.));
#465 = VECTOR('',#466,1.);
#466 = DIRECTION('',(0.,-1.,0.));
#467 = ORIENTED_EDGE('',*,*,#468,.F.);
#468 = EDGE_CURVE('',#469,#461,#471,.T.);
#469 = VERTEX_POINT('',#470);
#470 = CARTESIAN_POINT('',(150.495,-20.955,0.));
#471 = CIRCLE('',#472,0.999999252925);
#472 = AXIS2_PLACEMENT_3D('',#473,#474,#475);
#473 = CARTESIAN_POINT('',(150.49500074707,-21.95499925292,0.));
#474 = DIRECTION('',(0.,0.,-1.));
#475 = DIRECTION('',(-7.470757633756E-07,1.,0.));
#476 = ORIENTED_EDGE('',*,*,#477,.F.);
#477 = EDGE_CURVE('',#123,#469,#478,.T.);
#478 = LINE('',#479,#480);
#479 = CARTESIAN_POINT('',(133.445,-20.955001,0.));
#480 = VECTOR('',#481,1.);
#481 = DIRECTION('',(1.,5.865102645325E-08,0.));
#482 = ORIENTED_EDGE('',*,*,#130,.F.);
#483 = FACE_BOUND('',#484,.F.);
#484 = EDGE_LOOP('',(#485));
#485 = ORIENTED_EDGE('',*,*,#486,.T.);
#486 = EDGE_CURVE('',#487,#487,#489,.T.);
#487 = VERTEX_POINT('',#488);
#488 = CARTESIAN_POINT('',(71.146699,-125.298882,0.));
#489 = CIRCLE('',#490,1.5);
#490 = AXIS2_PLACEMENT_3D('',#491,#492,#493);
#491 = CARTESIAN_POINT('',(71.146699,-123.798882,0.));
#492 = DIRECTION('',(-0.,0.,-1.));
#493 = DIRECTION('',(-0.,-1.,0.));
#494 = FACE_BOUND('',#495,.F.);
#495 = EDGE_LOOP('',(#496,#507,#516));
#496 = ORIENTED_EDGE('',*,*,#497,.T.);
#497 = EDGE_CURVE('',#498,#500,#502,.T.);
#498 = VERTEX_POINT('',#499);
#499 = CARTESIAN_POINT('',(69.268831,-121.52187,0.));
#500 = VERTEX_POINT('',#501);
#501 = CARTESIAN_POINT('',(69.108289511219,-119.6355332921,0.));
#502 = CIRCLE('',#503,0.95);
#503 = AXIS2_PLACEMENT_3D('',#504,#505,#506);
#504 = CARTESIAN_POINT('',(69.268831,-120.57187,0.));
#505 = DIRECTION('',(-0.,0.,-1.));
#506 = DIRECTION('',(-0.,-1.,0.));
#507 = ORIENTED_EDGE('',*,*,#508,.T.);
#508 = EDGE_CURVE('',#500,#509,#511,.T.);
#509 = VERTEX_POINT('',#510);
#510 = CARTESIAN_POINT('',(69.817401488781,-121.3474797078,0.));
#511 = CIRCLE('',#512,0.95);
#512 = AXIS2_PLACEMENT_3D('',#513,#514,#515);
#513 = CARTESIAN_POINT('',(69.65686,-120.411143,0.));
#514 = DIRECTION('',(-0.,0.,-1.));
#515 = DIRECTION('',(-0.,-1.,0.));
#516 = ORIENTED_EDGE('',*,*,#517,.T.);
#517 = EDGE_CURVE('',#509,#498,#518,.T.);
#518 = CIRCLE('',#519,0.95);
#519 = AXIS2_PLACEMENT_3D('',#520,#521,#522);
#520 = CARTESIAN_POINT('',(69.268831,-120.57187,0.));
#521 = DIRECTION('',(-0.,0.,-1.));
#522 = DIRECTION('',(-0.,-1.,0.));
#523 = FACE_BOUND('',#524,.F.);
#524 = EDGE_LOOP('',(#525));
#525 = ORIENTED_EDGE('',*,*,#526,.T.);
#526 = EDGE_CURVE('',#527,#527,#529,.T.);
#527 = VERTEX_POINT('',#528);
#528 = CARTESIAN_POINT('',(69.858171,-119.078481,0.));
#529 = CIRCLE('',#530,1.5);
#530 = AXIS2_PLACEMENT_3D('',#531,#532,#533);
#531 = CARTESIAN_POINT('',(69.858171,-117.578481,0.));
#532 = DIRECTION('',(-0.,0.,-1.));
#533 = DIRECTION('',(-0.,-1.,0.));
#534 = FACE_BOUND('',#535,.F.);
#535 = EDGE_LOOP('',(#536));
#536 = ORIENTED_EDGE('',*,*,#537,.T.);
#537 = EDGE_CURVE('',#538,#538,#540,.T.);
#538 = VERTEX_POINT('',#539);
#539 = CARTESIAN_POINT('',(76.608,-125.418,0.));
#540 = CIRCLE('',#541,1.5);
#541 = AXIS2_PLACEMENT_3D('',#542,#543,#544);
#542 = CARTESIAN_POINT('',(76.608,-123.918,0.));
#543 = DIRECTION('',(-0.,0.,-1.));
#544 = DIRECTION('',(-0.,-1.,0.));
#545 = FACE_BOUND('',#546,.F.);
#546 = EDGE_LOOP('',(#547));
#547 = ORIENTED_EDGE('',*,*,#548,.T.);
#548 = EDGE_CURVE('',#549,#549,#551,.T.);
#549 = VERTEX_POINT('',#550);
#550 = CARTESIAN_POINT('',(74.350168,-120.517111,0.));
#551 = CIRCLE('',#552,2.05);
#552 = AXIS2_PLACEMENT_3D('',#553,#554,#555);
#553 = CARTESIAN_POINT('',(74.350168,-118.467111,0.));
#554 = DIRECTION('',(-0.,0.,-1.));
#555 = DIRECTION('',(-0.,-1.,0.));
#556 = FACE_BOUND('',#557,.F.);
#557 = EDGE_LOOP('',(#558,#569,#578));
#558 = ORIENTED_EDGE('',*,*,#559,.T.);
#559 = EDGE_CURVE('',#560,#562,#564,.T.);
#560 = VERTEX_POINT('',#561);
#561 = CARTESIAN_POINT('',(79.043476,-117.473079,0.));
#562 = VERTEX_POINT('',#563);
#563 = CARTESIAN_POINT('',(78.882934511219,-115.5867422921,0.));
#564 = CIRCLE('',#565,0.95);
#565 = AXIS2_PLACEMENT_3D('',#566,#567,#568);
#566 = CARTESIAN_POINT('',(79.043476,-116.523079,0.));
#567 = DIRECTION('',(-0.,0.,-1.));
#568 = DIRECTION('',(-0.,-1.,0.));
#569 = ORIENTED_EDGE('',*,*,#570,.T.);
#570 = EDGE_CURVE('',#562,#571,#573,.T.);
#571 = VERTEX_POINT('',#572);
#572 = CARTESIAN_POINT('',(79.592046488781,-117.2986887078,0.));
#573 = CIRCLE('',#574,0.95);
#574 = AXIS2_PLACEMENT_3D('',#575,#576,#577);
#575 = CARTESIAN_POINT('',(79.431505,-116.362352,0.));
#576 = DIRECTION('',(-0.,0.,-1.));
#577 = DIRECTION('',(-0.,-1.,0.));
#578 = ORIENTED_EDGE('',*,*,#579,.T.);
#579 = EDGE_CURVE('',#571,#560,#580,.T.);
#580 = CIRCLE('',#581,0.95);
#581 = AXIS2_PLACEMENT_3D('',#582,#583,#584);
#582 = CARTESIAN_POINT('',(79.043476,-116.523079,0.));
#583 = DIRECTION('',(-0.,0.,-1.));
#584 = DIRECTION('',(-0.,-1.,0.));
#585 = FACE_BOUND('',#586,.F.);
#586 = EDGE_LOOP('',(#587));
#587 = ORIENTED_EDGE('',*,*,#588,.T.);
#588 = EDGE_CURVE('',#589,#589,#591,.T.);
#589 = VERTEX_POINT('',#590);
#590 = CARTESIAN_POINT('',(74.75279,-114.301787,0.));
#591 = CIRCLE('',#592,1.5);
#592 = AXIS2_PLACEMENT_3D('',#593,#594,#595);
#593 = CARTESIAN_POINT('',(74.75279,-112.801787,0.));
#594 = DIRECTION('',(-0.,0.,-1.));
#595 = DIRECTION('',(-0.,-1.,0.));
#596 = FACE_BOUND('',#597,.F.);
#597 = EDGE_LOOP('',(#598,#609,#618));
#598 = ORIENTED_EDGE('',*,*,#599,.T.);
#599 = EDGE_CURVE('',#600,#602,#604,.T.);
#600 = VERTEX_POINT('',#601);
#601 = CARTESIAN_POINT('',(88.217408,-114.330005,0.));
#602 = VERTEX_POINT('',#603);
#603 = CARTESIAN_POINT('',(88.180457055504,-112.430723889,0.));
#604 = CIRCLE('',#605,0.95);
#605 = AXIS2_PLACEMENT_3D('',#606,#607,#608);
#606 = CARTESIAN_POINT('',(88.217408,-113.380005,0.));
#607 = DIRECTION('',(-0.,0.,-1.));
#608 = DIRECTION('',(-0.,-1.,0.));
#609 = ORIENTED_EDGE('',*,*,#610,.T.);
#610 = EDGE_CURVE('',#602,#611,#613,.T.);
#611 = VERTEX_POINT('',#612);
#612 = CARTESIAN_POINT('',(88.660047944496,-114.220582111,0.));
#613 = CIRCLE('',#614,0.95);
#614 = AXIS2_PLACEMENT_3D('',#615,#616,#617);
#615 = CARTESIAN_POINT('',(88.623097,-113.271301,0.));
#616 = DIRECTION('',(-0.,0.,-1.));
#617 = DIRECTION('',(-0.,-1.,0.));
#618 = ORIENTED_EDGE('',*,*,#619,.T.);
#619 = EDGE_CURVE('',#611,#600,#620,.T.);
#620 = CIRCLE('',#621,0.95);
#621 = AXIS2_PLACEMENT_3D('',#622,#623,#624);
#622 = CARTESIAN_POINT('',(88.217408,-113.380005,0.));
#623 = DIRECTION('',(-0.,0.,-1.));
#624 = DIRECTION('',(-0.,-1.,0.));
#625 = FACE_BOUND('',#626,.F.);
#626 = EDGE_LOOP('',(#627));
#627 = ORIENTED_EDGE('',*,*,#628,.T.);
#628 = EDGE_CURVE('',#629,#629,#631,.T.);
#629 = VERTEX_POINT('',#630);
#630 = CARTESIAN_POINT('',(89.192422,-111.989149,0.));
#631 = CIRCLE('',#632,1.5);
#632 = AXIS2_PLACEMENT_3D('',#633,#634,#635);
#633 = CARTESIAN_POINT('',(89.192422,-110.489149,0.));
#634 = DIRECTION('',(-0.,0.,-1.));
#635 = DIRECTION('',(-0.,-1.,0.));
#636 = FACE_BOUND('',#637,.F.);
#637 = EDGE_LOOP('',(#638));
#638 = ORIENTED_EDGE('',*,*,#639,.T.);
#639 = EDGE_CURVE('',#640,#640,#642,.T.);
#640 = VERTEX_POINT('',#641);
#641 = CARTESIAN_POINT('',(95.057032,-119.155462,0.));
#642 = CIRCLE('',#643,1.5);
#643 = AXIS2_PLACEMENT_3D('',#644,#645,#646);
#644 = CARTESIAN_POINT('',(95.057032,-117.655462,0.));
#645 = DIRECTION('',(-0.,0.,-1.));
#646 = DIRECTION('',(-0.,-1.,0.));
#647 = FACE_BOUND('',#648,.F.);
#648 = EDGE_LOOP('',(#649));
#649 = ORIENTED_EDGE('',*,*,#650,.T.);
#650 = EDGE_CURVE('',#651,#651,#653,.T.);
#651 = VERTEX_POINT('',#652);
#652 = CARTESIAN_POINT('',(89.658001,-118.324521,0.));
#653 = CIRCLE('',#654,1.5);
#654 = AXIS2_PLACEMENT_3D('',#655,#656,#657);
#655 = CARTESIAN_POINT('',(89.658001,-116.824521,0.));
#656 = DIRECTION('',(-0.,0.,-1.));
#657 = DIRECTION('',(-0.,-1.,0.));
#658 = FACE_BOUND('',#659,.F.);
#659 = EDGE_LOOP('',(#660));
#660 = ORIENTED_EDGE('',*,*,#661,.T.);
#661 = EDGE_CURVE('',#662,#662,#664,.T.);
#662 = VERTEX_POINT('',#663);
#663 = CARTESIAN_POINT('',(93.53,-114.0065,0.));
#664 = CIRCLE('',#665,2.05);
#665 = AXIS2_PLACEMENT_3D('',#666,#667,#668);
#666 = CARTESIAN_POINT('',(93.53,-111.9565,0.));
#667 = DIRECTION('',(-0.,0.,-1.));
#668 = DIRECTION('',(-0.,-1.,0.));
#669 = FACE_BOUND('',#670,.F.);
#670 = EDGE_LOOP('',(#671,#682,#691));
#671 = ORIENTED_EDGE('',*,*,#672,.T.);
#672 = EDGE_CURVE('',#673,#675,#677,.T.);
#673 = VERTEX_POINT('',#674);
#674 = CARTESIAN_POINT('',(98.436903,-111.591699,0.));
#675 = VERTEX_POINT('',#676);
#676 = CARTESIAN_POINT('',(98.399952055504,-109.692417889,0.));
#677 = CIRCLE('',#678,0.95);
#678 = AXIS2_PLACEMENT_3D('',#679,#680,#681);
#679 = CARTESIAN_POINT('',(98.436903,-110.641699,0.));
#680 = DIRECTION('',(-0.,0.,-1.));
#681 = DIRECTION('',(-0.,-1.,0.));
#682 = ORIENTED_EDGE('',*,*,#683,.T.);
#683 = EDGE_CURVE('',#675,#684,#686,.T.);
#684 = VERTEX_POINT('',#685);
#685 = CARTESIAN_POINT('',(98.879542944496,-111.482276111,0.));
#686 = CIRCLE('',#687,0.95);
#687 = AXIS2_PLACEMENT_3D('',#688,#689,#690);
#688 = CARTESIAN_POINT('',(98.842592,-110.532995,0.));
#689 = DIRECTION('',(-0.,0.,-1.));
#690 = DIRECTION('',(-0.,-1.,0.));
#691 = ORIENTED_EDGE('',*,*,#692,.T.);
#692 = EDGE_CURVE('',#684,#673,#693,.T.);
#693 = CIRCLE('',#694,0.95);
#694 = AXIS2_PLACEMENT_3D('',#695,#696,#697);
#695 = CARTESIAN_POINT('',(98.436903,-110.641699,0.));
#696 = DIRECTION('',(-0.,0.,-1.));
#697 = DIRECTION('',(-0.,-1.,0.));
#698 = FACE_BOUND('',#699,.F.);
#699 = EDGE_LOOP('',(#700));
#700 = ORIENTED_EDGE('',*,*,#701,.T.);
#701 = EDGE_CURVE('',#702,#702,#704,.T.);
#702 = VERTEX_POINT('',#703);
#703 = CARTESIAN_POINT('',(94.668651,-107.892196,0.));
#704 = CIRCLE('',#705,1.5);
#705 = AXIS2_PLACEMENT_3D('',#706,#707,#708);
#706 = CARTESIAN_POINT('',(94.668651,-106.392196,0.));
#707 = DIRECTION('',(-0.,0.,-1.));
#708 = DIRECTION('',(-0.,-1.,0.));
#709 = FACE_BOUND('',#710,.F.);
#710 = EDGE_LOOP('',(#711));
#711 = ORIENTED_EDGE('',*,*,#712,.T.);
#712 = EDGE_CURVE('',#713,#713,#715,.T.);
#713 = VERTEX_POINT('',#714);
#714 = CARTESIAN_POINT('',(60.77,-93.7825,0.));
#715 = CIRCLE('',#716,1.5);
#716 = AXIS2_PLACEMENT_3D('',#717,#718,#719);
#717 = CARTESIAN_POINT('',(60.77,-92.2825,0.));
#718 = DIRECTION('',(-0.,0.,-1.));
#719 = DIRECTION('',(-0.,-1.,0.));
#720 = FACE_BOUND('',#721,.F.);
#721 = EDGE_LOOP('',(#722));
#722 = ORIENTED_EDGE('',*,*,#723,.T.);
#723 = EDGE_CURVE('',#724,#724,#726,.T.);
#724 = VERTEX_POINT('',#725);
#725 = CARTESIAN_POINT('',(65.77,-95.9825,0.));
#726 = CIRCLE('',#727,1.5);
#727 = AXIS2_PLACEMENT_3D('',#728,#729,#730);
#728 = CARTESIAN_POINT('',(65.77,-94.4825,0.));
#729 = DIRECTION('',(-0.,0.,-1.));
#730 = DIRECTION('',(-0.,-1.,0.));
#731 = FACE_BOUND('',#732,.F.);
#732 = EDGE_LOOP('',(#733));
#733 = ORIENTED_EDGE('',*,*,#734,.T.);
#734 = EDGE_CURVE('',#735,#735,#737,.T.);
#735 = VERTEX_POINT('',#736);
#736 = CARTESIAN_POINT('',(84.82,-99.7925,0.));
#737 = CIRCLE('',#738,1.5);
#738 = AXIS2_PLACEMENT_3D('',#739,#740,#741);
#739 = CARTESIAN_POINT('',(84.82,-98.2925,0.));
#740 = DIRECTION('',(-0.,0.,-1.));
#741 = DIRECTION('',(-0.,-1.,0.));
#742 = FACE_BOUND('',#743,.F.);
#743 = EDGE_LOOP('',(#744));
#744 = ORIENTED_EDGE('',*,*,#745,.T.);
#745 = EDGE_CURVE('',#746,#746,#748,.T.);
#746 = VERTEX_POINT('',#747);
#747 = CARTESIAN_POINT('',(79.82,-97.5925,0.));
#748 = CIRCLE('',#749,1.5);
#749 = AXIS2_PLACEMENT_3D('',#750,#751,#752);
#750 = CARTESIAN_POINT('',(79.82,-96.0925,0.));
#751 = DIRECTION('',(-0.,0.,-1.));
#752 = DIRECTION('',(-0.,-1.,0.));
#753 = FACE_BOUND('',#754,.F.);
#754 = EDGE_LOOP('',(#755,#766,#775,#784));
#755 = ORIENTED_EDGE('',*,*,#756,.T.);
#756 = EDGE_CURVE('',#757,#759,#761,.T.);
#757 = VERTEX_POINT('',#758);
#758 = CARTESIAN_POINT('',(79.53,-91.46600121424,0.));
#759 = VERTEX_POINT('',#760);
#760 = CARTESIAN_POINT('',(79.74,-93.3425,0.));
#761 = CIRCLE('',#762,0.95);
#762 = AXIS2_PLACEMENT_3D('',#763,#764,#765);
#763 = CARTESIAN_POINT('',(79.74,-92.3925,0.));
#764 = DIRECTION('',(-0.,0.,-1.));
#765 = DIRECTION('',(-1.495879443705E-14,-1.,0.));
#766 = ORIENTED_EDGE('',*,*,#767,.T.);
#767 = EDGE_CURVE('',#759,#768,#770,.T.);
#768 = VERTEX_POINT('',#769);
#769 = CARTESIAN_POINT('',(79.53,-93.31899878575,0.));
#770 = CIRCLE('',#771,0.95);
#771 = AXIS2_PLACEMENT_3D('',#772,#773,#774);
#772 = CARTESIAN_POINT('',(79.74,-92.3925,0.));
#773 = DIRECTION('',(-0.,0.,-1.));
#774 = DIRECTION('',(-1.495879443705E-14,-1.,0.));
#775 = ORIENTED_EDGE('',*,*,#776,.T.);
#776 = EDGE_CURVE('',#768,#777,#779,.T.);
#777 = VERTEX_POINT('',#778);
#778 = CARTESIAN_POINT('',(79.32,-93.3425,0.));
#779 = CIRCLE('',#780,0.95);
#780 = AXIS2_PLACEMENT_3D('',#781,#782,#783);
#781 = CARTESIAN_POINT('',(79.32,-92.3925,0.));
#782 = DIRECTION('',(-0.,0.,-1.));
#783 = DIRECTION('',(-0.,-1.,0.));
#784 = ORIENTED_EDGE('',*,*,#785,.T.);
#785 = EDGE_CURVE('',#777,#757,#786,.T.);
#786 = CIRCLE('',#787,0.95);
#787 = AXIS2_PLACEMENT_3D('',#788,#789,#790);
#788 = CARTESIAN_POINT('',(79.32,-92.3925,0.));
#789 = DIRECTION('',(-0.,0.,-1.));
#790 = DIRECTION('',(-0.,-1.,0.));
#791 = FACE_BOUND('',#792,.F.);
#792 = EDGE_LOOP('',(#793));
#793 = ORIENTED_EDGE('',*,*,#794,.T.);
#794 = EDGE_CURVE('',#795,#795,#797,.T.);
#795 = VERTEX_POINT('',#796);
#796 = CARTESIAN_POINT('',(81.01,-91.3525,0.));
#797 = CIRCLE('',#798,1.5);
#798 = AXIS2_PLACEMENT_3D('',#799,#800,#801);
#799 = CARTESIAN_POINT('',(81.01,-89.8525,0.));
#800 = DIRECTION('',(-0.,0.,-1.));
#801 = DIRECTION('',(-0.,-1.,0.));
#802 = FACE_BOUND('',#803,.F.);
#803 = EDGE_LOOP('',(#804));
#804 = ORIENTED_EDGE('',*,*,#805,.T.);
#805 = EDGE_CURVE('',#806,#806,#808,.T.);
#806 = VERTEX_POINT('',#807);
#807 = CARTESIAN_POINT('',(84.82,-94.4425,0.));
#808 = CIRCLE('',#809,2.05);
#809 = AXIS2_PLACEMENT_3D('',#810,#811,#812);
#810 = CARTESIAN_POINT('',(84.82,-92.3925,0.));
#811 = DIRECTION('',(-0.,0.,-1.));
#812 = DIRECTION('',(-0.,-1.,0.));
#813 = FACE_BOUND('',#814,.F.);
#814 = EDGE_LOOP('',(#815,#826,#835,#844));
#815 = ORIENTED_EDGE('',*,*,#816,.T.);
#816 = EDGE_CURVE('',#817,#819,#821,.T.);
#817 = VERTEX_POINT('',#818);
#818 = CARTESIAN_POINT('',(60.48,-87.65600121424,0.));
#819 = VERTEX_POINT('',#820);
#820 = CARTESIAN_POINT('',(60.69,-89.5325,0.));
#821 = CIRCLE('',#822,0.95);
#822 = AXIS2_PLACEMENT_3D('',#823,#824,#825);
#823 = CARTESIAN_POINT('',(60.69,-88.5825,0.));
#824 = DIRECTION('',(-0.,0.,-1.));
#825 = DIRECTION('',(-0.,-1.,0.));
#826 = ORIENTED_EDGE('',*,*,#827,.T.);
#827 = EDGE_CURVE('',#819,#828,#830,.T.);
#828 = VERTEX_POINT('',#829);
#829 = CARTESIAN_POINT('',(60.48,-89.50899878575,0.));
#830 = CIRCLE('',#831,0.95);
#831 = AXIS2_PLACEMENT_3D('',#832,#833,#834);
#832 = CARTESIAN_POINT('',(60.69,-88.5825,0.));
#833 = DIRECTION('',(-0.,0.,-1.));
#834 = DIRECTION('',(-0.,-1.,0.));
#835 = ORIENTED_EDGE('',*,*,#836,.T.);
#836 = EDGE_CURVE('',#828,#837,#839,.T.);
#837 = VERTEX_POINT('',#838);
#838 = CARTESIAN_POINT('',(60.27,-89.5325,0.));
#839 = CIRCLE('',#840,0.95);
#840 = AXIS2_PLACEMENT_3D('',#841,#842,#843);
#841 = CARTESIAN_POINT('',(60.27,-88.5825,0.));
#842 = DIRECTION('',(-0.,0.,-1.));
#843 = DIRECTION('',(7.479397218527E-15,-1.,-0.));
#844 = ORIENTED_EDGE('',*,*,#845,.T.);
#845 = EDGE_CURVE('',#837,#817,#846,.T.);
#846 = CIRCLE('',#847,0.95);
#847 = AXIS2_PLACEMENT_3D('',#848,#849,#850);
#848 = CARTESIAN_POINT('',(60.27,-88.5825,0.));
#849 = DIRECTION('',(-0.,0.,-1.));
#850 = DIRECTION('',(7.479397218527E-15,-1.,-0.));
#851 = FACE_BOUND('',#852,.F.);
#852 = EDGE_LOOP('',(#853));
#853 = ORIENTED_EDGE('',*,*,#854,.T.);
#854 = EDGE_CURVE('',#855,#855,#857,.T.);
#855 = VERTEX_POINT('',#856);
#856 = CARTESIAN_POINT('',(61.96,-87.5425,0.));
#857 = CIRCLE('',#858,1.5);
#858 = AXIS2_PLACEMENT_3D('',#859,#860,#861);
#859 = CARTESIAN_POINT('',(61.96,-86.0425,0.));
#860 = DIRECTION('',(-0.,0.,-1.));
#861 = DIRECTION('',(-0.,-1.,0.));
#862 = FACE_BOUND('',#863,.F.);
#863 = EDGE_LOOP('',(#864));
#864 = ORIENTED_EDGE('',*,*,#865,.T.);
#865 = EDGE_CURVE('',#866,#866,#868,.T.);
#866 = VERTEX_POINT('',#867);
#867 = CARTESIAN_POINT('',(65.77,-90.6325,0.));
#868 = CIRCLE('',#869,2.05);
#869 = AXIS2_PLACEMENT_3D('',#870,#871,#872);
#870 = CARTESIAN_POINT('',(65.77,-88.5825,0.));
#871 = DIRECTION('',(-0.,0.,-1.));
#872 = DIRECTION('',(-0.,-1.,0.));
#873 = FACE_BOUND('',#874,.F.);
#874 = EDGE_LOOP('',(#875,#886,#895,#904));
#875 = ORIENTED_EDGE('',*,*,#876,.T.);
#876 = EDGE_CURVE('',#877,#879,#881,.T.);
#877 = VERTEX_POINT('',#878);
#878 = CARTESIAN_POINT('',(71.06,-87.65600121424,0.));
#879 = VERTEX_POINT('',#880);
#880 = CARTESIAN_POINT('',(71.27,-89.5325,0.));
#881 = CIRCLE('',#882,0.95);
#882 = AXIS2_PLACEMENT_3D('',#883,#884,#885);
#883 = CARTESIAN_POINT('',(71.27,-88.5825,0.));
#884 = DIRECTION('',(-0.,0.,-1.));
#885 = DIRECTION('',(-0.,-1.,0.));
#886 = ORIENTED_EDGE('',*,*,#887,.T.);
#887 = EDGE_CURVE('',#879,#888,#890,.T.);
#888 = VERTEX_POINT('',#889);
#889 = CARTESIAN_POINT('',(71.06,-89.50899878575,0.));
#890 = CIRCLE('',#891,0.95);
#891 = AXIS2_PLACEMENT_3D('',#892,#893,#894);
#892 = CARTESIAN_POINT('',(71.27,-88.5825,0.));
#893 = DIRECTION('',(-0.,0.,-1.));
#894 = DIRECTION('',(-0.,-1.,0.));
#895 = ORIENTED_EDGE('',*,*,#896,.T.);
#896 = EDGE_CURVE('',#888,#897,#899,.T.);
#897 = VERTEX_POINT('',#898);
#898 = CARTESIAN_POINT('',(70.85,-89.5325,0.));
#899 = CIRCLE('',#900,0.95);
#900 = AXIS2_PLACEMENT_3D('',#901,#902,#903);
#901 = CARTESIAN_POINT('',(70.85,-88.5825,0.));
#902 = DIRECTION('',(-0.,0.,-1.));
#903 = DIRECTION('',(-0.,-1.,0.));
#904 = ORIENTED_EDGE('',*,*,#905,.T.);
#905 = EDGE_CURVE('',#897,#877,#906,.T.);
#906 = CIRCLE('',#907,0.95);
#907 = AXIS2_PLACEMENT_3D('',#908,#909,#910);
#908 = CARTESIAN_POINT('',(70.85,-88.5825,0.));
#909 = DIRECTION('',(-0.,0.,-1.));
#910 = DIRECTION('',(-0.,-1.,0.));
#911 = FACE_BOUND('',#912,.F.);
#912 = EDGE_LOOP('',(#913));
#913 = ORIENTED_EDGE('',*,*,#914,.T.);
#914 = EDGE_CURVE('',#915,#915,#917,.T.);
#915 = VERTEX_POINT('',#916);
#916 = CARTESIAN_POINT('',(68.31,-85.0025,0.));
#917 = CIRCLE('',#918,1.5);
#918 = AXIS2_PLACEMENT_3D('',#919,#920,#921);
#919 = CARTESIAN_POINT('',(68.31,-83.5025,0.));
#920 = DIRECTION('',(-0.,0.,-1.));
#921 = DIRECTION('',(-0.,-1.,0.));
#922 = FACE_BOUND('',#923,.F.);
#923 = EDGE_LOOP('',(#924));
#924 = ORIENTED_EDGE('',*,*,#925,.T.);
#925 = EDGE_CURVE('',#926,#926,#928,.T.);
#926 = VERTEX_POINT('',#927);
#927 = CARTESIAN_POINT('',(87.36,-88.8125,0.));
#928 = CIRCLE('',#929,1.5);
#929 = AXIS2_PLACEMENT_3D('',#930,#931,#932);
#930 = CARTESIAN_POINT('',(87.36,-87.3125,0.));
#931 = DIRECTION('',(-0.,0.,-1.));
#932 = DIRECTION('',(-0.,-1.,0.));
#933 = FACE_BOUND('',#934,.F.);
#934 = EDGE_LOOP('',(#935));
#935 = ORIENTED_EDGE('',*,*,#936,.T.);
#936 = EDGE_CURVE('',#937,#937,#939,.T.);
#937 = VERTEX_POINT('',#938);
#938 = CARTESIAN_POINT('',(79.82,-78.5425,0.));
#939 = CIRCLE('',#940,1.5);
#940 = AXIS2_PLACEMENT_3D('',#941,#942,#943);
#941 = CARTESIAN_POINT('',(79.82,-77.0425,0.));
#942 = DIRECTION('',(-0.,0.,-1.));
#943 = DIRECTION('',(-0.,-1.,0.));
#944 = FACE_BOUND('',#945,.F.);
#945 = EDGE_LOOP('',(#946));
#946 = ORIENTED_EDGE('',*,*,#947,.T.);
#947 = EDGE_CURVE('',#948,#948,#950,.T.);
#948 = VERTEX_POINT('',#949);
#949 = CARTESIAN_POINT('',(84.82,-80.7425,0.));
#950 = CIRCLE('',#951,1.5);
#951 = AXIS2_PLACEMENT_3D('',#952,#953,#954);
#952 = CARTESIAN_POINT('',(84.82,-79.2425,0.));
#953 = DIRECTION('',(-0.,0.,-1.));
#954 = DIRECTION('',(-0.,-1.,0.));
#955 = FACE_BOUND('',#956,.F.);
#956 = EDGE_LOOP('',(#957,#968,#977,#986));
#957 = ORIENTED_EDGE('',*,*,#958,.T.);
#958 = EDGE_CURVE('',#959,#961,#963,.T.);
#959 = VERTEX_POINT('',#960);
#960 = CARTESIAN_POINT('',(90.11,-91.46600121424,0.));
#961 = VERTEX_POINT('',#962);
#962 = CARTESIAN_POINT('',(90.32,-93.3425,0.));
#963 = CIRCLE('',#964,0.95);
#964 = AXIS2_PLACEMENT_3D('',#965,#966,#967);
#965 = CARTESIAN_POINT('',(90.32,-92.3925,0.));
#966 = DIRECTION('',(-0.,0.,-1.));
#967 = DIRECTION('',(-0.,-1.,0.));
#968 = ORIENTED_EDGE('',*,*,#969,.T.);
#969 = EDGE_CURVE('',#961,#970,#972,.T.);
#970 = VERTEX_POINT('',#971);
#971 = CARTESIAN_POINT('',(90.11,-93.31899878575,0.));
#972 = CIRCLE('',#973,0.95);
#973 = AXIS2_PLACEMENT_3D('',#974,#975,#976);
#974 = CARTESIAN_POINT('',(90.32,-92.3925,0.));
#975 = DIRECTION('',(-0.,0.,-1.));
#976 = DIRECTION('',(-0.,-1.,0.));
#977 = ORIENTED_EDGE('',*,*,#978,.T.);
#978 = EDGE_CURVE('',#970,#979,#981,.T.);
#979 = VERTEX_POINT('',#980);
#980 = CARTESIAN_POINT('',(89.9,-93.3425,0.));
#981 = CIRCLE('',#982,0.95);
#982 = AXIS2_PLACEMENT_3D('',#983,#984,#985);
#983 = CARTESIAN_POINT('',(89.9,-92.3925,0.));
#984 = DIRECTION('',(-0.,0.,-1.));
#985 = DIRECTION('',(-0.,-1.,0.));
#986 = ORIENTED_EDGE('',*,*,#987,.T.);
#987 = EDGE_CURVE('',#979,#959,#988,.T.);
#988 = CIRCLE('',#989,0.95);
#989 = AXIS2_PLACEMENT_3D('',#990,#991,#992);
#990 = CARTESIAN_POINT('',(89.9,-92.3925,0.));
#991 = DIRECTION('',(-0.,0.,-1.));
#992 = DIRECTION('',(-0.,-1.,0.));
#993 = FACE_BOUND('',#994,.F.);
#994 = EDGE_LOOP('',(#995));
#995 = ORIENTED_EDGE('',*,*,#996,.T.);
#996 = EDGE_CURVE('',#997,#997,#999,.T.);
#997 = VERTEX_POINT('',#998);
#998 = CARTESIAN_POINT('',(103.87,-95.9825,0.));
#999 = CIRCLE('',#1000,1.5);
#1000 = AXIS2_PLACEMENT_3D('',#1001,#1002,#1003);
#1001 = CARTESIAN_POINT('',(103.87,-94.4825,0.));
#1002 = DIRECTION('',(-0.,0.,-1.));
#1003 = DIRECTION('',(-0.,-1.,0.));
#1004 = FACE_BOUND('',#1005,.F.);
#1005 = EDGE_LOOP('',(#1006));
#1006 = ORIENTED_EDGE('',*,*,#1007,.T.);
#1007 = EDGE_CURVE('',#1008,#1008,#1010,.T.);
#1008 = VERTEX_POINT('',#1009);
#1009 = CARTESIAN_POINT('',(98.87,-93.7825,0.));
#1010 = CIRCLE('',#1011,1.5);
#1011 = AXIS2_PLACEMENT_3D('',#1012,#1013,#1014);
#1012 = CARTESIAN_POINT('',(98.87,-92.2825,0.));
#1013 = DIRECTION('',(-0.,0.,-1.));
#1014 = DIRECTION('',(-0.,-1.,0.));
#1015 = FACE_BOUND('',#1016,.F.);
#1016 = EDGE_LOOP('',(#1017,#1028,#1037,#1046));
#1017 = ORIENTED_EDGE('',*,*,#1018,.T.);
#1018 = EDGE_CURVE('',#1019,#1021,#1023,.T.);
#1019 = VERTEX_POINT('',#1020);
#1020 = CARTESIAN_POINT('',(98.58,-87.65600121424,0.));
#1021 = VERTEX_POINT('',#1022);
#1022 = CARTESIAN_POINT('',(98.79,-89.5325,0.));
#1023 = CIRCLE('',#1024,0.95);
#1024 = AXIS2_PLACEMENT_3D('',#1025,#1026,#1027);
#1025 = CARTESIAN_POINT('',(98.79,-88.5825,0.));
#1026 = DIRECTION('',(-0.,0.,-1.));
#1027 = DIRECTION('',(1.495879443705E-14,-1.,-0.));
#1028 = ORIENTED_EDGE('',*,*,#1029,.T.);
#1029 = EDGE_CURVE('',#1021,#1030,#1032,.T.);
#1030 = VERTEX_POINT('',#1031);
#1031 = CARTESIAN_POINT('',(98.58,-89.50899878575,0.));
#1032 = CIRCLE('',#1033,0.95);
#1033 = AXIS2_PLACEMENT_3D('',#1034,#1035,#1036);
#1034 = CARTESIAN_POINT('',(98.79,-88.5825,0.));
#1035 = DIRECTION('',(-0.,0.,-1.));
#1036 = DIRECTION('',(1.495879443705E-14,-1.,-0.));
#1037 = ORIENTED_EDGE('',*,*,#1038,.T.);
#1038 = EDGE_CURVE('',#1030,#1039,#1041,.T.);
#1039 = VERTEX_POINT('',#1040);
#1040 = CARTESIAN_POINT('',(98.37,-89.5325,0.));
#1041 = CIRCLE('',#1042,0.95);
#1042 = AXIS2_PLACEMENT_3D('',#1043,#1044,#1045);
#1043 = CARTESIAN_POINT('',(98.37,-88.5825,0.));
#1044 = DIRECTION('',(-0.,0.,-1.));
#1045 = DIRECTION('',(-0.,-1.,0.));
#1046 = ORIENTED_EDGE('',*,*,#1047,.T.);
#1047 = EDGE_CURVE('',#1039,#1019,#1048,.T.);
#1048 = CIRCLE('',#1049,0.95);
#1049 = AXIS2_PLACEMENT_3D('',#1050,#1051,#1052);
#1050 = CARTESIAN_POINT('',(98.37,-88.5825,0.));
#1051 = DIRECTION('',(-0.,0.,-1.));
#1052 = DIRECTION('',(-0.,-1.,0.));
#1053 = FACE_BOUND('',#1054,.F.);
#1054 = EDGE_LOOP('',(#1055));
#1055 = ORIENTED_EDGE('',*,*,#1056,.T.);
#1056 = EDGE_CURVE('',#1057,#1057,#1059,.T.);
#1057 = VERTEX_POINT('',#1058);
#1058 = CARTESIAN_POINT('',(103.87,-90.6325,0.));
#1059 = CIRCLE('',#1060,2.05);
#1060 = AXIS2_PLACEMENT_3D('',#1061,#1062,#1063);
#1061 = CARTESIAN_POINT('',(103.87,-88.5825,0.));
#1062 = DIRECTION('',(-0.,0.,-1.));
#1063 = DIRECTION('',(-0.,-1.,0.));
#1064 = FACE_BOUND('',#1065,.F.);
#1065 = EDGE_LOOP('',(#1066));
#1066 = ORIENTED_EDGE('',*,*,#1067,.T.);
#1067 = EDGE_CURVE('',#1068,#1068,#1070,.T.);
#1068 = VERTEX_POINT('',#1069);
#1069 = CARTESIAN_POINT('',(100.06,-87.5425,0.));
#1070 = CIRCLE('',#1071,1.5);
#1071 = AXIS2_PLACEMENT_3D('',#1072,#1073,#1074);
#1072 = CARTESIAN_POINT('',(100.06,-86.0425,0.));
#1073 = DIRECTION('',(-0.,0.,-1.));
#1074 = DIRECTION('',(-0.,-1.,0.));
#1075 = FACE_BOUND('',#1076,.F.);
#1076 = EDGE_LOOP('',(#1077,#1088,#1097,#1106));
#1077 = ORIENTED_EDGE('',*,*,#1078,.T.);
#1078 = EDGE_CURVE('',#1079,#1081,#1083,.T.);
#1079 = VERTEX_POINT('',#1080);
#1080 = CARTESIAN_POINT('',(109.16,-87.65600121424,0.));
#1081 = VERTEX_POINT('',#1082);
#1082 = CARTESIAN_POINT('',(109.37,-89.5325,0.));
#1083 = CIRCLE('',#1084,0.95);
#1084 = AXIS2_PLACEMENT_3D('',#1085,#1086,#1087);
#1085 = CARTESIAN_POINT('',(109.37,-88.5825,0.));
#1086 = DIRECTION('',(-0.,0.,-1.));
#1087 = DIRECTION('',(-0.,-1.,0.));
#1088 = ORIENTED_EDGE('',*,*,#1089,.T.);
#1089 = EDGE_CURVE('',#1081,#1090,#1092,.T.);
#1090 = VERTEX_POINT('',#1091);
#1091 = CARTESIAN_POINT('',(109.16,-89.50899878575,0.));
#1092 = CIRCLE('',#1093,0.95);
#1093 = AXIS2_PLACEMENT_3D('',#1094,#1095,#1096);
#1094 = CARTESIAN_POINT('',(109.37,-88.5825,0.));
#1095 = DIRECTION('',(-0.,0.,-1.));
#1096 = DIRECTION('',(-0.,-1.,0.));
#1097 = ORIENTED_EDGE('',*,*,#1098,.T.);
#1098 = EDGE_CURVE('',#1090,#1099,#1101,.T.);
#1099 = VERTEX_POINT('',#1100);
#1100 = CARTESIAN_POINT('',(108.95,-89.5325,0.));
#1101 = CIRCLE('',#1102,0.95);
#1102 = AXIS2_PLACEMENT_3D('',#1103,#1104,#1105);
#1103 = CARTESIAN_POINT('',(108.95,-88.5825,0.));
#1104 = DIRECTION('',(-0.,0.,-1.));
#1105 = DIRECTION('',(-0.,-1.,0.));
#1106 = ORIENTED_EDGE('',*,*,#1107,.T.);
#1107 = EDGE_CURVE('',#1099,#1079,#1108,.T.);
#1108 = CIRCLE('',#1109,0.95);
#1109 = AXIS2_PLACEMENT_3D('',#1110,#1111,#1112);
#1110 = CARTESIAN_POINT('',(108.95,-88.5825,0.));
#1111 = DIRECTION('',(-0.,0.,-1.));
#1112 = DIRECTION('',(-0.,-1.,0.));
#1113 = FACE_BOUND('',#1114,.F.);
#1114 = EDGE_LOOP('',(#1115));
#1115 = ORIENTED_EDGE('',*,*,#1116,.T.);
#1116 = EDGE_CURVE('',#1117,#1117,#1119,.T.);
#1117 = VERTEX_POINT('',#1118);
#1118 = CARTESIAN_POINT('',(106.41,-85.0025,0.));
#1119 = CIRCLE('',#1120,1.5);
#1120 = AXIS2_PLACEMENT_3D('',#1121,#1122,#1123);
#1121 = CARTESIAN_POINT('',(106.41,-83.5025,0.));
#1122 = DIRECTION('',(-0.,0.,-1.));
#1123 = DIRECTION('',(-0.,-1.,0.));
#1124 = FACE_BOUND('',#1125,.F.);
#1125 = EDGE_LOOP('',(#1126));
#1126 = ORIENTED_EDGE('',*,*,#1127,.T.);
#1127 = EDGE_CURVE('',#1128,#1128,#1130,.T.);
#1128 = VERTEX_POINT('',#1129);
#1129 = CARTESIAN_POINT('',(117.92,-90.925,0.));
#1130 = CIRCLE('',#1131,1.5);
#1131 = AXIS2_PLACEMENT_3D('',#1132,#1133,#1134);
#1132 = CARTESIAN_POINT('',(117.92,-89.425,0.));
#1133 = DIRECTION('',(-0.,0.,-1.));
#1134 = DIRECTION('',(-0.,-1.,0.));
#1135 = FACE_BOUND('',#1136,.F.);
#1136 = EDGE_LOOP('',(#1137,#1148,#1157,#1166));
#1137 = ORIENTED_EDGE('',*,*,#1138,.T.);
#1138 = EDGE_CURVE('',#1139,#1141,#1143,.T.);
#1139 = VERTEX_POINT('',#1140);
#1140 = CARTESIAN_POINT('',(117.63,-84.79850121424,0.));
#1141 = VERTEX_POINT('',#1142);
#1142 = CARTESIAN_POINT('',(117.84,-86.675,0.));
#1143 = CIRCLE('',#1144,0.95);
#1144 = AXIS2_PLACEMENT_3D('',#1145,#1146,#1147);
#1145 = CARTESIAN_POINT('',(117.84,-85.725,0.));
#1146 = DIRECTION('',(-0.,0.,-1.));
#1147 = DIRECTION('',(-0.,-1.,0.));
#1148 = ORIENTED_EDGE('',*,*,#1149,.T.);
#1149 = EDGE_CURVE('',#1141,#1150,#1152,.T.);
#1150 = VERTEX_POINT('',#1151);
#1151 = CARTESIAN_POINT('',(117.63,-86.65149878575,0.));
#1152 = CIRCLE('',#1153,0.95);
#1153 = AXIS2_PLACEMENT_3D('',#1154,#1155,#1156);
#1154 = CARTESIAN_POINT('',(117.84,-85.725,0.));
#1155 = DIRECTION('',(-0.,0.,-1.));
#1156 = DIRECTION('',(-0.,-1.,0.));
#1157 = ORIENTED_EDGE('',*,*,#1158,.T.);
#1158 = EDGE_CURVE('',#1150,#1159,#1161,.T.);
#1159 = VERTEX_POINT('',#1160);
#1160 = CARTESIAN_POINT('',(117.42,-86.675,0.));
#1161 = CIRCLE('',#1162,0.95);
#1162 = AXIS2_PLACEMENT_3D('',#1163,#1164,#1165);
#1163 = CARTESIAN_POINT('',(117.42,-85.725,0.));
#1164 = DIRECTION('',(-0.,0.,-1.));
#1165 = DIRECTION('',(-0.,-1.,0.));
#1166 = ORIENTED_EDGE('',*,*,#1167,.T.);
#1167 = EDGE_CURVE('',#1159,#1139,#1168,.T.);
#1168 = CIRCLE('',#1169,0.95);
#1169 = AXIS2_PLACEMENT_3D('',#1170,#1171,#1172);
#1170 = CARTESIAN_POINT('',(117.42,-85.725,0.));
#1171 = DIRECTION('',(-0.,0.,-1.));
#1172 = DIRECTION('',(-0.,-1.,0.));
#1173 = FACE_BOUND('',#1174,.F.);
#1174 = EDGE_LOOP('',(#1175));
#1175 = ORIENTED_EDGE('',*,*,#1176,.T.);
#1176 = EDGE_CURVE('',#1177,#1177,#1179,.T.);
#1177 = VERTEX_POINT('',#1178);
#1178 = CARTESIAN_POINT('',(119.11,-84.685,0.));
#1179 = CIRCLE('',#1180,1.5);
#1180 = AXIS2_PLACEMENT_3D('',#1181,#1182,#1183);
#1181 = CARTESIAN_POINT('',(119.11,-83.185,0.));
#1182 = DIRECTION('',(-0.,0.,-1.));
#1183 = DIRECTION('',(-0.,-1.,0.));
#1184 = FACE_BOUND('',#1185,.F.);
#1185 = EDGE_LOOP('',(#1186));
#1186 = ORIENTED_EDGE('',*,*,#1187,.T.);
#1187 = EDGE_CURVE('',#1188,#1188,#1190,.T.);
#1188 = VERTEX_POINT('',#1189);
#1189 = CARTESIAN_POINT('',(160.995,-130.515,0.));
#1190 = CIRCLE('',#1191,0.5);
#1191 = AXIS2_PLACEMENT_3D('',#1192,#1193,#1194);
#1192 = CARTESIAN_POINT('',(160.995,-130.015,0.));
#1193 = DIRECTION('',(-0.,0.,-1.));
#1194 = DIRECTION('',(-0.,-1.,0.));
#1195 = FACE_BOUND('',#1196,.F.);
#1196 = EDGE_LOOP('',(#1197));
#1197 = ORIENTED_EDGE('',*,*,#1198,.T.);
#1198 = EDGE_CURVE('',#1199,#1199,#1201,.T.);
#1199 = VERTEX_POINT('',#1200);
#1200 = CARTESIAN_POINT('',(160.995,-127.975,0.));
#1201 = CIRCLE('',#1202,0.5);
#1202 = AXIS2_PLACEMENT_3D('',#1203,#1204,#1205);
#1203 = CARTESIAN_POINT('',(160.995,-127.475,0.));
#1204 = DIRECTION('',(-0.,0.,-1.));
#1205 = DIRECTION('',(-0.,-1.,0.));
#1206 = FACE_BOUND('',#1207,.F.);
#1207 = EDGE_LOOP('',(#1208));
#1208 = ORIENTED_EDGE('',*,*,#1209,.T.);
#1209 = EDGE_CURVE('',#1210,#1210,#1212,.T.);
#1210 = VERTEX_POINT('',#1211);
#1211 = CARTESIAN_POINT('',(160.995,-125.435,0.));
#1212 = CIRCLE('',#1213,0.5);
#1213 = AXIS2_PLACEMENT_3D('',#1214,#1215,#1216);
#1214 = CARTESIAN_POINT('',(160.995,-124.935,0.));
#1215 = DIRECTION('',(-0.,0.,-1.));
#1216 = DIRECTION('',(-0.,-1.,0.));
#1217 = FACE_BOUND('',#1218,.F.);
#1218 = EDGE_LOOP('',(#1219));
#1219 = ORIENTED_EDGE('',*,*,#1220,.T.);
#1220 = EDGE_CURVE('',#1221,#1221,#1223,.T.);
#1221 = VERTEX_POINT('',#1222);
#1222 = CARTESIAN_POINT('',(160.995,-122.895,0.));
#1223 = CIRCLE('',#1224,0.5);
#1224 = AXIS2_PLACEMENT_3D('',#1225,#1226,#1227);
#1225 = CARTESIAN_POINT('',(160.995,-122.395,0.));
#1226 = DIRECTION('',(-0.,0.,-1.));
#1227 = DIRECTION('',(-0.,-1.,0.));
#1228 = FACE_BOUND('',#1229,.F.);
#1229 = EDGE_LOOP('',(#1230));
#1230 = ORIENTED_EDGE('',*,*,#1231,.T.);
#1231 = EDGE_CURVE('',#1232,#1232,#1234,.T.);
#1232 = VERTEX_POINT('',#1233);
#1233 = CARTESIAN_POINT('',(160.995,-120.355,0.));
#1234 = CIRCLE('',#1235,0.5);
#1235 = AXIS2_PLACEMENT_3D('',#1236,#1237,#1238);
#1236 = CARTESIAN_POINT('',(160.995,-119.855,0.));
#1237 = DIRECTION('',(-0.,0.,-1.));
#1238 = DIRECTION('',(-0.,-1.,0.));
#1239 = FACE_BOUND('',#1240,.F.);
#1240 = EDGE_LOOP('',(#1241));
#1241 = ORIENTED_EDGE('',*,*,#1242,.T.);
#1242 = EDGE_CURVE('',#1243,#1243,#1245,.T.);
#1243 = VERTEX_POINT('',#1244);
#1244 = CARTESIAN_POINT('',(160.995,-117.815,0.));
#1245 = CIRCLE('',#1246,0.5);
#1246 = AXIS2_PLACEMENT_3D('',#1247,#1248,#1249);
#1247 = CARTESIAN_POINT('',(160.995,-117.315,0.));
#1248 = DIRECTION('',(-0.,0.,-1.));
#1249 = DIRECTION('',(-0.,-1.,0.));
#1250 = FACE_BOUND('',#1251,.F.);
#1251 = EDGE_LOOP('',(#1252));
#1252 = ORIENTED_EDGE('',*,*,#1253,.T.);
#1253 = EDGE_CURVE('',#1254,#1254,#1256,.T.);
#1254 = VERTEX_POINT('',#1255);
#1255 = CARTESIAN_POINT('',(160.995,-115.275,0.));
#1256 = CIRCLE('',#1257,0.5);
#1257 = AXIS2_PLACEMENT_3D('',#1258,#1259,#1260);
#1258 = CARTESIAN_POINT('',(160.995,-114.775,0.));
#1259 = DIRECTION('',(-0.,0.,-1.));
#1260 = DIRECTION('',(-0.,-1.,0.));
#1261 = FACE_BOUND('',#1262,.F.);
#1262 = EDGE_LOOP('',(#1263));
#1263 = ORIENTED_EDGE('',*,*,#1264,.T.);
#1264 = EDGE_CURVE('',#1265,#1265,#1267,.T.);
#1265 = VERTEX_POINT('',#1266);
#1266 = CARTESIAN_POINT('',(122.92,-93.125,0.));
#1267 = CIRCLE('',#1268,1.5);
#1268 = AXIS2_PLACEMENT_3D('',#1269,#1270,#1271);
#1269 = CARTESIAN_POINT('',(122.92,-91.625,0.));
#1270 = DIRECTION('',(-0.,0.,-1.));
#1271 = DIRECTION('',(-0.,-1.,0.));
#1272 = FACE_BOUND('',#1273,.F.);
#1273 = EDGE_LOOP('',(#1274));
#1274 = ORIENTED_EDGE('',*,*,#1275,.T.);
#1275 = EDGE_CURVE('',#1276,#1276,#1278,.T.);
#1276 = VERTEX_POINT('',#1277);
#1277 = CARTESIAN_POINT('',(136.97,-92.83,0.));
#1278 = CIRCLE('',#1279,1.5);
#1279 = AXIS2_PLACEMENT_3D('',#1280,#1281,#1282);
#1280 = CARTESIAN_POINT('',(136.97,-91.33,0.));
#1281 = DIRECTION('',(-0.,0.,-1.));
#1282 = DIRECTION('',(-0.,-1.,0.));
#1283 = FACE_BOUND('',#1284,.F.);
#1284 = EDGE_LOOP('',(#1285));
#1285 = ORIENTED_EDGE('',*,*,#1286,.T.);
#1286 = EDGE_CURVE('',#1287,#1287,#1289,.T.);
#1287 = VERTEX_POINT('',#1288);
#1288 = CARTESIAN_POINT('',(141.97,-95.03,0.));
#1289 = CIRCLE('',#1290,1.5);
#1290 = AXIS2_PLACEMENT_3D('',#1291,#1292,#1293);
#1291 = CARTESIAN_POINT('',(141.97,-93.53,0.));
#1292 = DIRECTION('',(-0.,0.,-1.));
#1293 = DIRECTION('',(-0.,-1.,0.));
#1294 = FACE_BOUND('',#1295,.F.);
#1295 = EDGE_LOOP('',(#1296));
#1296 = ORIENTED_EDGE('',*,*,#1297,.T.);
#1297 = EDGE_CURVE('',#1298,#1298,#1300,.T.);
#1298 = VERTEX_POINT('',#1299);
#1299 = CARTESIAN_POINT('',(122.92,-87.775,0.));
#1300 = CIRCLE('',#1301,2.05);
#1301 = AXIS2_PLACEMENT_3D('',#1302,#1303,#1304);
#1302 = CARTESIAN_POINT('',(122.92,-85.725,0.));
#1303 = DIRECTION('',(-0.,0.,-1.));
#1304 = DIRECTION('',(-0.,-1.,0.));
#1305 = FACE_BOUND('',#1306,.F.);
#1306 = EDGE_LOOP('',(#1307,#1318,#1327,#1336));
#1307 = ORIENTED_EDGE('',*,*,#1308,.T.);
#1308 = EDGE_CURVE('',#1309,#1311,#1313,.T.);
#1309 = VERTEX_POINT('',#1310);
#1310 = CARTESIAN_POINT('',(128.21,-84.79850121424,0.));
#1311 = VERTEX_POINT('',#1312);
#1312 = CARTESIAN_POINT('',(128.42,-86.675,0.));
#1313 = CIRCLE('',#1314,0.95);
#1314 = AXIS2_PLACEMENT_3D('',#1315,#1316,#1317);
#1315 = CARTESIAN_POINT('',(128.42,-85.725,0.));
#1316 = DIRECTION('',(-0.,0.,-1.));
#1317 = DIRECTION('',(-2.991758887411E-14,-1.,0.));
#1318 = ORIENTED_EDGE('',*,*,#1319,.T.);
#1319 = EDGE_CURVE('',#1311,#1320,#1322,.T.);
#1320 = VERTEX_POINT('',#1321);
#1321 = CARTESIAN_POINT('',(128.21,-86.65149878575,0.));
#1322 = CIRCLE('',#1323,0.95);
#1323 = AXIS2_PLACEMENT_3D('',#1324,#1325,#1326);
#1324 = CARTESIAN_POINT('',(128.42,-85.725,0.));
#1325 = DIRECTION('',(-0.,0.,-1.));
#1326 = DIRECTION('',(-2.991758887411E-14,-1.,0.));
#1327 = ORIENTED_EDGE('',*,*,#1328,.T.);
#1328 = EDGE_CURVE('',#1320,#1329,#1331,.T.);
#1329 = VERTEX_POINT('',#1330);
#1330 = CARTESIAN_POINT('',(128.,-86.675,0.));
#1331 = CIRCLE('',#1332,0.95);
#1332 = AXIS2_PLACEMENT_3D('',#1333,#1334,#1335);
#1333 = CARTESIAN_POINT('',(128.,-85.725,0.));
#1334 = DIRECTION('',(-0.,0.,-1.));
#1335 = DIRECTION('',(-0.,-1.,0.));
#1336 = ORIENTED_EDGE('',*,*,#1337,.T.);
#1337 = EDGE_CURVE('',#1329,#1309,#1338,.T.);
#1338 = CIRCLE('',#1339,0.95);
#1339 = AXIS2_PLACEMENT_3D('',#1340,#1341,#1342);
#1340 = CARTESIAN_POINT('',(128.,-85.725,0.));
#1341 = DIRECTION('',(-0.,0.,-1.));
#1342 = DIRECTION('',(-0.,-1.,0.));
#1343 = FACE_BOUND('',#1344,.F.);
#1344 = EDGE_LOOP('',(#1345,#1356,#1365,#1374));
#1345 = ORIENTED_EDGE('',*,*,#1346,.T.);
#1346 = EDGE_CURVE('',#1347,#1349,#1351,.T.);
#1347 = VERTEX_POINT('',#1348);
#1348 = CARTESIAN_POINT('',(136.68,-86.70350121424,0.));
#1349 = VERTEX_POINT('',#1350);
#1350 = CARTESIAN_POINT('',(136.89,-88.58,0.));
#1351 = CIRCLE('',#1352,0.95);
#1352 = AXIS2_PLACEMENT_3D('',#1353,#1354,#1355);
#1353 = CARTESIAN_POINT('',(136.89,-87.63,0.));
#1354 = DIRECTION('',(-0.,0.,-1.));
#1355 = DIRECTION('',(-0.,-1.,0.));
#1356 = ORIENTED_EDGE('',*,*,#1357,.T.);
#1357 = EDGE_CURVE('',#1349,#1358,#1360,.T.);
#1358 = VERTEX_POINT('',#1359);
#1359 = CARTESIAN_POINT('',(136.68,-88.55649878575,0.));
#1360 = CIRCLE('',#1361,0.95);
#1361 = AXIS2_PLACEMENT_3D('',#1362,#1363,#1364);
#1362 = CARTESIAN_POINT('',(136.89,-87.63,0.));
#1363 = DIRECTION('',(-0.,0.,-1.));
#1364 = DIRECTION('',(-0.,-1.,0.));
#1365 = ORIENTED_EDGE('',*,*,#1366,.T.);
#1366 = EDGE_CURVE('',#1358,#1367,#1369,.T.);
#1367 = VERTEX_POINT('',#1368);
#1368 = CARTESIAN_POINT('',(136.47,-88.58,0.));
#1369 = CIRCLE('',#1370,0.95);
#1370 = AXIS2_PLACEMENT_3D('',#1371,#1372,#1373);
#1371 = CARTESIAN_POINT('',(136.47,-87.63,0.));
#1372 = DIRECTION('',(-0.,0.,-1.));
#1373 = DIRECTION('',(-0.,-1.,0.));
#1374 = ORIENTED_EDGE('',*,*,#1375,.T.);
#1375 = EDGE_CURVE('',#1367,#1347,#1376,.T.);
#1376 = CIRCLE('',#1377,0.95);
#1377 = AXIS2_PLACEMENT_3D('',#1378,#1379,#1380);
#1378 = CARTESIAN_POINT('',(136.47,-87.63,0.));
#1379 = DIRECTION('',(-0.,0.,-1.));
#1380 = DIRECTION('',(-0.,-1.,0.));
#1381 = FACE_BOUND('',#1382,.F.);
#1382 = EDGE_LOOP('',(#1383));
#1383 = ORIENTED_EDGE('',*,*,#1384,.T.);
#1384 = EDGE_CURVE('',#1385,#1385,#1387,.T.);
#1385 = VERTEX_POINT('',#1386);
#1386 = CARTESIAN_POINT('',(125.46,-82.145,0.));
#1387 = CIRCLE('',#1388,1.5);
#1388 = AXIS2_PLACEMENT_3D('',#1389,#1390,#1391);
#1389 = CARTESIAN_POINT('',(125.46,-80.645,0.));
#1390 = DIRECTION('',(-0.,0.,-1.));
#1391 = DIRECTION('',(-0.,-1.,0.));
#1392 = FACE_BOUND('',#1393,.F.);
#1393 = EDGE_LOOP('',(#1394));
#1394 = ORIENTED_EDGE('',*,*,#1395,.T.);
#1395 = EDGE_CURVE('',#1396,#1396,#1398,.T.);
#1396 = VERTEX_POINT('',#1397);
#1397 = CARTESIAN_POINT('',(141.97,-89.68,0.));
#1398 = CIRCLE('',#1399,2.05);
#1399 = AXIS2_PLACEMENT_3D('',#1400,#1401,#1402);
#1400 = CARTESIAN_POINT('',(141.97,-87.63,0.));
#1401 = DIRECTION('',(-0.,0.,-1.));
#1402 = DIRECTION('',(-0.,-1.,0.));
#1403 = FACE_BOUND('',#1404,.F.);
#1404 = EDGE_LOOP('',(#1405));
#1405 = ORIENTED_EDGE('',*,*,#1406,.T.);
#1406 = EDGE_CURVE('',#1407,#1407,#1409,.T.);
#1407 = VERTEX_POINT('',#1408);
#1408 = CARTESIAN_POINT('',(138.16,-86.59,0.));
#1409 = CIRCLE('',#1410,1.5);
#1410 = AXIS2_PLACEMENT_3D('',#1411,#1412,#1413);
#1411 = CARTESIAN_POINT('',(138.16,-85.09,0.));
#1412 = DIRECTION('',(-0.,0.,-1.));
#1413 = DIRECTION('',(-0.,-1.,0.));
#1414 = FACE_BOUND('',#1415,.F.);
#1415 = EDGE_LOOP('',(#1416,#1427,#1436,#1445));
#1416 = ORIENTED_EDGE('',*,*,#1417,.T.);
#1417 = EDGE_CURVE('',#1418,#1420,#1422,.T.);
#1418 = VERTEX_POINT('',#1419);
#1419 = CARTESIAN_POINT('',(147.26,-86.70350121424,0.));
#1420 = VERTEX_POINT('',#1421);
#1421 = CARTESIAN_POINT('',(147.47,-88.58,0.));
#1422 = CIRCLE('',#1423,0.95);
#1423 = AXIS2_PLACEMENT_3D('',#1424,#1425,#1426);
#1424 = CARTESIAN_POINT('',(147.47,-87.63,0.));
#1425 = DIRECTION('',(-0.,0.,-1.));
#1426 = DIRECTION('',(-0.,-1.,0.));
#1427 = ORIENTED_EDGE('',*,*,#1428,.T.);
#1428 = EDGE_CURVE('',#1420,#1429,#1431,.T.);
#1429 = VERTEX_POINT('',#1430);
#1430 = CARTESIAN_POINT('',(147.26,-88.55649878575,0.));
#1431 = CIRCLE('',#1432,0.95);
#1432 = AXIS2_PLACEMENT_3D('',#1433,#1434,#1435);
#1433 = CARTESIAN_POINT('',(147.47,-87.63,0.));
#1434 = DIRECTION('',(-0.,0.,-1.));
#1435 = DIRECTION('',(-0.,-1.,0.));
#1436 = ORIENTED_EDGE('',*,*,#1437,.T.);
#1437 = EDGE_CURVE('',#1429,#1438,#1440,.T.);
#1438 = VERTEX_POINT('',#1439);
#1439 = CARTESIAN_POINT('',(147.05,-88.58,0.));
#1440 = CIRCLE('',#1441,0.95);
#1441 = AXIS2_PLACEMENT_3D('',#1442,#1443,#1444);
#1442 = CARTESIAN_POINT('',(147.05,-87.63,0.));
#1443 = DIRECTION('',(-0.,0.,-1.));
#1444 = DIRECTION('',(-0.,-1.,0.));
#1445 = ORIENTED_EDGE('',*,*,#1446,.T.);
#1446 = EDGE_CURVE('',#1438,#1418,#1447,.T.);
#1447 = CIRCLE('',#1448,0.95);
#1448 = AXIS2_PLACEMENT_3D('',#1449,#1450,#1451);
#1449 = CARTESIAN_POINT('',(147.05,-87.63,0.));
#1450 = DIRECTION('',(-0.,0.,-1.));
#1451 = DIRECTION('',(-0.,-1.,0.));
#1452 = FACE_BOUND('',#1453,.F.);
#1453 = EDGE_LOOP('',(#1454));
#1454 = ORIENTED_EDGE('',*,*,#1455,.T.);
#1455 = EDGE_CURVE('',#1456,#1456,#1458,.T.);
#1456 = VERTEX_POINT('',#1457);
#1457 = CARTESIAN_POINT('',(144.51,-84.05,0.));
#1458 = CIRCLE('',#1459,1.5);
#1459 = AXIS2_PLACEMENT_3D('',#1460,#1461,#1462);
#1460 = CARTESIAN_POINT('',(144.51,-82.55,0.));
#1461 = DIRECTION('',(-0.,0.,-1.));
#1462 = DIRECTION('',(-0.,-1.,0.));
#1463 = FACE_BOUND('',#1464,.F.);
#1464 = EDGE_LOOP('',(#1465));
#1465 = ORIENTED_EDGE('',*,*,#1466,.T.);
#1466 = EDGE_CURVE('',#1467,#1467,#1469,.T.);
#1467 = VERTEX_POINT('',#1468);
#1468 = CARTESIAN_POINT('',(161.02,-102.65,0.));
#1469 = CIRCLE('',#1470,1.5);
#1470 = AXIS2_PLACEMENT_3D('',#1471,#1472,#1473);
#1471 = CARTESIAN_POINT('',(161.02,-101.15,0.));
#1472 = DIRECTION('',(-0.,0.,-1.));
#1473 = DIRECTION('',(-0.,-1.,0.));
#1474 = FACE_BOUND('',#1475,.F.);
#1475 = EDGE_LOOP('',(#1476));
#1476 = ORIENTED_EDGE('',*,*,#1477,.T.);
#1477 = EDGE_CURVE('',#1478,#1478,#1480,.T.);
#1478 = VERTEX_POINT('',#1479);
#1479 = CARTESIAN_POINT('',(156.02,-100.45,0.));
#1480 = CIRCLE('',#1481,1.5);
#1481 = AXIS2_PLACEMENT_3D('',#1482,#1483,#1484);
#1482 = CARTESIAN_POINT('',(156.02,-98.95,0.));
#1483 = DIRECTION('',(-0.,0.,-1.));
#1484 = DIRECTION('',(-0.,-1.,0.));
#1485 = FACE_BOUND('',#1486,.F.);
#1486 = EDGE_LOOP('',(#1487,#1498,#1507,#1516));
#1487 = ORIENTED_EDGE('',*,*,#1488,.T.);
#1488 = EDGE_CURVE('',#1489,#1491,#1493,.T.);
#1489 = VERTEX_POINT('',#1490);
#1490 = CARTESIAN_POINT('',(155.73,-94.32350121424,0.));
#1491 = VERTEX_POINT('',#1492);
#1492 = CARTESIAN_POINT('',(155.94,-96.2,0.));
#1493 = CIRCLE('',#1494,0.95);
#1494 = AXIS2_PLACEMENT_3D('',#1495,#1496,#1497);
#1495 = CARTESIAN_POINT('',(155.94,-95.25,0.));
#1496 = DIRECTION('',(-0.,0.,-1.));
#1497 = DIRECTION('',(-0.,-1.,0.));
#1498 = ORIENTED_EDGE('',*,*,#1499,.T.);
#1499 = EDGE_CURVE('',#1491,#1500,#1502,.T.);
#1500 = VERTEX_POINT('',#1501);
#1501 = CARTESIAN_POINT('',(155.73,-96.17649878575,0.));
#1502 = CIRCLE('',#1503,0.95);
#1503 = AXIS2_PLACEMENT_3D('',#1504,#1505,#1506);
#1504 = CARTESIAN_POINT('',(155.94,-95.25,0.));
#1505 = DIRECTION('',(-0.,0.,-1.));
#1506 = DIRECTION('',(-0.,-1.,0.));
#1507 = ORIENTED_EDGE('',*,*,#1508,.T.);
#1508 = EDGE_CURVE('',#1500,#1509,#1511,.T.);
#1509 = VERTEX_POINT('',#1510);
#1510 = CARTESIAN_POINT('',(155.52,-96.2,0.));
#1511 = CIRCLE('',#1512,0.95);
#1512 = AXIS2_PLACEMENT_3D('',#1513,#1514,#1515);
#1513 = CARTESIAN_POINT('',(155.52,-95.25,0.));
#1514 = DIRECTION('',(-0.,0.,-1.));
#1515 = DIRECTION('',(2.991758887411E-14,-1.,-0.));
#1516 = ORIENTED_EDGE('',*,*,#1517,.T.);
#1517 = EDGE_CURVE('',#1509,#1489,#1518,.T.);
#1518 = CIRCLE('',#1519,0.95);
#1519 = AXIS2_PLACEMENT_3D('',#1520,#1521,#1522);
#1520 = CARTESIAN_POINT('',(155.52,-95.25,0.));
#1521 = DIRECTION('',(-0.,0.,-1.));
#1522 = DIRECTION('',(2.991758887411E-14,-1.,-0.));
#1523 = FACE_BOUND('',#1524,.F.);
#1524 = EDGE_LOOP('',(#1525));
#1525 = ORIENTED_EDGE('',*,*,#1526,.T.);
#1526 = EDGE_CURVE('',#1527,#1527,#1529,.T.);
#1527 = VERTEX_POINT('',#1528);
#1528 = CARTESIAN_POINT('',(161.02,-97.3,0.));
#1529 = CIRCLE('',#1530,2.05);
#1530 = AXIS2_PLACEMENT_3D('',#1531,#1532,#1533);
#1531 = CARTESIAN_POINT('',(161.02,-95.25,0.));
#1532 = DIRECTION('',(-0.,0.,-1.));
#1533 = DIRECTION('',(1.386424850264E-14,-1.,-0.));
#1534 = FACE_BOUND('',#1535,.F.);
#1535 = EDGE_LOOP('',(#1536));
#1536 = ORIENTED_EDGE('',*,*,#1537,.T.);
#1537 = EDGE_CURVE('',#1538,#1538,#1540,.T.);
#1538 = VERTEX_POINT('',#1539);
#1539 = CARTESIAN_POINT('',(157.21,-94.21,0.));
#1540 = CIRCLE('',#1541,1.5);
#1541 = AXIS2_PLACEMENT_3D('',#1542,#1543,#1544);
#1542 = CARTESIAN_POINT('',(157.21,-92.71,0.));
#1543 = DIRECTION('',(-0.,0.,-1.));
#1544 = DIRECTION('',(-0.,-1.,0.));
#1545 = FACE_BOUND('',#1546,.F.);
#1546 = EDGE_LOOP('',(#1547,#1558,#1567,#1576));
#1547 = ORIENTED_EDGE('',*,*,#1548,.T.);
#1548 = EDGE_CURVE('',#1549,#1551,#1553,.T.);
#1549 = VERTEX_POINT('',#1550);
#1550 = CARTESIAN_POINT('',(166.31,-94.32350121424,0.));
#1551 = VERTEX_POINT('',#1552);
#1552 = CARTESIAN_POINT('',(166.52,-96.2,0.));
#1553 = CIRCLE('',#1554,0.95);
#1554 = AXIS2_PLACEMENT_3D('',#1555,#1556,#1557);
#1555 = CARTESIAN_POINT('',(166.52,-95.25,0.));
#1556 = DIRECTION('',(-0.,0.,-1.));
#1557 = DIRECTION('',(2.991758887411E-14,-1.,-0.));
#1558 = ORIENTED_EDGE('',*,*,#1559,.T.);
#1559 = EDGE_CURVE('',#1551,#1560,#1562,.T.);
#1560 = VERTEX_POINT('',#1561);
#1561 = CARTESIAN_POINT('',(166.31,-96.17649878575,0.));
#1562 = CIRCLE('',#1563,0.95);
#1563 = AXIS2_PLACEMENT_3D('',#1564,#1565,#1566);
#1564 = CARTESIAN_POINT('',(166.52,-95.25,0.));
#1565 = DIRECTION('',(-0.,0.,-1.));
#1566 = DIRECTION('',(2.991758887411E-14,-1.,-0.));
#1567 = ORIENTED_EDGE('',*,*,#1568,.T.);
#1568 = EDGE_CURVE('',#1560,#1569,#1571,.T.);
#1569 = VERTEX_POINT('',#1570);
#1570 = CARTESIAN_POINT('',(166.1,-96.2,0.));
#1571 = CIRCLE('',#1572,0.95);
#1572 = AXIS2_PLACEMENT_3D('',#1573,#1574,#1575);
#1573 = CARTESIAN_POINT('',(166.1,-95.25,0.));
#1574 = DIRECTION('',(-0.,0.,-1.));
#1575 = DIRECTION('',(-2.991758887411E-14,-1.,0.));
#1576 = ORIENTED_EDGE('',*,*,#1577,.T.);
#1577 = EDGE_CURVE('',#1569,#1549,#1578,.T.);
#1578 = CIRCLE('',#1579,0.95);
#1579 = AXIS2_PLACEMENT_3D('',#1580,#1581,#1582);
#1580 = CARTESIAN_POINT('',(166.1,-95.25,0.));
#1581 = DIRECTION('',(-0.,0.,-1.));
#1582 = DIRECTION('',(-2.991758887411E-14,-1.,0.));
#1583 = FACE_BOUND('',#1584,.F.);
#1584 = EDGE_LOOP('',(#1585));
#1585 = ORIENTED_EDGE('',*,*,#1586,.T.);
#1586 = EDGE_CURVE('',#1587,#1587,#1589,.T.);
#1587 = VERTEX_POINT('',#1588);
#1588 = CARTESIAN_POINT('',(163.56,-91.67,0.));
#1589 = CIRCLE('',#1590,1.5);
#1590 = AXIS2_PLACEMENT_3D('',#1591,#1592,#1593);
#1591 = CARTESIAN_POINT('',(163.56,-90.17,0.));
#1592 = DIRECTION('',(-0.,0.,-1.));
#1593 = DIRECTION('',(-0.,-1.,0.));
#1594 = FACE_BOUND('',#1595,.F.);
#1595 = EDGE_LOOP('',(#1596));
#1596 = ORIENTED_EDGE('',*,*,#1597,.T.);
#1597 = EDGE_CURVE('',#1598,#1598,#1600,.T.);
#1598 = VERTEX_POINT('',#1599);
#1599 = CARTESIAN_POINT('',(175.07,-100.45,0.));
#1600 = CIRCLE('',#1601,1.5);
#1601 = AXIS2_PLACEMENT_3D('',#1602,#1603,#1604);
#1602 = CARTESIAN_POINT('',(175.07,-98.95,0.));
#1603 = DIRECTION('',(-0.,0.,-1.));
#1604 = DIRECTION('',(-0.,-1.,0.));
#1605 = FACE_BOUND('',#1606,.F.);
#1606 = EDGE_LOOP('',(#1607));
#1607 = ORIENTED_EDGE('',*,*,#1608,.T.);
#1608 = EDGE_CURVE('',#1609,#1609,#1611,.T.);
#1609 = VERTEX_POINT('',#1610);
#1610 = CARTESIAN_POINT('',(180.07,-102.65,0.));
#1611 = CIRCLE('',#1612,1.5);
#1612 = AXIS2_PLACEMENT_3D('',#1613,#1614,#1615);
#1613 = CARTESIAN_POINT('',(180.07,-101.15,0.));
#1614 = DIRECTION('',(-0.,0.,-1.));
#1615 = DIRECTION('',(-0.,-1.,0.));
#1616 = FACE_BOUND('',#1617,.F.);
#1617 = EDGE_LOOP('',(#1618,#1629,#1638,#1647));
#1618 = ORIENTED_EDGE('',*,*,#1619,.T.);
#1619 = EDGE_CURVE('',#1620,#1622,#1624,.T.);
#1620 = VERTEX_POINT('',#1621);
#1621 = CARTESIAN_POINT('',(174.78,-94.32350121424,0.));
#1622 = VERTEX_POINT('',#1623);
#1623 = CARTESIAN_POINT('',(174.99,-96.2,0.));
#1624 = CIRCLE('',#1625,0.95);
#1625 = AXIS2_PLACEMENT_3D('',#1626,#1627,#1628);
#1626 = CARTESIAN_POINT('',(174.99,-95.25,0.));
#1627 = DIRECTION('',(-0.,0.,-1.));
#1628 = DIRECTION('',(-0.,-1.,0.));
#1629 = ORIENTED_EDGE('',*,*,#1630,.T.);
#1630 = EDGE_CURVE('',#1622,#1631,#1633,.T.);
#1631 = VERTEX_POINT('',#1632);
#1632 = CARTESIAN_POINT('',(174.78,-96.17649878575,0.));
#1633 = CIRCLE('',#1634,0.95);
#1634 = AXIS2_PLACEMENT_3D('',#1635,#1636,#1637);
#1635 = CARTESIAN_POINT('',(174.99,-95.25,0.));
#1636 = DIRECTION('',(-0.,0.,-1.));
#1637 = DIRECTION('',(-0.,-1.,0.));
#1638 = ORIENTED_EDGE('',*,*,#1639,.T.);
#1639 = EDGE_CURVE('',#1631,#1640,#1642,.T.);
#1640 = VERTEX_POINT('',#1641);
#1641 = CARTESIAN_POINT('',(174.57,-96.2,0.));
#1642 = CIRCLE('',#1643,0.95);
#1643 = AXIS2_PLACEMENT_3D('',#1644,#1645,#1646);
#1644 = CARTESIAN_POINT('',(174.57,-95.25,0.));
#1645 = DIRECTION('',(-0.,0.,-1.));
#1646 = DIRECTION('',(-0.,-1.,0.));
#1647 = ORIENTED_EDGE('',*,*,#1648,.T.);
#1648 = EDGE_CURVE('',#1640,#1620,#1649,.T.);
#1649 = CIRCLE('',#1650,0.95);
#1650 = AXIS2_PLACEMENT_3D('',#1651,#1652,#1653);
#1651 = CARTESIAN_POINT('',(174.57,-95.25,0.));
#1652 = DIRECTION('',(-0.,0.,-1.));
#1653 = DIRECTION('',(-0.,-1.,0.));
#1654 = FACE_BOUND('',#1655,.F.);
#1655 = EDGE_LOOP('',(#1656));
#1656 = ORIENTED_EDGE('',*,*,#1657,.T.);
#1657 = EDGE_CURVE('',#1658,#1658,#1660,.T.);
#1658 = VERTEX_POINT('',#1659);
#1659 = CARTESIAN_POINT('',(176.26,-94.21,0.));
#1660 = CIRCLE('',#1661,1.5);
#1661 = AXIS2_PLACEMENT_3D('',#1662,#1663,#1664);
#1662 = CARTESIAN_POINT('',(176.26,-92.71,0.));
#1663 = DIRECTION('',(-0.,0.,-1.));
#1664 = DIRECTION('',(-0.,-1.,0.));
#1665 = FACE_BOUND('',#1666,.F.);
#1666 = EDGE_LOOP('',(#1667));
#1667 = ORIENTED_EDGE('',*,*,#1668,.T.);
#1668 = EDGE_CURVE('',#1669,#1669,#1671,.T.);
#1669 = VERTEX_POINT('',#1670);
#1670 = CARTESIAN_POINT('',(180.07,-97.3,0.));
#1671 = CIRCLE('',#1672,2.05);
#1672 = AXIS2_PLACEMENT_3D('',#1673,#1674,#1675);
#1673 = CARTESIAN_POINT('',(180.07,-95.25,0.));
#1674 = DIRECTION('',(-0.,0.,-1.));
#1675 = DIRECTION('',(-0.,-1.,0.));
#1676 = FACE_BOUND('',#1677,.F.);
#1677 = EDGE_LOOP('',(#1678,#1689,#1698,#1707));
#1678 = ORIENTED_EDGE('',*,*,#1679,.T.);
#1679 = EDGE_CURVE('',#1680,#1682,#1684,.T.);
#1680 = VERTEX_POINT('',#1681);
#1681 = CARTESIAN_POINT('',(185.36,-94.32350121424,0.));
#1682 = VERTEX_POINT('',#1683);
#1683 = CARTESIAN_POINT('',(185.57,-96.2,0.));
#1684 = CIRCLE('',#1685,0.95);
#1685 = AXIS2_PLACEMENT_3D('',#1686,#1687,#1688);
#1686 = CARTESIAN_POINT('',(185.57,-95.25,0.));
#1687 = DIRECTION('',(-0.,0.,-1.));
#1688 = DIRECTION('',(-0.,-1.,0.));
#1689 = ORIENTED_EDGE('',*,*,#1690,.T.);
#1690 = EDGE_CURVE('',#1682,#1691,#1693,.T.);
#1691 = VERTEX_POINT('',#1692);
#1692 = CARTESIAN_POINT('',(185.36,-96.17649878575,0.));
#1693 = CIRCLE('',#1694,0.95);
#1694 = AXIS2_PLACEMENT_3D('',#1695,#1696,#1697);
#1695 = CARTESIAN_POINT('',(185.57,-95.25,0.));
#1696 = DIRECTION('',(-0.,0.,-1.));
#1697 = DIRECTION('',(-0.,-1.,0.));
#1698 = ORIENTED_EDGE('',*,*,#1699,.T.);
#1699 = EDGE_CURVE('',#1691,#1700,#1702,.T.);
#1700 = VERTEX_POINT('',#1701);
#1701 = CARTESIAN_POINT('',(185.15,-96.2,0.));
#1702 = CIRCLE('',#1703,0.95);
#1703 = AXIS2_PLACEMENT_3D('',#1704,#1705,#1706);
#1704 = CARTESIAN_POINT('',(185.15,-95.25,0.));
#1705 = DIRECTION('',(-0.,0.,-1.));
#1706 = DIRECTION('',(2.991758887411E-14,-1.,-0.));
#1707 = ORIENTED_EDGE('',*,*,#1708,.T.);
#1708 = EDGE_CURVE('',#1700,#1680,#1709,.T.);
#1709 = CIRCLE('',#1710,0.95);
#1710 = AXIS2_PLACEMENT_3D('',#1711,#1712,#1713);
#1711 = CARTESIAN_POINT('',(185.15,-95.25,0.));
#1712 = DIRECTION('',(-0.,0.,-1.));
#1713 = DIRECTION('',(2.991758887411E-14,-1.,-0.));
#1714 = FACE_BOUND('',#1715,.F.);
#1715 = EDGE_LOOP('',(#1716));
#1716 = ORIENTED_EDGE('',*,*,#1717,.T.);
#1717 = EDGE_CURVE('',#1718,#1718,#1720,.T.);
#1718 = VERTEX_POINT('',#1719);
#1719 = CARTESIAN_POINT('',(182.61,-91.67,0.));
#1720 = CIRCLE('',#1721,1.5);
#1721 = AXIS2_PLACEMENT_3D('',#1722,#1723,#1724);
#1722 = CARTESIAN_POINT('',(182.61,-90.17,0.));
#1723 = DIRECTION('',(-0.,0.,-1.));
#1724 = DIRECTION('',(-0.,-1.,0.));
#1725 = FACE_BOUND('',#1726,.F.);
#1726 = EDGE_LOOP('',(#1727));
#1727 = ORIENTED_EDGE('',*,*,#1728,.T.);
#1728 = EDGE_CURVE('',#1729,#1729,#1731,.T.);
#1729 = VERTEX_POINT('',#1730);
#1730 = CARTESIAN_POINT('',(156.02,-81.4,0.));
#1731 = CIRCLE('',#1732,1.5);
#1732 = AXIS2_PLACEMENT_3D('',#1733,#1734,#1735);
#1733 = CARTESIAN_POINT('',(156.02,-79.9,0.));
#1734 = DIRECTION('',(-0.,0.,-1.));
#1735 = DIRECTION('',(-0.,-1.,0.));
#1736 = FACE_BOUND('',#1737,.F.);
#1737 = EDGE_LOOP('',(#1738));
#1738 = ORIENTED_EDGE('',*,*,#1739,.T.);
#1739 = EDGE_CURVE('',#1740,#1740,#1742,.T.);
#1740 = VERTEX_POINT('',#1741);
#1741 = CARTESIAN_POINT('',(161.02,-83.6,0.));
#1742 = CIRCLE('',#1743,1.5);
#1743 = AXIS2_PLACEMENT_3D('',#1744,#1745,#1746);
#1744 = CARTESIAN_POINT('',(161.02,-82.1,0.));
#1745 = DIRECTION('',(-0.,0.,-1.));
#1746 = DIRECTION('',(-0.,-1.,0.));
#1747 = FACE_BOUND('',#1748,.F.);
#1748 = EDGE_LOOP('',(#1749));
#1749 = ORIENTED_EDGE('',*,*,#1750,.T.);
#1750 = EDGE_CURVE('',#1751,#1751,#1753,.T.);
#1751 = VERTEX_POINT('',#1752);
#1752 = CARTESIAN_POINT('',(175.07,-81.4,0.));
#1753 = CIRCLE('',#1754,1.5);
#1754 = AXIS2_PLACEMENT_3D('',#1755,#1756,#1757);
#1755 = CARTESIAN_POINT('',(175.07,-79.9,0.));
#1756 = DIRECTION('',(-0.,0.,-1.));
#1757 = DIRECTION('',(-0.,-1.,0.));
#1758 = FACE_BOUND('',#1759,.F.);
#1759 = EDGE_LOOP('',(#1760));
#1760 = ORIENTED_EDGE('',*,*,#1761,.T.);
#1761 = EDGE_CURVE('',#1762,#1762,#1764,.T.);
#1762 = VERTEX_POINT('',#1763);
#1763 = CARTESIAN_POINT('',(180.07,-83.6,0.));
#1764 = CIRCLE('',#1765,1.5);
#1765 = AXIS2_PLACEMENT_3D('',#1766,#1767,#1768);
#1766 = CARTESIAN_POINT('',(180.07,-82.1,0.));
#1767 = DIRECTION('',(-0.,0.,-1.));
#1768 = DIRECTION('',(-0.,-1.,0.));
#1769 = FACE_BOUND('',#1770,.F.);
#1770 = EDGE_LOOP('',(#1771));
#1771 = ORIENTED_EDGE('',*,*,#1772,.T.);
#1772 = EDGE_CURVE('',#1773,#1773,#1775,.T.);
#1773 = VERTEX_POINT('',#1774);
#1774 = CARTESIAN_POINT('',(60.77,-74.7325,0.));
#1775 = CIRCLE('',#1776,1.5);
#1776 = AXIS2_PLACEMENT_3D('',#1777,#1778,#1779);
#1777 = CARTESIAN_POINT('',(60.77,-73.2325,0.));
#1778 = DIRECTION('',(-0.,0.,-1.));
#1779 = DIRECTION('',(-0.,-1.,0.));
#1780 = FACE_BOUND('',#1781,.F.);
#1781 = EDGE_LOOP('',(#1782,#1793,#1802,#1811));
#1782 = ORIENTED_EDGE('',*,*,#1783,.T.);
#1783 = EDGE_CURVE('',#1784,#1786,#1788,.T.);
#1784 = VERTEX_POINT('',#1785);
#1785 = CARTESIAN_POINT('',(60.48,-68.60600121424,0.));
#1786 = VERTEX_POINT('',#1787);
#1787 = CARTESIAN_POINT('',(60.69,-70.4825,0.));
#1788 = CIRCLE('',#1789,0.95);
#1789 = AXIS2_PLACEMENT_3D('',#1790,#1791,#1792);
#1790 = CARTESIAN_POINT('',(60.69,-69.5325,0.));
#1791 = DIRECTION('',(-0.,0.,-1.));
#1792 = DIRECTION('',(-0.,-1.,0.));
#1793 = ORIENTED_EDGE('',*,*,#1794,.T.);
#1794 = EDGE_CURVE('',#1786,#1795,#1797,.T.);
#1795 = VERTEX_POINT('',#1796);
#1796 = CARTESIAN_POINT('',(60.48,-70.45899878575,0.));
#1797 = CIRCLE('',#1798,0.95);
#1798 = AXIS2_PLACEMENT_3D('',#1799,#1800,#1801);
#1799 = CARTESIAN_POINT('',(60.69,-69.5325,0.));
#1800 = DIRECTION('',(-0.,0.,-1.));
#1801 = DIRECTION('',(-0.,-1.,0.));
#1802 = ORIENTED_EDGE('',*,*,#1803,.T.);
#1803 = EDGE_CURVE('',#1795,#1804,#1806,.T.);
#1804 = VERTEX_POINT('',#1805);
#1805 = CARTESIAN_POINT('',(60.27,-70.4825,0.));
#1806 = CIRCLE('',#1807,0.95);
#1807 = AXIS2_PLACEMENT_3D('',#1808,#1809,#1810);
#1808 = CARTESIAN_POINT('',(60.27,-69.5325,0.));
#1809 = DIRECTION('',(-0.,0.,-1.));
#1810 = DIRECTION('',(7.479397218527E-15,-1.,-0.));
#1811 = ORIENTED_EDGE('',*,*,#1812,.T.);
#1812 = EDGE_CURVE('',#1804,#1784,#1813,.T.);
#1813 = CIRCLE('',#1814,0.95);
#1814 = AXIS2_PLACEMENT_3D('',#1815,#1816,#1817);
#1815 = CARTESIAN_POINT('',(60.27,-69.5325,0.));
#1816 = DIRECTION('',(-0.,0.,-1.));
#1817 = DIRECTION('',(7.479397218527E-15,-1.,-0.));
#1818 = FACE_BOUND('',#1819,.F.);
#1819 = EDGE_LOOP('',(#1820));
#1820 = ORIENTED_EDGE('',*,*,#1821,.T.);
#1821 = EDGE_CURVE('',#1822,#1822,#1824,.T.);
#1822 = VERTEX_POINT('',#1823);
#1823 = CARTESIAN_POINT('',(65.77,-76.9325,0.));
#1824 = CIRCLE('',#1825,1.5);
#1825 = AXIS2_PLACEMENT_3D('',#1826,#1827,#1828);
#1826 = CARTESIAN_POINT('',(65.77,-75.4325,0.));
#1827 = DIRECTION('',(-0.,0.,-1.));
#1828 = DIRECTION('',(-0.,-1.,0.));
#1829 = FACE_BOUND('',#1830,.F.);
#1830 = EDGE_LOOP('',(#1831));
#1831 = ORIENTED_EDGE('',*,*,#1832,.T.);
#1832 = EDGE_CURVE('',#1833,#1833,#1835,.T.);
#1833 = VERTEX_POINT('',#1834);
#1834 = CARTESIAN_POINT('',(65.77,-71.5825,0.));
#1835 = CIRCLE('',#1836,2.05);
#1836 = AXIS2_PLACEMENT_3D('',#1837,#1838,#1839);
#1837 = CARTESIAN_POINT('',(65.77,-69.5325,0.));
#1838 = DIRECTION('',(-0.,0.,-1.));
#1839 = DIRECTION('',(-0.,-1.,0.));
#1840 = FACE_BOUND('',#1841,.F.);
#1841 = EDGE_LOOP('',(#1842,#1853,#1862,#1871));
#1842 = ORIENTED_EDGE('',*,*,#1843,.T.);
#1843 = EDGE_CURVE('',#1844,#1846,#1848,.T.);
#1844 = VERTEX_POINT('',#1845);
#1845 = CARTESIAN_POINT('',(71.06,-68.60600121424,0.));
#1846 = VERTEX_POINT('',#1847);
#1847 = CARTESIAN_POINT('',(71.27,-70.4825,0.));
#1848 = CIRCLE('',#1849,0.95);
#1849 = AXIS2_PLACEMENT_3D('',#1850,#1851,#1852);
#1850 = CARTESIAN_POINT('',(71.27,-69.5325,0.));
#1851 = DIRECTION('',(-0.,0.,-1.));
#1852 = DIRECTION('',(-0.,-1.,0.));
#1853 = ORIENTED_EDGE('',*,*,#1854,.T.);
#1854 = EDGE_CURVE('',#1846,#1855,#1857,.T.);
#1855 = VERTEX_POINT('',#1856);
#1856 = CARTESIAN_POINT('',(71.06,-70.45899878575,0.));
#1857 = CIRCLE('',#1858,0.95);
#1858 = AXIS2_PLACEMENT_3D('',#1859,#1860,#1861);
#1859 = CARTESIAN_POINT('',(71.27,-69.5325,0.));
#1860 = DIRECTION('',(-0.,0.,-1.));
#1861 = DIRECTION('',(-0.,-1.,0.));
#1862 = ORIENTED_EDGE('',*,*,#1863,.T.);
#1863 = EDGE_CURVE('',#1855,#1864,#1866,.T.);
#1864 = VERTEX_POINT('',#1865);
#1865 = CARTESIAN_POINT('',(70.85,-70.4825,0.));
#1866 = CIRCLE('',#1867,0.95);
#1867 = AXIS2_PLACEMENT_3D('',#1868,#1869,#1870);
#1868 = CARTESIAN_POINT('',(70.85,-69.5325,0.));
#1869 = DIRECTION('',(-0.,0.,-1.));
#1870 = DIRECTION('',(-0.,-1.,0.));
#1871 = ORIENTED_EDGE('',*,*,#1872,.T.);
#1872 = EDGE_CURVE('',#1864,#1844,#1873,.T.);
#1873 = CIRCLE('',#1874,0.95);
#1874 = AXIS2_PLACEMENT_3D('',#1875,#1876,#1877);
#1875 = CARTESIAN_POINT('',(70.85,-69.5325,0.));
#1876 = DIRECTION('',(-0.,0.,-1.));
#1877 = DIRECTION('',(-0.,-1.,0.));
#1878 = FACE_BOUND('',#1879,.F.);
#1879 = EDGE_LOOP('',(#1880));
#1880 = ORIENTED_EDGE('',*,*,#1881,.T.);
#1881 = EDGE_CURVE('',#1882,#1882,#1884,.T.);
#1882 = VERTEX_POINT('',#1883);
#1883 = CARTESIAN_POINT('',(61.96,-68.4925,0.));
#1884 = CIRCLE('',#1885,1.5);
#1885 = AXIS2_PLACEMENT_3D('',#1886,#1887,#1888);
#1886 = CARTESIAN_POINT('',(61.96,-66.9925,0.));
#1887 = DIRECTION('',(-0.,0.,-1.));
#1888 = DIRECTION('',(-0.,-1.,0.));
#1889 = FACE_BOUND('',#1890,.F.);
#1890 = EDGE_LOOP('',(#1891));
#1891 = ORIENTED_EDGE('',*,*,#1892,.T.);
#1892 = EDGE_CURVE('',#1893,#1893,#1895,.T.);
#1893 = VERTEX_POINT('',#1894);
#1894 = CARTESIAN_POINT('',(68.31,-65.9525,0.));
#1895 = CIRCLE('',#1896,1.5);
#1896 = AXIS2_PLACEMENT_3D('',#1897,#1898,#1899);
#1897 = CARTESIAN_POINT('',(68.31,-64.4525,0.));
#1898 = DIRECTION('',(-0.,0.,-1.));
#1899 = DIRECTION('',(-0.,-1.,0.));
#1900 = FACE_BOUND('',#1901,.F.);
#1901 = EDGE_LOOP('',(#1902,#1913,#1922,#1931));
#1902 = ORIENTED_EDGE('',*,*,#1903,.T.);
#1903 = EDGE_CURVE('',#1904,#1906,#1908,.T.);
#1904 = VERTEX_POINT('',#1905);
#1905 = CARTESIAN_POINT('',(79.53,-72.41600121424,0.));
#1906 = VERTEX_POINT('',#1907);
#1907 = CARTESIAN_POINT('',(79.74,-74.2925,0.));
#1908 = CIRCLE('',#1909,0.95);
#1909 = AXIS2_PLACEMENT_3D('',#1910,#1911,#1912);
#1910 = CARTESIAN_POINT('',(79.74,-73.3425,0.));
#1911 = DIRECTION('',(-0.,0.,-1.));
#1912 = DIRECTION('',(-1.495879443705E-14,-1.,0.));
#1913 = ORIENTED_EDGE('',*,*,#1914,.T.);
#1914 = EDGE_CURVE('',#1906,#1915,#1917,.T.);
#1915 = VERTEX_POINT('',#1916);
#1916 = CARTESIAN_POINT('',(79.53,-74.26899878575,0.));
#1917 = CIRCLE('',#1918,0.95);
#1918 = AXIS2_PLACEMENT_3D('',#1919,#1920,#1921);
#1919 = CARTESIAN_POINT('',(79.74,-73.3425,0.));
#1920 = DIRECTION('',(-0.,0.,-1.));
#1921 = DIRECTION('',(-1.495879443705E-14,-1.,0.));
#1922 = ORIENTED_EDGE('',*,*,#1923,.T.);
#1923 = EDGE_CURVE('',#1915,#1924,#1926,.T.);
#1924 = VERTEX_POINT('',#1925);
#1925 = CARTESIAN_POINT('',(79.32,-74.2925,0.));
#1926 = CIRCLE('',#1927,0.95);
#1927 = AXIS2_PLACEMENT_3D('',#1928,#1929,#1930);
#1928 = CARTESIAN_POINT('',(79.32,-73.3425,0.));
#1929 = DIRECTION('',(-0.,0.,-1.));
#1930 = DIRECTION('',(-0.,-1.,0.));
#1931 = ORIENTED_EDGE('',*,*,#1932,.T.);
#1932 = EDGE_CURVE('',#1924,#1904,#1933,.T.);
#1933 = CIRCLE('',#1934,0.95);
#1934 = AXIS2_PLACEMENT_3D('',#1935,#1936,#1937);
#1935 = CARTESIAN_POINT('',(79.32,-73.3425,0.));
#1936 = DIRECTION('',(-0.,0.,-1.));
#1937 = DIRECTION('',(-0.,-1.,0.));
#1938 = FACE_BOUND('',#1939,.F.);
#1939 = EDGE_LOOP('',(#1940));
#1940 = ORIENTED_EDGE('',*,*,#1941,.T.);
#1941 = EDGE_CURVE('',#1942,#1942,#1944,.T.);
#1942 = VERTEX_POINT('',#1943);
#1943 = CARTESIAN_POINT('',(81.01,-72.3025,0.));
#1944 = CIRCLE('',#1945,1.5);
#1945 = AXIS2_PLACEMENT_3D('',#1946,#1947,#1948);
#1946 = CARTESIAN_POINT('',(81.01,-70.8025,0.));
#1947 = DIRECTION('',(-0.,0.,-1.));
#1948 = DIRECTION('',(-0.,-1.,0.));
#1949 = FACE_BOUND('',#1950,.F.);
#1950 = EDGE_LOOP('',(#1951));
#1951 = ORIENTED_EDGE('',*,*,#1952,.T.);
#1952 = EDGE_CURVE('',#1953,#1953,#1955,.T.);
#1953 = VERTEX_POINT('',#1954);
#1954 = CARTESIAN_POINT('',(84.82,-75.3925,0.));
#1955 = CIRCLE('',#1956,2.05);
#1956 = AXIS2_PLACEMENT_3D('',#1957,#1958,#1959);
#1957 = CARTESIAN_POINT('',(84.82,-73.3425,0.));
#1958 = DIRECTION('',(-0.,0.,-1.));
#1959 = DIRECTION('',(-0.,-1.,0.));
#1960 = FACE_BOUND('',#1961,.F.);
#1961 = EDGE_LOOP('',(#1962));
#1962 = ORIENTED_EDGE('',*,*,#1963,.T.);
#1963 = EDGE_CURVE('',#1964,#1964,#1966,.T.);
#1964 = VERTEX_POINT('',#1965);
#1965 = CARTESIAN_POINT('',(87.36,-69.7625,0.));
#1966 = CIRCLE('',#1967,1.5);
#1967 = AXIS2_PLACEMENT_3D('',#1968,#1969,#1970);
#1968 = CARTESIAN_POINT('',(87.36,-68.2625,0.));
#1969 = DIRECTION('',(-0.,0.,-1.));
#1970 = DIRECTION('',(-0.,-1.,0.));
#1971 = FACE_BOUND('',#1972,.F.);
#1972 = EDGE_LOOP('',(#1973));
#1973 = ORIENTED_EDGE('',*,*,#1974,.T.);
#1974 = EDGE_CURVE('',#1975,#1975,#1977,.T.);
#1975 = VERTEX_POINT('',#1976);
#1976 = CARTESIAN_POINT('',(57.412,-57.904,0.));
#1977 = CIRCLE('',#1978,0.5);
#1978 = AXIS2_PLACEMENT_3D('',#1979,#1980,#1981);
#1979 = CARTESIAN_POINT('',(57.412,-57.404,0.));
#1980 = DIRECTION('',(-0.,0.,-1.));
#1981 = DIRECTION('',(-0.,-1.,0.));
#1982 = FACE_BOUND('',#1983,.F.);
#1983 = EDGE_LOOP('',(#1984));
#1984 = ORIENTED_EDGE('',*,*,#1985,.T.);
#1985 = EDGE_CURVE('',#1986,#1986,#1988,.T.);
#1986 = VERTEX_POINT('',#1987);
#1987 = CARTESIAN_POINT('',(57.412,-55.364,0.));
#1988 = CIRCLE('',#1989,0.5);
#1989 = AXIS2_PLACEMENT_3D('',#1990,#1991,#1992);
#1990 = CARTESIAN_POINT('',(57.412,-54.864,0.));
#1991 = DIRECTION('',(-0.,0.,-1.));
#1992 = DIRECTION('',(-0.,-1.,0.));
#1993 = FACE_BOUND('',#1994,.F.);
#1994 = EDGE_LOOP('',(#1995));
#1995 = ORIENTED_EDGE('',*,*,#1996,.T.);
#1996 = EDGE_CURVE('',#1997,#1997,#1999,.T.);
#1997 = VERTEX_POINT('',#1998);
#1998 = CARTESIAN_POINT('',(61.742,-55.927,0.));
#1999 = CIRCLE('',#2000,0.375);
#2000 = AXIS2_PLACEMENT_3D('',#2001,#2002,#2003);
#2001 = CARTESIAN_POINT('',(61.742,-55.552,0.));
#2002 = DIRECTION('',(-0.,0.,-1.));
#2003 = DIRECTION('',(-0.,-1.,0.));
#2004 = FACE_BOUND('',#2005,.F.);
#2005 = EDGE_LOOP('',(#2006));
#2006 = ORIENTED_EDGE('',*,*,#2007,.T.);
#2007 = EDGE_CURVE('',#2008,#2008,#2010,.T.);
#2008 = VERTEX_POINT('',#2009);
#2009 = CARTESIAN_POINT('',(61.742,-53.927,0.));
#2010 = CIRCLE('',#2011,0.375);
#2011 = AXIS2_PLACEMENT_3D('',#2012,#2013,#2014);
#2012 = CARTESIAN_POINT('',(61.742,-53.552,0.));
#2013 = DIRECTION('',(-0.,0.,-1.));
#2014 = DIRECTION('',(-0.,-1.,0.));
#2015 = FACE_BOUND('',#2016,.F.);
#2016 = EDGE_LOOP('',(#2017));
#2017 = ORIENTED_EDGE('',*,*,#2018,.T.);
#2018 = EDGE_CURVE('',#2019,#2019,#2021,.T.);
#2019 = VERTEX_POINT('',#2020);
#2020 = CARTESIAN_POINT('',(57.412,-52.824,0.));
#2021 = CIRCLE('',#2022,0.5);
#2022 = AXIS2_PLACEMENT_3D('',#2023,#2024,#2025);
#2023 = CARTESIAN_POINT('',(57.412,-52.324,0.));
#2024 = DIRECTION('',(-0.,0.,-1.));
#2025 = DIRECTION('',(-0.,-1.,0.));
#2026 = FACE_BOUND('',#2027,.F.);
#2027 = EDGE_LOOP('',(#2028));
#2028 = ORIENTED_EDGE('',*,*,#2029,.T.);
#2029 = EDGE_CURVE('',#2030,#2030,#2032,.T.);
#2030 = VERTEX_POINT('',#2031);
#2031 = CARTESIAN_POINT('',(79.82,-59.4925,0.));
#2032 = CIRCLE('',#2033,1.5);
#2033 = AXIS2_PLACEMENT_3D('',#2034,#2035,#2036);
#2034 = CARTESIAN_POINT('',(79.82,-57.9925,0.));
#2035 = DIRECTION('',(-0.,0.,-1.));
#2036 = DIRECTION('',(-0.,-1.,0.));
#2037 = FACE_BOUND('',#2038,.F.);
#2038 = EDGE_LOOP('',(#2039));
#2039 = ORIENTED_EDGE('',*,*,#2040,.T.);
#2040 = EDGE_CURVE('',#2041,#2041,#2043,.T.);
#2041 = VERTEX_POINT('',#2042);
#2042 = CARTESIAN_POINT('',(84.82,-61.6925,0.));
#2043 = CIRCLE('',#2044,1.5);
#2044 = AXIS2_PLACEMENT_3D('',#2045,#2046,#2047);
#2045 = CARTESIAN_POINT('',(84.82,-60.1925,0.));
#2046 = DIRECTION('',(-0.,0.,-1.));
#2047 = DIRECTION('',(-0.,-1.,0.));
#2048 = FACE_BOUND('',#2049,.F.);
#2049 = EDGE_LOOP('',(#2050,#2061,#2070,#2079));
#2050 = ORIENTED_EDGE('',*,*,#2051,.T.);
#2051 = EDGE_CURVE('',#2052,#2054,#2056,.T.);
#2052 = VERTEX_POINT('',#2053);
#2053 = CARTESIAN_POINT('',(79.53,-53.36600121424,0.));
#2054 = VERTEX_POINT('',#2055);
#2055 = CARTESIAN_POINT('',(79.74,-55.2425,0.));
#2056 = CIRCLE('',#2057,0.95);
#2057 = AXIS2_PLACEMENT_3D('',#2058,#2059,#2060);
#2058 = CARTESIAN_POINT('',(79.74,-54.2925,0.));
#2059 = DIRECTION('',(-0.,0.,-1.));
#2060 = DIRECTION('',(-1.495879443705E-14,-1.,0.));
#2061 = ORIENTED_EDGE('',*,*,#2062,.T.);
#2062 = EDGE_CURVE('',#2054,#2063,#2065,.T.);
#2063 = VERTEX_POINT('',#2064);
#2064 = CARTESIAN_POINT('',(79.53,-55.21899878575,0.));
#2065 = CIRCLE('',#2066,0.95);
#2066 = AXIS2_PLACEMENT_3D('',#2067,#2068,#2069);
#2067 = CARTESIAN_POINT('',(79.74,-54.2925,0.));
#2068 = DIRECTION('',(-0.,0.,-1.));
#2069 = DIRECTION('',(-1.495879443705E-14,-1.,0.));
#2070 = ORIENTED_EDGE('',*,*,#2071,.T.);
#2071 = EDGE_CURVE('',#2063,#2072,#2074,.T.);
#2072 = VERTEX_POINT('',#2073);
#2073 = CARTESIAN_POINT('',(79.32,-55.2425,0.));
#2074 = CIRCLE('',#2075,0.95);
#2075 = AXIS2_PLACEMENT_3D('',#2076,#2077,#2078);
#2076 = CARTESIAN_POINT('',(79.32,-54.2925,0.));
#2077 = DIRECTION('',(-0.,0.,-1.));
#2078 = DIRECTION('',(-0.,-1.,0.));
#2079 = ORIENTED_EDGE('',*,*,#2080,.T.);
#2080 = EDGE_CURVE('',#2072,#2052,#2081,.T.);
#2081 = CIRCLE('',#2082,0.95);
#2082 = AXIS2_PLACEMENT_3D('',#2083,#2084,#2085);
#2083 = CARTESIAN_POINT('',(79.32,-54.2925,0.));
#2084 = DIRECTION('',(-0.,0.,-1.));
#2085 = DIRECTION('',(-0.,-1.,0.));
#2086 = FACE_BOUND('',#2087,.F.);
#2087 = EDGE_LOOP('',(#2088));
#2088 = ORIENTED_EDGE('',*,*,#2089,.T.);
#2089 = EDGE_CURVE('',#2090,#2090,#2092,.T.);
#2090 = VERTEX_POINT('',#2091);
#2091 = CARTESIAN_POINT('',(81.01,-53.2525,0.));
#2092 = CIRCLE('',#2093,1.5);
#2093 = AXIS2_PLACEMENT_3D('',#2094,#2095,#2096);
#2094 = CARTESIAN_POINT('',(81.01,-51.7525,0.));
#2095 = DIRECTION('',(-0.,0.,-1.));
#2096 = DIRECTION('',(-0.,-1.,0.));
#2097 = FACE_BOUND('',#2098,.F.);
#2098 = EDGE_LOOP('',(#2099));
#2099 = ORIENTED_EDGE('',*,*,#2100,.T.);
#2100 = EDGE_CURVE('',#2101,#2101,#2103,.T.);
#2101 = VERTEX_POINT('',#2102);
#2102 = CARTESIAN_POINT('',(84.82,-56.3425,0.));
#2103 = CIRCLE('',#2104,2.05);
#2104 = AXIS2_PLACEMENT_3D('',#2105,#2106,#2107);
#2105 = CARTESIAN_POINT('',(84.82,-54.2925,0.));
#2106 = DIRECTION('',(-0.,0.,-1.));
#2107 = DIRECTION('',(-0.,-1.,0.));
#2108 = FACE_BOUND('',#2109,.F.);
#2109 = EDGE_LOOP('',(#2110));
#2110 = ORIENTED_EDGE('',*,*,#2111,.T.);
#2111 = EDGE_CURVE('',#2112,#2112,#2114,.T.);
#2112 = VERTEX_POINT('',#2113);
#2113 = CARTESIAN_POINT('',(87.36,-50.7125,0.));
#2114 = CIRCLE('',#2115,1.5);
#2115 = AXIS2_PLACEMENT_3D('',#2116,#2117,#2118);
#2116 = CARTESIAN_POINT('',(87.36,-49.2125,0.));
#2117 = DIRECTION('',(-0.,0.,-1.));
#2118 = DIRECTION('',(-0.,-1.,0.));
#2119 = FACE_BOUND('',#2120,.F.);
#2120 = EDGE_LOOP('',(#2121,#2132,#2141,#2150));
#2121 = ORIENTED_EDGE('',*,*,#2122,.T.);
#2122 = EDGE_CURVE('',#2123,#2125,#2127,.T.);
#2123 = VERTEX_POINT('',#2124);
#2124 = CARTESIAN_POINT('',(90.11,-72.41600121424,0.));
#2125 = VERTEX_POINT('',#2126);
#2126 = CARTESIAN_POINT('',(90.32,-74.2925,0.));
#2127 = CIRCLE('',#2128,0.95);
#2128 = AXIS2_PLACEMENT_3D('',#2129,#2130,#2131);
#2129 = CARTESIAN_POINT('',(90.32,-73.3425,0.));
#2130 = DIRECTION('',(-0.,0.,-1.));
#2131 = DIRECTION('',(-0.,-1.,0.));
#2132 = ORIENTED_EDGE('',*,*,#2133,.T.);
#2133 = EDGE_CURVE('',#2125,#2134,#2136,.T.);
#2134 = VERTEX_POINT('',#2135);
#2135 = CARTESIAN_POINT('',(90.11,-74.26899878575,0.));
#2136 = CIRCLE('',#2137,0.95);
#2137 = AXIS2_PLACEMENT_3D('',#2138,#2139,#2140);
#2138 = CARTESIAN_POINT('',(90.32,-73.3425,0.));
#2139 = DIRECTION('',(-0.,0.,-1.));
#2140 = DIRECTION('',(-0.,-1.,0.));
#2141 = ORIENTED_EDGE('',*,*,#2142,.T.);
#2142 = EDGE_CURVE('',#2134,#2143,#2145,.T.);
#2143 = VERTEX_POINT('',#2144);
#2144 = CARTESIAN_POINT('',(89.9,-74.2925,0.));
#2145 = CIRCLE('',#2146,0.95);
#2146 = AXIS2_PLACEMENT_3D('',#2147,#2148,#2149);
#2147 = CARTESIAN_POINT('',(89.9,-73.3425,0.));
#2148 = DIRECTION('',(-0.,0.,-1.));
#2149 = DIRECTION('',(-0.,-1.,0.));
#2150 = ORIENTED_EDGE('',*,*,#2151,.T.);
#2151 = EDGE_CURVE('',#2143,#2123,#2152,.T.);
#2152 = CIRCLE('',#2153,0.95);
#2153 = AXIS2_PLACEMENT_3D('',#2154,#2155,#2156);
#2154 = CARTESIAN_POINT('',(89.9,-73.3425,0.));
#2155 = DIRECTION('',(-0.,0.,-1.));
#2156 = DIRECTION('',(-0.,-1.,0.));
#2157 = FACE_BOUND('',#2158,.F.);
#2158 = EDGE_LOOP('',(#2159));
#2159 = ORIENTED_EDGE('',*,*,#2160,.T.);
#2160 = EDGE_CURVE('',#2161,#2161,#2163,.T.);
#2161 = VERTEX_POINT('',#2162);
#2162 = CARTESIAN_POINT('',(98.87,-74.7325,0.));
#2163 = CIRCLE('',#2164,1.5);
#2164 = AXIS2_PLACEMENT_3D('',#2165,#2166,#2167);
#2165 = CARTESIAN_POINT('',(98.87,-73.2325,0.));
#2166 = DIRECTION('',(-0.,0.,-1.));
#2167 = DIRECTION('',(-0.,-1.,0.));
#2168 = FACE_BOUND('',#2169,.F.);
#2169 = EDGE_LOOP('',(#2170));
#2170 = ORIENTED_EDGE('',*,*,#2171,.T.);
#2171 = EDGE_CURVE('',#2172,#2172,#2174,.T.);
#2172 = VERTEX_POINT('',#2173);
#2173 = CARTESIAN_POINT('',(103.87,-76.9325,0.));
#2174 = CIRCLE('',#2175,1.5);
#2175 = AXIS2_PLACEMENT_3D('',#2176,#2177,#2178);
#2176 = CARTESIAN_POINT('',(103.87,-75.4325,0.));
#2177 = DIRECTION('',(-0.,0.,-1.));
#2178 = DIRECTION('',(-0.,-1.,0.));
#2179 = FACE_BOUND('',#2180,.F.);
#2180 = EDGE_LOOP('',(#2181,#2192,#2201,#2210));
#2181 = ORIENTED_EDGE('',*,*,#2182,.T.);
#2182 = EDGE_CURVE('',#2183,#2185,#2187,.T.);
#2183 = VERTEX_POINT('',#2184);
#2184 = CARTESIAN_POINT('',(98.58,-68.60600121424,0.));
#2185 = VERTEX_POINT('',#2186);
#2186 = CARTESIAN_POINT('',(98.79,-70.4825,0.));
#2187 = CIRCLE('',#2188,0.95);
#2188 = AXIS2_PLACEMENT_3D('',#2189,#2190,#2191);
#2189 = CARTESIAN_POINT('',(98.79,-69.5325,0.));
#2190 = DIRECTION('',(-0.,0.,-1.));
#2191 = DIRECTION('',(1.495879443705E-14,-1.,-0.));
#2192 = ORIENTED_EDGE('',*,*,#2193,.T.);
#2193 = EDGE_CURVE('',#2185,#2194,#2196,.T.);
#2194 = VERTEX_POINT('',#2195);
#2195 = CARTESIAN_POINT('',(98.58,-70.45899878575,0.));
#2196 = CIRCLE('',#2197,0.95);
#2197 = AXIS2_PLACEMENT_3D('',#2198,#2199,#2200);
#2198 = CARTESIAN_POINT('',(98.79,-69.5325,0.));
#2199 = DIRECTION('',(-0.,0.,-1.));
#2200 = DIRECTION('',(1.495879443705E-14,-1.,-0.));
#2201 = ORIENTED_EDGE('',*,*,#2202,.T.);
#2202 = EDGE_CURVE('',#2194,#2203,#2205,.T.);
#2203 = VERTEX_POINT('',#2204);
#2204 = CARTESIAN_POINT('',(98.37,-70.4825,0.));
#2205 = CIRCLE('',#2206,0.95);
#2206 = AXIS2_PLACEMENT_3D('',#2207,#2208,#2209);
#2207 = CARTESIAN_POINT('',(98.37,-69.5325,0.));
#2208 = DIRECTION('',(-0.,0.,-1.));
#2209 = DIRECTION('',(-0.,-1.,0.));
#2210 = ORIENTED_EDGE('',*,*,#2211,.T.);
#2211 = EDGE_CURVE('',#2203,#2183,#2212,.T.);
#2212 = CIRCLE('',#2213,0.95);
#2213 = AXIS2_PLACEMENT_3D('',#2214,#2215,#2216);
#2214 = CARTESIAN_POINT('',(98.37,-69.5325,0.));
#2215 = DIRECTION('',(-0.,0.,-1.));
#2216 = DIRECTION('',(-0.,-1.,0.));
#2217 = FACE_BOUND('',#2218,.F.);
#2218 = EDGE_LOOP('',(#2219));
#2219 = ORIENTED_EDGE('',*,*,#2220,.T.);
#2220 = EDGE_CURVE('',#2221,#2221,#2223,.T.);
#2221 = VERTEX_POINT('',#2222);
#2222 = CARTESIAN_POINT('',(103.87,-71.5825,0.));
#2223 = CIRCLE('',#2224,2.05);
#2224 = AXIS2_PLACEMENT_3D('',#2225,#2226,#2227);
#2225 = CARTESIAN_POINT('',(103.87,-69.5325,0.));
#2226 = DIRECTION('',(-0.,0.,-1.));
#2227 = DIRECTION('',(-0.,-1.,0.));
#2228 = FACE_BOUND('',#2229,.F.);
#2229 = EDGE_LOOP('',(#2230));
#2230 = ORIENTED_EDGE('',*,*,#2231,.T.);
#2231 = EDGE_CURVE('',#2232,#2232,#2234,.T.);
#2232 = VERTEX_POINT('',#2233);
#2233 = CARTESIAN_POINT('',(100.06,-68.4925,0.));
#2234 = CIRCLE('',#2235,1.5);
#2235 = AXIS2_PLACEMENT_3D('',#2236,#2237,#2238);
#2236 = CARTESIAN_POINT('',(100.06,-66.9925,0.));
#2237 = DIRECTION('',(-0.,0.,-1.));
#2238 = DIRECTION('',(-0.,-1.,0.));
#2239 = FACE_BOUND('',#2240,.F.);
#2240 = EDGE_LOOP('',(#2241,#2252,#2261,#2270));
#2241 = ORIENTED_EDGE('',*,*,#2242,.T.);
#2242 = EDGE_CURVE('',#2243,#2245,#2247,.T.);
#2243 = VERTEX_POINT('',#2244);
#2244 = CARTESIAN_POINT('',(109.16,-68.60600121424,0.));
#2245 = VERTEX_POINT('',#2246);
#2246 = CARTESIAN_POINT('',(109.37,-70.4825,0.));
#2247 = CIRCLE('',#2248,0.95);
#2248 = AXIS2_PLACEMENT_3D('',#2249,#2250,#2251);
#2249 = CARTESIAN_POINT('',(109.37,-69.5325,0.));
#2250 = DIRECTION('',(-0.,0.,-1.));
#2251 = DIRECTION('',(-0.,-1.,0.));
#2252 = ORIENTED_EDGE('',*,*,#2253,.T.);
#2253 = EDGE_CURVE('',#2245,#2254,#2256,.T.);
#2254 = VERTEX_POINT('',#2255);
#2255 = CARTESIAN_POINT('',(109.16,-70.45899878575,0.));
#2256 = CIRCLE('',#2257,0.95);
#2257 = AXIS2_PLACEMENT_3D('',#2258,#2259,#2260);
#2258 = CARTESIAN_POINT('',(109.37,-69.5325,0.));
#2259 = DIRECTION('',(-0.,0.,-1.));
#2260 = DIRECTION('',(-0.,-1.,0.));
#2261 = ORIENTED_EDGE('',*,*,#2262,.T.);
#2262 = EDGE_CURVE('',#2254,#2263,#2265,.T.);
#2263 = VERTEX_POINT('',#2264);
#2264 = CARTESIAN_POINT('',(108.95,-70.4825,0.));
#2265 = CIRCLE('',#2266,0.95);
#2266 = AXIS2_PLACEMENT_3D('',#2267,#2268,#2269);
#2267 = CARTESIAN_POINT('',(108.95,-69.5325,0.));
#2268 = DIRECTION('',(-0.,0.,-1.));
#2269 = DIRECTION('',(-0.,-1.,0.));
#2270 = ORIENTED_EDGE('',*,*,#2271,.T.);
#2271 = EDGE_CURVE('',#2263,#2243,#2272,.T.);
#2272 = CIRCLE('',#2273,0.95);
#2273 = AXIS2_PLACEMENT_3D('',#2274,#2275,#2276);
#2274 = CARTESIAN_POINT('',(108.95,-69.5325,0.));
#2275 = DIRECTION('',(-0.,0.,-1.));
#2276 = DIRECTION('',(-0.,-1.,0.));
#2277 = FACE_BOUND('',#2278,.F.);
#2278 = EDGE_LOOP('',(#2279));
#2279 = ORIENTED_EDGE('',*,*,#2280,.T.);
#2280 = EDGE_CURVE('',#2281,#2281,#2283,.T.);
#2281 = VERTEX_POINT('',#2282);
#2282 = CARTESIAN_POINT('',(117.92,-71.875,0.));
#2283 = CIRCLE('',#2284,1.5);
#2284 = AXIS2_PLACEMENT_3D('',#2285,#2286,#2287);
#2285 = CARTESIAN_POINT('',(117.92,-70.375,0.));
#2286 = DIRECTION('',(-0.,0.,-1.));
#2287 = DIRECTION('',(-0.,-1.,0.));
#2288 = FACE_BOUND('',#2289,.F.);
#2289 = EDGE_LOOP('',(#2290));
#2290 = ORIENTED_EDGE('',*,*,#2291,.T.);
#2291 = EDGE_CURVE('',#2292,#2292,#2294,.T.);
#2292 = VERTEX_POINT('',#2293);
#2293 = CARTESIAN_POINT('',(106.41,-65.9525,0.));
#2294 = CIRCLE('',#2295,1.5);
#2295 = AXIS2_PLACEMENT_3D('',#2296,#2297,#2298);
#2296 = CARTESIAN_POINT('',(106.41,-64.4525,0.));
#2297 = DIRECTION('',(-0.,0.,-1.));
#2298 = DIRECTION('',(-0.,-1.,0.));
#2299 = FACE_BOUND('',#2300,.F.);
#2300 = EDGE_LOOP('',(#2301,#2312,#2321,#2330));
#2301 = ORIENTED_EDGE('',*,*,#2302,.T.);
#2302 = EDGE_CURVE('',#2303,#2305,#2307,.T.);
#2303 = VERTEX_POINT('',#2304);
#2304 = CARTESIAN_POINT('',(117.63,-65.74850121424,0.));
#2305 = VERTEX_POINT('',#2306);
#2306 = CARTESIAN_POINT('',(117.84,-67.625,0.));
#2307 = CIRCLE('',#2308,0.95);
#2308 = AXIS2_PLACEMENT_3D('',#2309,#2310,#2311);
#2309 = CARTESIAN_POINT('',(117.84,-66.675,0.));
#2310 = DIRECTION('',(-0.,0.,-1.));
#2311 = DIRECTION('',(-0.,-1.,0.));
#2312 = ORIENTED_EDGE('',*,*,#2313,.T.);
#2313 = EDGE_CURVE('',#2305,#2314,#2316,.T.);
#2314 = VERTEX_POINT('',#2315);
#2315 = CARTESIAN_POINT('',(117.63,-67.60149878575,0.));
#2316 = CIRCLE('',#2317,0.95);
#2317 = AXIS2_PLACEMENT_3D('',#2318,#2319,#2320);
#2318 = CARTESIAN_POINT('',(117.84,-66.675,0.));
#2319 = DIRECTION('',(-0.,0.,-1.));
#2320 = DIRECTION('',(-0.,-1.,0.));
#2321 = ORIENTED_EDGE('',*,*,#2322,.T.);
#2322 = EDGE_CURVE('',#2314,#2323,#2325,.T.);
#2323 = VERTEX_POINT('',#2324);
#2324 = CARTESIAN_POINT('',(117.42,-67.625,0.));
#2325 = CIRCLE('',#2326,0.95);
#2326 = AXIS2_PLACEMENT_3D('',#2327,#2328,#2329);
#2327 = CARTESIAN_POINT('',(117.42,-66.675,0.));
#2328 = DIRECTION('',(-0.,0.,-1.));
#2329 = DIRECTION('',(-0.,-1.,0.));
#2330 = ORIENTED_EDGE('',*,*,#2331,.T.);
#2331 = EDGE_CURVE('',#2323,#2303,#2332,.T.);
#2332 = CIRCLE('',#2333,0.95);
#2333 = AXIS2_PLACEMENT_3D('',#2334,#2335,#2336);
#2334 = CARTESIAN_POINT('',(117.42,-66.675,0.));
#2335 = DIRECTION('',(-0.,0.,-1.));
#2336 = DIRECTION('',(-0.,-1.,0.));
#2337 = FACE_BOUND('',#2338,.F.);
#2338 = EDGE_LOOP('',(#2339));
#2339 = ORIENTED_EDGE('',*,*,#2340,.T.);
#2340 = EDGE_CURVE('',#2341,#2341,#2343,.T.);
#2341 = VERTEX_POINT('',#2342);
#2342 = CARTESIAN_POINT('',(119.11,-65.635,0.));
#2343 = CIRCLE('',#2344,1.5);
#2344 = AXIS2_PLACEMENT_3D('',#2345,#2346,#2347);
#2345 = CARTESIAN_POINT('',(119.11,-64.135,0.));
#2346 = DIRECTION('',(-0.,0.,-1.));
#2347 = DIRECTION('',(-0.,-1.,0.));
#2348 = FACE_BOUND('',#2349,.F.);
#2349 = EDGE_LOOP('',(#2350));
#2350 = ORIENTED_EDGE('',*,*,#2351,.T.);
#2351 = EDGE_CURVE('',#2352,#2352,#2354,.T.);
#2352 = VERTEX_POINT('',#2353);
#2353 = CARTESIAN_POINT('',(103.87,-57.8825,0.));
#2354 = CIRCLE('',#2355,1.5);
#2355 = AXIS2_PLACEMENT_3D('',#2356,#2357,#2358);
#2356 = CARTESIAN_POINT('',(103.87,-56.3825,0.));
#2357 = DIRECTION('',(-0.,0.,-1.));
#2358 = DIRECTION('',(-0.,-1.,0.));
#2359 = FACE_BOUND('',#2360,.F.);
#2360 = EDGE_LOOP('',(#2361,#2372,#2381,#2390));
#2361 = ORIENTED_EDGE('',*,*,#2362,.T.);
#2362 = EDGE_CURVE('',#2363,#2365,#2367,.T.);
#2363 = VERTEX_POINT('',#2364);
#2364 = CARTESIAN_POINT('',(90.11,-53.36600121424,0.));
#2365 = VERTEX_POINT('',#2366);
#2366 = CARTESIAN_POINT('',(90.32,-55.2425,0.));
#2367 = CIRCLE('',#2368,0.95);
#2368 = AXIS2_PLACEMENT_3D('',#2369,#2370,#2371);
#2369 = CARTESIAN_POINT('',(90.32,-54.2925,0.));
#2370 = DIRECTION('',(-0.,0.,-1.));
#2371 = DIRECTION('',(-0.,-1.,0.));
#2372 = ORIENTED_EDGE('',*,*,#2373,.T.);
#2373 = EDGE_CURVE('',#2365,#2374,#2376,.T.);
#2374 = VERTEX_POINT('',#2375);
#2375 = CARTESIAN_POINT('',(90.11,-55.21899878575,0.));
#2376 = CIRCLE('',#2377,0.95);
#2377 = AXIS2_PLACEMENT_3D('',#2378,#2379,#2380);
#2378 = CARTESIAN_POINT('',(90.32,-54.2925,0.));
#2379 = DIRECTION('',(-0.,0.,-1.));
#2380 = DIRECTION('',(-0.,-1.,0.));
#2381 = ORIENTED_EDGE('',*,*,#2382,.T.);
#2382 = EDGE_CURVE('',#2374,#2383,#2385,.T.);
#2383 = VERTEX_POINT('',#2384);
#2384 = CARTESIAN_POINT('',(89.9,-55.2425,0.));
#2385 = CIRCLE('',#2386,0.95);
#2386 = AXIS2_PLACEMENT_3D('',#2387,#2388,#2389);
#2387 = CARTESIAN_POINT('',(89.9,-54.2925,0.));
#2388 = DIRECTION('',(-0.,0.,-1.));
#2389 = DIRECTION('',(-0.,-1.,0.));
#2390 = ORIENTED_EDGE('',*,*,#2391,.T.);
#2391 = EDGE_CURVE('',#2383,#2363,#2392,.T.);
#2392 = CIRCLE('',#2393,0.95);
#2393 = AXIS2_PLACEMENT_3D('',#2394,#2395,#2396);
#2394 = CARTESIAN_POINT('',(89.9,-54.2925,0.));
#2395 = DIRECTION('',(-0.,0.,-1.));
#2396 = DIRECTION('',(-0.,-1.,0.));
#2397 = FACE_BOUND('',#2398,.F.);
#2398 = EDGE_LOOP('',(#2399));
#2399 = ORIENTED_EDGE('',*,*,#2400,.T.);
#2400 = EDGE_CURVE('',#2401,#2401,#2403,.T.);
#2401 = VERTEX_POINT('',#2402);
#2402 = CARTESIAN_POINT('',(98.87,-55.6825,0.));
#2403 = CIRCLE('',#2404,1.5);
#2404 = AXIS2_PLACEMENT_3D('',#2405,#2406,#2407);
#2405 = CARTESIAN_POINT('',(98.87,-54.1825,0.));
#2406 = DIRECTION('',(-0.,0.,-1.));
#2407 = DIRECTION('',(-0.,-1.,0.));
#2408 = FACE_BOUND('',#2409,.F.);
#2409 = EDGE_LOOP('',(#2410,#2421,#2430,#2439));
#2410 = ORIENTED_EDGE('',*,*,#2411,.T.);
#2411 = EDGE_CURVE('',#2412,#2414,#2416,.T.);
#2412 = VERTEX_POINT('',#2413);
#2413 = CARTESIAN_POINT('',(98.58,-49.55600121424,0.));
#2414 = VERTEX_POINT('',#2415);
#2415 = CARTESIAN_POINT('',(98.79,-51.4325,0.));
#2416 = CIRCLE('',#2417,0.95);
#2417 = AXIS2_PLACEMENT_3D('',#2418,#2419,#2420);
#2418 = CARTESIAN_POINT('',(98.79,-50.4825,0.));
#2419 = DIRECTION('',(-0.,0.,-1.));
#2420 = DIRECTION('',(1.495879443705E-14,-1.,-0.));
#2421 = ORIENTED_EDGE('',*,*,#2422,.T.);
#2422 = EDGE_CURVE('',#2414,#2423,#2425,.T.);
#2423 = VERTEX_POINT('',#2424);
#2424 = CARTESIAN_POINT('',(98.58,-51.40899878575,0.));
#2425 = CIRCLE('',#2426,0.95);
#2426 = AXIS2_PLACEMENT_3D('',#2427,#2428,#2429);
#2427 = CARTESIAN_POINT('',(98.79,-50.4825,0.));
#2428 = DIRECTION('',(-0.,0.,-1.));
#2429 = DIRECTION('',(1.495879443705E-14,-1.,-0.));
#2430 = ORIENTED_EDGE('',*,*,#2431,.T.);
#2431 = EDGE_CURVE('',#2423,#2432,#2434,.T.);
#2432 = VERTEX_POINT('',#2433);
#2433 = CARTESIAN_POINT('',(98.37,-51.4325,0.));
#2434 = CIRCLE('',#2435,0.95);
#2435 = AXIS2_PLACEMENT_3D('',#2436,#2437,#2438);
#2436 = CARTESIAN_POINT('',(98.37,-50.4825,0.));
#2437 = DIRECTION('',(-0.,0.,-1.));
#2438 = DIRECTION('',(-0.,-1.,0.));
#2439 = ORIENTED_EDGE('',*,*,#2440,.T.);
#2440 = EDGE_CURVE('',#2432,#2412,#2441,.T.);
#2441 = CIRCLE('',#2442,0.95);
#2442 = AXIS2_PLACEMENT_3D('',#2443,#2444,#2445);
#2443 = CARTESIAN_POINT('',(98.37,-50.4825,0.));
#2444 = DIRECTION('',(-0.,0.,-1.));
#2445 = DIRECTION('',(-0.,-1.,0.));
#2446 = FACE_BOUND('',#2447,.F.);
#2447 = EDGE_LOOP('',(#2448));
#2448 = ORIENTED_EDGE('',*,*,#2449,.T.);
#2449 = EDGE_CURVE('',#2450,#2450,#2452,.T.);
#2450 = VERTEX_POINT('',#2451);
#2451 = CARTESIAN_POINT('',(103.87,-52.5325,0.));
#2452 = CIRCLE('',#2453,2.05);
#2453 = AXIS2_PLACEMENT_3D('',#2454,#2455,#2456);
#2454 = CARTESIAN_POINT('',(103.87,-50.4825,0.));
#2455 = DIRECTION('',(-0.,0.,-1.));
#2456 = DIRECTION('',(-0.,-1.,0.));
#2457 = FACE_BOUND('',#2458,.F.);
#2458 = EDGE_LOOP('',(#2459,#2470,#2479,#2488));
#2459 = ORIENTED_EDGE('',*,*,#2460,.T.);
#2460 = EDGE_CURVE('',#2461,#2463,#2465,.T.);
#2461 = VERTEX_POINT('',#2462);
#2462 = CARTESIAN_POINT('',(109.16,-49.55600121424,0.));
#2463 = VERTEX_POINT('',#2464);
#2464 = CARTESIAN_POINT('',(109.37,-51.4325,0.));
#2465 = CIRCLE('',#2466,0.95);
#2466 = AXIS2_PLACEMENT_3D('',#2467,#2468,#2469);
#2467 = CARTESIAN_POINT('',(109.37,-50.4825,0.));
#2468 = DIRECTION('',(-0.,0.,-1.));
#2469 = DIRECTION('',(-0.,-1.,0.));
#2470 = ORIENTED_EDGE('',*,*,#2471,.T.);
#2471 = EDGE_CURVE('',#2463,#2472,#2474,.T.);
#2472 = VERTEX_POINT('',#2473);
#2473 = CARTESIAN_POINT('',(109.16,-51.40899878575,0.));
#2474 = CIRCLE('',#2475,0.95);
#2475 = AXIS2_PLACEMENT_3D('',#2476,#2477,#2478);
#2476 = CARTESIAN_POINT('',(109.37,-50.4825,0.));
#2477 = DIRECTION('',(-0.,0.,-1.));
#2478 = DIRECTION('',(-0.,-1.,0.));
#2479 = ORIENTED_EDGE('',*,*,#2480,.T.);
#2480 = EDGE_CURVE('',#2472,#2481,#2483,.T.);
#2481 = VERTEX_POINT('',#2482);
#2482 = CARTESIAN_POINT('',(108.95,-51.4325,0.));
#2483 = CIRCLE('',#2484,0.95);
#2484 = AXIS2_PLACEMENT_3D('',#2485,#2486,#2487);
#2485 = CARTESIAN_POINT('',(108.95,-50.4825,0.));
#2486 = DIRECTION('',(-0.,0.,-1.));
#2487 = DIRECTION('',(-0.,-1.,0.));
#2488 = ORIENTED_EDGE('',*,*,#2489,.T.);
#2489 = EDGE_CURVE('',#2481,#2461,#2490,.T.);
#2490 = CIRCLE('',#2491,0.95);
#2491 = AXIS2_PLACEMENT_3D('',#2492,#2493,#2494);
#2492 = CARTESIAN_POINT('',(108.95,-50.4825,0.));
#2493 = DIRECTION('',(-0.,0.,-1.));
#2494 = DIRECTION('',(-0.,-1.,0.));
#2495 = FACE_BOUND('',#2496,.F.);
#2496 = EDGE_LOOP('',(#2497));
#2497 = ORIENTED_EDGE('',*,*,#2498,.T.);
#2498 = EDGE_CURVE('',#2499,#2499,#2501,.T.);
#2499 = VERTEX_POINT('',#2500);
#2500 = CARTESIAN_POINT('',(117.92,-52.825,0.));
#2501 = CIRCLE('',#2502,1.5);
#2502 = AXIS2_PLACEMENT_3D('',#2503,#2504,#2505);
#2503 = CARTESIAN_POINT('',(117.92,-51.325,0.));
#2504 = DIRECTION('',(-0.,0.,-1.));
#2505 = DIRECTION('',(-0.,-1.,0.));
#2506 = FACE_BOUND('',#2507,.F.);
#2507 = EDGE_LOOP('',(#2508));
#2508 = ORIENTED_EDGE('',*,*,#2509,.T.);
#2509 = EDGE_CURVE('',#2510,#2510,#2512,.T.);
#2510 = VERTEX_POINT('',#2511);
#2511 = CARTESIAN_POINT('',(57.2115,-47.1675,0.));
#2512 = CIRCLE('',#2513,0.4445);
#2513 = AXIS2_PLACEMENT_3D('',#2514,#2515,#2516);
#2514 = CARTESIAN_POINT('',(57.2115,-46.723,0.));
#2515 = DIRECTION('',(-0.,0.,-1.));
#2516 = DIRECTION('',(-0.,-1.,0.));
#2517 = FACE_BOUND('',#2518,.F.);
#2518 = EDGE_LOOP('',(#2519));
#2519 = ORIENTED_EDGE('',*,*,#2520,.T.);
#2520 = EDGE_CURVE('',#2521,#2521,#2523,.T.);
#2521 = VERTEX_POINT('',#2522);
#2522 = CARTESIAN_POINT('',(57.2115,-44.6275,0.));
#2523 = CIRCLE('',#2524,0.4445);
#2524 = AXIS2_PLACEMENT_3D('',#2525,#2526,#2527);
#2525 = CARTESIAN_POINT('',(57.2115,-44.183,0.));
#2526 = DIRECTION('',(-0.,0.,-1.));
#2527 = DIRECTION('',(-0.,-1.,0.));
#2528 = FACE_BOUND('',#2529,.F.);
#2529 = EDGE_LOOP('',(#2530));
#2530 = ORIENTED_EDGE('',*,*,#2531,.T.);
#2531 = EDGE_CURVE('',#2532,#2532,#2534,.T.);
#2532 = VERTEX_POINT('',#2533);
#2533 = CARTESIAN_POINT('',(72.4515,-47.1675,0.));
#2534 = CIRCLE('',#2535,0.4445);
#2535 = AXIS2_PLACEMENT_3D('',#2536,#2537,#2538);
#2536 = CARTESIAN_POINT('',(72.4515,-46.723,0.));
#2537 = DIRECTION('',(-0.,0.,-1.));
#2538 = DIRECTION('',(-3.197042680585E-14,-1.,0.));
#2539 = FACE_BOUND('',#2540,.F.);
#2540 = EDGE_LOOP('',(#2541));
#2541 = ORIENTED_EDGE('',*,*,#2542,.T.);
#2542 = EDGE_CURVE('',#2543,#2543,#2545,.T.);
#2543 = VERTEX_POINT('',#2544);
#2544 = CARTESIAN_POINT('',(72.4515,-44.6275,0.));
#2545 = CIRCLE('',#2546,0.4445);
#2546 = AXIS2_PLACEMENT_3D('',#2547,#2548,#2549);
#2547 = CARTESIAN_POINT('',(72.4515,-44.183,0.));
#2548 = DIRECTION('',(-0.,0.,-1.));
#2549 = DIRECTION('',(-3.197042680585E-14,-1.,0.));
#2550 = FACE_BOUND('',#2551,.F.);
#2551 = EDGE_LOOP('',(#2552));
#2552 = ORIENTED_EDGE('',*,*,#2553,.T.);
#2553 = EDGE_CURVE('',#2554,#2554,#2556,.T.);
#2554 = VERTEX_POINT('',#2555);
#2555 = CARTESIAN_POINT('',(57.2115,-42.0875,0.));
#2556 = CIRCLE('',#2557,0.4445);
#2557 = AXIS2_PLACEMENT_3D('',#2558,#2559,#2560);
#2558 = CARTESIAN_POINT('',(57.2115,-41.643,0.));
#2559 = DIRECTION('',(-0.,0.,-1.));
#2560 = DIRECTION('',(-0.,-1.,0.));
#2561 = FACE_BOUND('',#2562,.F.);
#2562 = EDGE_LOOP('',(#2563));
#2563 = ORIENTED_EDGE('',*,*,#2564,.T.);
#2564 = EDGE_CURVE('',#2565,#2565,#2567,.T.);
#2565 = VERTEX_POINT('',#2566);
#2566 = CARTESIAN_POINT('',(57.2115,-39.5475,0.));
#2567 = CIRCLE('',#2568,0.4445);
#2568 = AXIS2_PLACEMENT_3D('',#2569,#2570,#2571);
#2569 = CARTESIAN_POINT('',(57.2115,-39.103,0.));
#2570 = DIRECTION('',(-0.,0.,-1.));
#2571 = DIRECTION('',(-0.,-1.,0.));
#2572 = FACE_BOUND('',#2573,.F.);
#2573 = EDGE_LOOP('',(#2574,#2585,#2593,#2602,#2610,#2619,#2627,#2636,
    #2645,#2653,#2662,#2671,#2679,#2688));
#2574 = ORIENTED_EDGE('',*,*,#2575,.F.);
#2575 = EDGE_CURVE('',#2576,#2578,#2580,.T.);
#2576 = VERTEX_POINT('',#2577);
#2577 = CARTESIAN_POINT('',(60.8315,-39.102999,0.));
#2578 = VERTEX_POINT('',#2579);
#2579 = CARTESIAN_POINT('',(60.331501,-39.602999,0.));
#2580 = CIRCLE('',#2581,0.499999626462);
#2581 = AXIS2_PLACEMENT_3D('',#2582,#2583,#2584);
#2582 = CARTESIAN_POINT('',(60.831500626462,-39.60299862646,0.));
#2583 = DIRECTION('',(0.,0.,1.));
#2584 = DIRECTION('',(-1.252924219376E-06,0.999999999999,0.));
#2585 = ORIENTED_EDGE('',*,*,#2586,.F.);
#2586 = EDGE_CURVE('',#2587,#2576,#2589,.T.);
#2587 = VERTEX_POINT('',#2588);
#2588 = CARTESIAN_POINT('',(68.8315,-39.103,0.));
#2589 = LINE('',#2590,#2591);
#2590 = CARTESIAN_POINT('',(68.8315,-39.103,0.));
#2591 = VECTOR('',#2592,1.);
#2592 = DIRECTION('',(-1.,1.250000005726E-07,0.));
#2593 = ORIENTED_EDGE('',*,*,#2594,.F.);
#2594 = EDGE_CURVE('',#2595,#2587,#2597,.T.);
#2595 = VERTEX_POINT('',#2596);
#2596 = CARTESIAN_POINT('',(69.331499,-39.603,0.));
#2597 = CIRCLE('',#2598,0.499999626462);
#2598 = AXIS2_PLACEMENT_3D('',#2599,#2600,#2601);
#2599 = CARTESIAN_POINT('',(68.831499373538,-39.60299962646,0.));
#2600 = DIRECTION('',(0.,0.,1.));
#2601 = DIRECTION('',(1.,-7.470777813197E-07,0.));
#2602 = ORIENTED_EDGE('',*,*,#2603,.F.);
#2603 = EDGE_CURVE('',#2604,#2595,#2606,.T.);
#2604 = VERTEX_POINT('',#2605);
#2605 = CARTESIAN_POINT('',(69.331499,-44.003,0.));
#2606 = LINE('',#2607,#2608);
#2607 = CARTESIAN_POINT('',(69.331499,-44.003,0.));
#2608 = VECTOR('',#2609,1.);
#2609 = DIRECTION('',(0.,1.,0.));
#2610 = ORIENTED_EDGE('',*,*,#2611,.F.);
#2611 = EDGE_CURVE('',#2612,#2604,#2614,.T.);
#2612 = VERTEX_POINT('',#2613);
#2613 = CARTESIAN_POINT('',(68.8315,-44.502999,0.));
#2614 = CIRCLE('',#2615,0.499997919359);
#2615 = AXIS2_PLACEMENT_3D('',#2616,#2617,#2618);
#2616 = CARTESIAN_POINT('',(68.831501080642,-44.00300108064,0.));
#2617 = DIRECTION('',(0.,0.,1.));
#2618 = DIRECTION('',(-2.161292725286E-06,-0.999999999998,0.));
#2619 = ORIENTED_EDGE('',*,*,#2620,.F.);
#2620 = EDGE_CURVE('',#2621,#2612,#2623,.T.);
#2621 = VERTEX_POINT('',#2622);
#2622 = CARTESIAN_POINT('',(66.323431237141,-44.502999,0.));
#2623 = LINE('',#2624,#2625);
#2624 = CARTESIAN_POINT('',(60.8315,-44.502999,0.));
#2625 = VECTOR('',#2626,1.);
#2626 = DIRECTION('',(1.,0.,0.));
#2627 = ORIENTED_EDGE('',*,*,#2628,.T.);
#2628 = EDGE_CURVE('',#2621,#2629,#2631,.T.);
#2629 = VERTEX_POINT('',#2630);
#2630 = CARTESIAN_POINT('',(65.837512,-45.120823,0.));
#2631 = CIRCLE('',#2632,0.5);
#2632 = AXIS2_PLACEMENT_3D('',#2633,#2634,#2635);
#2633 = CARTESIAN_POINT('',(65.837512,-44.620823,0.));
#2634 = DIRECTION('',(-0.,0.,-1.));
#2635 = DIRECTION('',(-0.,-1.,0.));
#2636 = ORIENTED_EDGE('',*,*,#2637,.T.);
#2637 = EDGE_CURVE('',#2629,#2638,#2640,.T.);
#2638 = VERTEX_POINT('',#2639);
#2639 = CARTESIAN_POINT('',(65.351592762859,-44.502999,0.));
#2640 = CIRCLE('',#2641,0.5);
#2641 = AXIS2_PLACEMENT_3D('',#2642,#2643,#2644);
#2642 = CARTESIAN_POINT('',(65.837512,-44.620823,0.));
#2643 = DIRECTION('',(-0.,0.,-1.));
#2644 = DIRECTION('',(-0.,-1.,0.));
#2645 = ORIENTED_EDGE('',*,*,#2646,.F.);
#2646 = EDGE_CURVE('',#2647,#2638,#2649,.T.);
#2647 = VERTEX_POINT('',#2648);
#2648 = CARTESIAN_POINT('',(64.323431237142,-44.502999,0.));
#2649 = LINE('',#2650,#2651);
#2650 = CARTESIAN_POINT('',(60.8315,-44.502999,0.));
#2651 = VECTOR('',#2652,1.);
#2652 = DIRECTION('',(1.,0.,0.));
#2653 = ORIENTED_EDGE('',*,*,#2654,.T.);
#2654 = EDGE_CURVE('',#2647,#2655,#2657,.T.);
#2655 = VERTEX_POINT('',#2656);
#2656 = CARTESIAN_POINT('',(63.837512,-45.120823,0.));
#2657 = CIRCLE('',#2658,0.5);
#2658 = AXIS2_PLACEMENT_3D('',#2659,#2660,#2661);
#2659 = CARTESIAN_POINT('',(63.837512,-44.620823,0.));
#2660 = DIRECTION('',(-0.,0.,-1.));
#2661 = DIRECTION('',(-1.42108547152E-14,-1.,0.));
#2662 = ORIENTED_EDGE('',*,*,#2663,.T.);
#2663 = EDGE_CURVE('',#2655,#2664,#2666,.T.);
#2664 = VERTEX_POINT('',#2665);
#2665 = CARTESIAN_POINT('',(63.351592762858,-44.502999,0.));
#2666 = CIRCLE('',#2667,0.5);
#2667 = AXIS2_PLACEMENT_3D('',#2668,#2669,#2670);
#2668 = CARTESIAN_POINT('',(63.837512,-44.620823,0.));
#2669 = DIRECTION('',(-0.,0.,-1.));
#2670 = DIRECTION('',(-1.42108547152E-14,-1.,0.));
#2671 = ORIENTED_EDGE('',*,*,#2672,.F.);
#2672 = EDGE_CURVE('',#2673,#2664,#2675,.T.);
#2673 = VERTEX_POINT('',#2674);
#2674 = CARTESIAN_POINT('',(60.8315,-44.502999,0.));
#2675 = LINE('',#2676,#2677);
#2676 = CARTESIAN_POINT('',(60.8315,-44.502999,0.));
#2677 = VECTOR('',#2678,1.);
#2678 = DIRECTION('',(1.,0.,0.));
#2679 = ORIENTED_EDGE('',*,*,#2680,.F.);
#2680 = EDGE_CURVE('',#2681,#2673,#2683,.T.);
#2681 = VERTEX_POINT('',#2682);
#2682 = CARTESIAN_POINT('',(60.3315,-44.002999,0.));
#2683 = CIRCLE('',#2684,0.500001333575);
#2684 = AXIS2_PLACEMENT_3D('',#2685,#2686,#2687);
#2685 = CARTESIAN_POINT('',(60.831501333573,-44.00299766642,0.));
#2686 = DIRECTION('',(0.,0.,1.));
#2687 = DIRECTION('',(-0.999999999996,-2.667139191042E-06,0.));
#2688 = ORIENTED_EDGE('',*,*,#2689,.F.);
#2689 = EDGE_CURVE('',#2578,#2681,#2690,.T.);
#2690 = LINE('',#2691,#2692);
#2691 = CARTESIAN_POINT('',(60.331501,-39.602999,0.));
#2692 = VECTOR('',#2693,1.);
#2693 = DIRECTION('',(-2.272727283138E-07,-1.,0.));
#2694 = FACE_BOUND('',#2695,.F.);
#2695 = EDGE_LOOP('',(#2696));
#2696 = ORIENTED_EDGE('',*,*,#2697,.T.);
#2697 = EDGE_CURVE('',#2698,#2698,#2700,.T.);
#2698 = VERTEX_POINT('',#2699);
#2699 = CARTESIAN_POINT('',(57.2115,-37.0075,0.));
#2700 = CIRCLE('',#2701,0.4445);
#2701 = AXIS2_PLACEMENT_3D('',#2702,#2703,#2704);
#2702 = CARTESIAN_POINT('',(57.2115,-36.563,0.));
#2703 = DIRECTION('',(-0.,0.,-1.));
#2704 = DIRECTION('',(-0.,-1.,0.));
#2705 = FACE_BOUND('',#2706,.F.);
#2706 = EDGE_LOOP('',(#2707));
#2707 = ORIENTED_EDGE('',*,*,#2708,.T.);
#2708 = EDGE_CURVE('',#2709,#2709,#2711,.T.);
#2709 = VERTEX_POINT('',#2710);
#2710 = CARTESIAN_POINT('',(72.4515,-42.0875,0.));
#2711 = CIRCLE('',#2712,0.4445);
#2712 = AXIS2_PLACEMENT_3D('',#2713,#2714,#2715);
#2713 = CARTESIAN_POINT('',(72.4515,-41.643,0.));
#2714 = DIRECTION('',(-0.,0.,-1.));
#2715 = DIRECTION('',(-3.197042680585E-14,-1.,0.));
#2716 = FACE_BOUND('',#2717,.F.);
#2717 = EDGE_LOOP('',(#2718));
#2718 = ORIENTED_EDGE('',*,*,#2719,.T.);
#2719 = EDGE_CURVE('',#2720,#2720,#2722,.T.);
#2720 = VERTEX_POINT('',#2721);
#2721 = CARTESIAN_POINT('',(72.4515,-39.5475,0.));
#2722 = CIRCLE('',#2723,0.4445);
#2723 = AXIS2_PLACEMENT_3D('',#2724,#2725,#2726);
#2724 = CARTESIAN_POINT('',(72.4515,-39.103,0.));
#2725 = DIRECTION('',(-0.,0.,-1.));
#2726 = DIRECTION('',(-3.197042680585E-14,-1.,0.));
#2727 = FACE_BOUND('',#2728,.F.);
#2728 = EDGE_LOOP('',(#2729));
#2729 = ORIENTED_EDGE('',*,*,#2730,.T.);
#2730 = EDGE_CURVE('',#2731,#2731,#2733,.T.);
#2731 = VERTEX_POINT('',#2732);
#2732 = CARTESIAN_POINT('',(72.4515,-37.0075,0.));
#2733 = CIRCLE('',#2734,0.4445);
#2734 = AXIS2_PLACEMENT_3D('',#2735,#2736,#2737);
#2735 = CARTESIAN_POINT('',(72.4515,-36.563,0.));
#2736 = DIRECTION('',(-0.,0.,-1.));
#2737 = DIRECTION('',(-3.197042680585E-14,-1.,0.));
#2738 = FACE_BOUND('',#2739,.F.);
#2739 = EDGE_LOOP('',(#2740));
#2740 = ORIENTED_EDGE('',*,*,#2741,.T.);
#2741 = EDGE_CURVE('',#2742,#2742,#2744,.T.);
#2742 = VERTEX_POINT('',#2743);
#2743 = CARTESIAN_POINT('',(79.82,-40.4425,0.));
#2744 = CIRCLE('',#2745,1.5);
#2745 = AXIS2_PLACEMENT_3D('',#2746,#2747,#2748);
#2746 = CARTESIAN_POINT('',(79.82,-38.9425,0.));
#2747 = DIRECTION('',(-0.,0.,-1.));
#2748 = DIRECTION('',(-0.,-1.,0.));
#2749 = FACE_BOUND('',#2750,.F.);
#2750 = EDGE_LOOP('',(#2751));
#2751 = ORIENTED_EDGE('',*,*,#2752,.T.);
#2752 = EDGE_CURVE('',#2753,#2753,#2755,.T.);
#2753 = VERTEX_POINT('',#2754);
#2754 = CARTESIAN_POINT('',(84.82,-42.6425,0.));
#2755 = CIRCLE('',#2756,1.5);
#2756 = AXIS2_PLACEMENT_3D('',#2757,#2758,#2759);
#2757 = CARTESIAN_POINT('',(84.82,-41.1425,0.));
#2758 = DIRECTION('',(-0.,0.,-1.));
#2759 = DIRECTION('',(-0.,-1.,0.));
#2760 = FACE_BOUND('',#2761,.F.);
#2761 = EDGE_LOOP('',(#2762));
#2762 = ORIENTED_EDGE('',*,*,#2763,.T.);
#2763 = EDGE_CURVE('',#2764,#2764,#2766,.T.);
#2764 = VERTEX_POINT('',#2765);
#2765 = CARTESIAN_POINT('',(57.2115,-34.4675,0.));
#2766 = CIRCLE('',#2767,0.4445);
#2767 = AXIS2_PLACEMENT_3D('',#2768,#2769,#2770);
#2768 = CARTESIAN_POINT('',(57.2115,-34.023,0.));
#2769 = DIRECTION('',(-0.,0.,-1.));
#2770 = DIRECTION('',(-0.,-1.,0.));
#2771 = FACE_BOUND('',#2772,.F.);
#2772 = EDGE_LOOP('',(#2773));
#2773 = ORIENTED_EDGE('',*,*,#2774,.T.);
#2774 = EDGE_CURVE('',#2775,#2775,#2777,.T.);
#2775 = VERTEX_POINT('',#2776);
#2776 = CARTESIAN_POINT('',(57.2115,-31.9275,0.));
#2777 = CIRCLE('',#2778,0.4445);
#2778 = AXIS2_PLACEMENT_3D('',#2779,#2780,#2781);
#2779 = CARTESIAN_POINT('',(57.2115,-31.483,0.));
#2780 = DIRECTION('',(-0.,0.,-1.));
#2781 = DIRECTION('',(-0.,-1.,0.));
#2782 = FACE_BOUND('',#2783,.F.);
#2783 = EDGE_LOOP('',(#2784));
#2784 = ORIENTED_EDGE('',*,*,#2785,.T.);
#2785 = EDGE_CURVE('',#2786,#2786,#2788,.T.);
#2786 = VERTEX_POINT('',#2787);
#2787 = CARTESIAN_POINT('',(72.4515,-34.4675,0.));
#2788 = CIRCLE('',#2789,0.4445);
#2789 = AXIS2_PLACEMENT_3D('',#2790,#2791,#2792);
#2790 = CARTESIAN_POINT('',(72.4515,-34.023,0.));
#2791 = DIRECTION('',(-0.,0.,-1.));
#2792 = DIRECTION('',(-3.197042680585E-14,-1.,0.));
#2793 = FACE_BOUND('',#2794,.F.);
#2794 = EDGE_LOOP('',(#2795));
#2795 = ORIENTED_EDGE('',*,*,#2796,.T.);
#2796 = EDGE_CURVE('',#2797,#2797,#2799,.T.);
#2797 = VERTEX_POINT('',#2798);
#2798 = CARTESIAN_POINT('',(72.4515,-31.9275,0.));
#2799 = CIRCLE('',#2800,0.4445);
#2800 = AXIS2_PLACEMENT_3D('',#2801,#2802,#2803);
#2801 = CARTESIAN_POINT('',(72.4515,-31.483,0.));
#2802 = DIRECTION('',(-0.,0.,-1.));
#2803 = DIRECTION('',(-3.197042680585E-14,-1.,0.));
#2804 = FACE_BOUND('',#2805,.F.);
#2805 = EDGE_LOOP('',(#2806,#2817,#2826,#2835));
#2806 = ORIENTED_EDGE('',*,*,#2807,.T.);
#2807 = EDGE_CURVE('',#2808,#2810,#2812,.T.);
#2808 = VERTEX_POINT('',#2809);
#2809 = CARTESIAN_POINT('',(79.53,-34.31600121424,0.));
#2810 = VERTEX_POINT('',#2811);
#2811 = CARTESIAN_POINT('',(79.74,-36.1925,0.));
#2812 = CIRCLE('',#2813,0.95);
#2813 = AXIS2_PLACEMENT_3D('',#2814,#2815,#2816);
#2814 = CARTESIAN_POINT('',(79.74,-35.2425,0.));
#2815 = DIRECTION('',(-0.,0.,-1.));
#2816 = DIRECTION('',(-1.495879443705E-14,-1.,0.));
#2817 = ORIENTED_EDGE('',*,*,#2818,.T.);
#2818 = EDGE_CURVE('',#2810,#2819,#2821,.T.);
#2819 = VERTEX_POINT('',#2820);
#2820 = CARTESIAN_POINT('',(79.53,-36.16899878575,0.));
#2821 = CIRCLE('',#2822,0.95);
#2822 = AXIS2_PLACEMENT_3D('',#2823,#2824,#2825);
#2823 = CARTESIAN_POINT('',(79.74,-35.2425,0.));
#2824 = DIRECTION('',(-0.,0.,-1.));
#2825 = DIRECTION('',(-1.495879443705E-14,-1.,0.));
#2826 = ORIENTED_EDGE('',*,*,#2827,.T.);
#2827 = EDGE_CURVE('',#2819,#2828,#2830,.T.);
#2828 = VERTEX_POINT('',#2829);
#2829 = CARTESIAN_POINT('',(79.32,-36.1925,0.));
#2830 = CIRCLE('',#2831,0.95);
#2831 = AXIS2_PLACEMENT_3D('',#2832,#2833,#2834);
#2832 = CARTESIAN_POINT('',(79.32,-35.2425,0.));
#2833 = DIRECTION('',(-0.,0.,-1.));
#2834 = DIRECTION('',(-0.,-1.,0.));
#2835 = ORIENTED_EDGE('',*,*,#2836,.T.);
#2836 = EDGE_CURVE('',#2828,#2808,#2837,.T.);
#2837 = CIRCLE('',#2838,0.95);
#2838 = AXIS2_PLACEMENT_3D('',#2839,#2840,#2841);
#2839 = CARTESIAN_POINT('',(79.32,-35.2425,0.));
#2840 = DIRECTION('',(-0.,0.,-1.));
#2841 = DIRECTION('',(-0.,-1.,0.));
#2842 = FACE_BOUND('',#2843,.F.);
#2843 = EDGE_LOOP('',(#2844));
#2844 = ORIENTED_EDGE('',*,*,#2845,.T.);
#2845 = EDGE_CURVE('',#2846,#2846,#2848,.T.);
#2846 = VERTEX_POINT('',#2847);
#2847 = CARTESIAN_POINT('',(81.01,-34.2025,0.));
#2848 = CIRCLE('',#2849,1.5);
#2849 = AXIS2_PLACEMENT_3D('',#2850,#2851,#2852);
#2850 = CARTESIAN_POINT('',(81.01,-32.7025,0.));
#2851 = DIRECTION('',(-0.,0.,-1.));
#2852 = DIRECTION('',(-0.,-1.,0.));
#2853 = FACE_BOUND('',#2854,.F.);
#2854 = EDGE_LOOP('',(#2855));
#2855 = ORIENTED_EDGE('',*,*,#2856,.T.);
#2856 = EDGE_CURVE('',#2857,#2857,#2859,.T.);
#2857 = VERTEX_POINT('',#2858);
#2858 = CARTESIAN_POINT('',(84.82,-37.2925,0.));
#2859 = CIRCLE('',#2860,2.05);
#2860 = AXIS2_PLACEMENT_3D('',#2861,#2862,#2863);
#2861 = CARTESIAN_POINT('',(84.82,-35.2425,0.));
#2862 = DIRECTION('',(-0.,0.,-1.));
#2863 = DIRECTION('',(-0.,-1.,0.));
#2864 = FACE_BOUND('',#2865,.F.);
#2865 = EDGE_LOOP('',(#2866));
#2866 = ORIENTED_EDGE('',*,*,#2867,.T.);
#2867 = EDGE_CURVE('',#2868,#2868,#2870,.T.);
#2868 = VERTEX_POINT('',#2869);
#2869 = CARTESIAN_POINT('',(87.36,-31.6625,0.));
#2870 = CIRCLE('',#2871,1.5);
#2871 = AXIS2_PLACEMENT_3D('',#2872,#2873,#2874);
#2872 = CARTESIAN_POINT('',(87.36,-30.1625,0.));
#2873 = DIRECTION('',(-0.,0.,-1.));
#2874 = DIRECTION('',(-0.,-1.,0.));
#2875 = FACE_BOUND('',#2876,.F.);
#2876 = EDGE_LOOP('',(#2877));
#2877 = ORIENTED_EDGE('',*,*,#2878,.T.);
#2878 = EDGE_CURVE('',#2879,#2879,#2881,.T.);
#2879 = VERTEX_POINT('',#2880);
#2880 = CARTESIAN_POINT('',(100.06,-49.4425,0.));
#2881 = CIRCLE('',#2882,1.5);
#2882 = AXIS2_PLACEMENT_3D('',#2883,#2884,#2885);
#2883 = CARTESIAN_POINT('',(100.06,-47.9425,0.));
#2884 = DIRECTION('',(-0.,0.,-1.));
#2885 = DIRECTION('',(-0.,-1.,0.));
#2886 = FACE_BOUND('',#2887,.F.);
#2887 = EDGE_LOOP('',(#2888));
#2888 = ORIENTED_EDGE('',*,*,#2889,.T.);
#2889 = EDGE_CURVE('',#2890,#2890,#2892,.T.);
#2890 = VERTEX_POINT('',#2891);
#2891 = CARTESIAN_POINT('',(103.87,-38.8325,0.));
#2892 = CIRCLE('',#2893,1.5);
#2893 = AXIS2_PLACEMENT_3D('',#2894,#2895,#2896);
#2894 = CARTESIAN_POINT('',(103.87,-37.3325,0.));
#2895 = DIRECTION('',(-0.,0.,-1.));
#2896 = DIRECTION('',(-0.,-1.,0.));
#2897 = FACE_BOUND('',#2898,.F.);
#2898 = EDGE_LOOP('',(#2899));
#2899 = ORIENTED_EDGE('',*,*,#2900,.T.);
#2900 = EDGE_CURVE('',#2901,#2901,#2903,.T.);
#2901 = VERTEX_POINT('',#2902);
#2902 = CARTESIAN_POINT('',(106.41,-46.9025,0.));
#2903 = CIRCLE('',#2904,1.5);
#2904 = AXIS2_PLACEMENT_3D('',#2905,#2906,#2907);
#2905 = CARTESIAN_POINT('',(106.41,-45.4025,0.));
#2906 = DIRECTION('',(-0.,0.,-1.));
#2907 = DIRECTION('',(-0.,-1.,0.));
#2908 = FACE_BOUND('',#2909,.F.);
#2909 = EDGE_LOOP('',(#2910,#2921,#2930,#2939));
#2910 = ORIENTED_EDGE('',*,*,#2911,.T.);
#2911 = EDGE_CURVE('',#2912,#2914,#2916,.T.);
#2912 = VERTEX_POINT('',#2913);
#2913 = CARTESIAN_POINT('',(117.63,-46.69850121424,0.));
#2914 = VERTEX_POINT('',#2915);
#2915 = CARTESIAN_POINT('',(117.84,-48.575,0.));
#2916 = CIRCLE('',#2917,0.95);
#2917 = AXIS2_PLACEMENT_3D('',#2918,#2919,#2920);
#2918 = CARTESIAN_POINT('',(117.84,-47.625,0.));
#2919 = DIRECTION('',(-0.,0.,-1.));
#2920 = DIRECTION('',(-0.,-1.,0.));
#2921 = ORIENTED_EDGE('',*,*,#2922,.T.);
#2922 = EDGE_CURVE('',#2914,#2923,#2925,.T.);
#2923 = VERTEX_POINT('',#2924);
#2924 = CARTESIAN_POINT('',(117.63,-48.55149878575,0.));
#2925 = CIRCLE('',#2926,0.95);
#2926 = AXIS2_PLACEMENT_3D('',#2927,#2928,#2929);
#2927 = CARTESIAN_POINT('',(117.84,-47.625,0.));
#2928 = DIRECTION('',(-0.,0.,-1.));
#2929 = DIRECTION('',(-0.,-1.,0.));
#2930 = ORIENTED_EDGE('',*,*,#2931,.T.);
#2931 = EDGE_CURVE('',#2923,#2932,#2934,.T.);
#2932 = VERTEX_POINT('',#2933);
#2933 = CARTESIAN_POINT('',(117.42,-48.575,0.));
#2934 = CIRCLE('',#2935,0.95);
#2935 = AXIS2_PLACEMENT_3D('',#2936,#2937,#2938);
#2936 = CARTESIAN_POINT('',(117.42,-47.625,0.));
#2937 = DIRECTION('',(-0.,0.,-1.));
#2938 = DIRECTION('',(-0.,-1.,0.));
#2939 = ORIENTED_EDGE('',*,*,#2940,.T.);
#2940 = EDGE_CURVE('',#2932,#2912,#2941,.T.);
#2941 = CIRCLE('',#2942,0.95);
#2942 = AXIS2_PLACEMENT_3D('',#2943,#2944,#2945);
#2943 = CARTESIAN_POINT('',(117.42,-47.625,0.));
#2944 = DIRECTION('',(-0.,0.,-1.));
#2945 = DIRECTION('',(-0.,-1.,0.));
#2946 = FACE_BOUND('',#2947,.F.);
#2947 = EDGE_LOOP('',(#2948));
#2948 = ORIENTED_EDGE('',*,*,#2949,.T.);
#2949 = EDGE_CURVE('',#2950,#2950,#2952,.T.);
#2950 = VERTEX_POINT('',#2951);
#2951 = CARTESIAN_POINT('',(119.11,-46.585,0.));
#2952 = CIRCLE('',#2953,1.5);
#2953 = AXIS2_PLACEMENT_3D('',#2954,#2955,#2956);
#2954 = CARTESIAN_POINT('',(119.11,-45.085,0.));
#2955 = DIRECTION('',(-0.,0.,-1.));
#2956 = DIRECTION('',(-0.,-1.,0.));
#2957 = FACE_BOUND('',#2958,.F.);
#2958 = EDGE_LOOP('',(#2959,#2970,#2979,#2988));
#2959 = ORIENTED_EDGE('',*,*,#2960,.T.);
#2960 = EDGE_CURVE('',#2961,#2963,#2965,.T.);
#2961 = VERTEX_POINT('',#2962);
#2962 = CARTESIAN_POINT('',(90.11,-34.31600121424,0.));
#2963 = VERTEX_POINT('',#2964);
#2964 = CARTESIAN_POINT('',(90.32,-36.1925,0.));
#2965 = CIRCLE('',#2966,0.95);
#2966 = AXIS2_PLACEMENT_3D('',#2967,#2968,#2969);
#2967 = CARTESIAN_POINT('',(90.32,-35.2425,0.));
#2968 = DIRECTION('',(-0.,0.,-1.));
#2969 = DIRECTION('',(-0.,-1.,0.));
#2970 = ORIENTED_EDGE('',*,*,#2971,.T.);
#2971 = EDGE_CURVE('',#2963,#2972,#2974,.T.);
#2972 = VERTEX_POINT('',#2973);
#2973 = CARTESIAN_POINT('',(90.11,-36.16899878575,0.));
#2974 = CIRCLE('',#2975,0.95);
#2975 = AXIS2_PLACEMENT_3D('',#2976,#2977,#2978);
#2976 = CARTESIAN_POINT('',(90.32,-35.2425,0.));
#2977 = DIRECTION('',(-0.,0.,-1.));
#2978 = DIRECTION('',(-0.,-1.,0.));
#2979 = ORIENTED_EDGE('',*,*,#2980,.T.);
#2980 = EDGE_CURVE('',#2972,#2981,#2983,.T.);
#2981 = VERTEX_POINT('',#2982);
#2982 = CARTESIAN_POINT('',(89.9,-36.1925,0.));
#2983 = CIRCLE('',#2984,0.95);
#2984 = AXIS2_PLACEMENT_3D('',#2985,#2986,#2987);
#2985 = CARTESIAN_POINT('',(89.9,-35.2425,0.));
#2986 = DIRECTION('',(-0.,0.,-1.));
#2987 = DIRECTION('',(-0.,-1.,0.));
#2988 = ORIENTED_EDGE('',*,*,#2989,.T.);
#2989 = EDGE_CURVE('',#2981,#2961,#2990,.T.);
#2990 = CIRCLE('',#2991,0.95);
#2991 = AXIS2_PLACEMENT_3D('',#2992,#2993,#2994);
#2992 = CARTESIAN_POINT('',(89.9,-35.2425,0.));
#2993 = DIRECTION('',(-0.,0.,-1.));
#2994 = DIRECTION('',(-0.,-1.,0.));
#2995 = FACE_BOUND('',#2996,.F.);
#2996 = EDGE_LOOP('',(#2997));
#2997 = ORIENTED_EDGE('',*,*,#2998,.T.);
#2998 = EDGE_CURVE('',#2999,#2999,#3001,.T.);
#2999 = VERTEX_POINT('',#3000);
#3000 = CARTESIAN_POINT('',(98.87,-36.6325,0.));
#3001 = CIRCLE('',#3002,1.5);
#3002 = AXIS2_PLACEMENT_3D('',#3003,#3004,#3005);
#3003 = CARTESIAN_POINT('',(98.87,-35.1325,0.));
#3004 = DIRECTION('',(-0.,0.,-1.));
#3005 = DIRECTION('',(-0.,-1.,0.));
#3006 = FACE_BOUND('',#3007,.F.);
#3007 = EDGE_LOOP('',(#3008,#3019,#3028,#3037));
#3008 = ORIENTED_EDGE('',*,*,#3009,.T.);
#3009 = EDGE_CURVE('',#3010,#3012,#3014,.T.);
#3010 = VERTEX_POINT('',#3011);
#3011 = CARTESIAN_POINT('',(98.58,-30.50600121424,0.));
#3012 = VERTEX_POINT('',#3013);
#3013 = CARTESIAN_POINT('',(98.79,-32.3825,0.));
#3014 = CIRCLE('',#3015,0.95);
#3015 = AXIS2_PLACEMENT_3D('',#3016,#3017,#3018);
#3016 = CARTESIAN_POINT('',(98.79,-31.4325,0.));
#3017 = DIRECTION('',(-0.,0.,-1.));
#3018 = DIRECTION('',(1.495879443705E-14,-1.,-0.));
#3019 = ORIENTED_EDGE('',*,*,#3020,.T.);
#3020 = EDGE_CURVE('',#3012,#3021,#3023,.T.);
#3021 = VERTEX_POINT('',#3022);
#3022 = CARTESIAN_POINT('',(98.58,-32.35899878575,0.));
#3023 = CIRCLE('',#3024,0.95);
#3024 = AXIS2_PLACEMENT_3D('',#3025,#3026,#3027);
#3025 = CARTESIAN_POINT('',(98.79,-31.4325,0.));
#3026 = DIRECTION('',(-0.,0.,-1.));
#3027 = DIRECTION('',(1.495879443705E-14,-1.,-0.));
#3028 = ORIENTED_EDGE('',*,*,#3029,.T.);
#3029 = EDGE_CURVE('',#3021,#3030,#3032,.T.);
#3030 = VERTEX_POINT('',#3031);
#3031 = CARTESIAN_POINT('',(98.37,-32.3825,0.));
#3032 = CIRCLE('',#3033,0.95);
#3033 = AXIS2_PLACEMENT_3D('',#3034,#3035,#3036);
#3034 = CARTESIAN_POINT('',(98.37,-31.4325,0.));
#3035 = DIRECTION('',(-0.,0.,-1.));
#3036 = DIRECTION('',(-0.,-1.,0.));
#3037 = ORIENTED_EDGE('',*,*,#3038,.T.);
#3038 = EDGE_CURVE('',#3030,#3010,#3039,.T.);
#3039 = CIRCLE('',#3040,0.95);
#3040 = AXIS2_PLACEMENT_3D('',#3041,#3042,#3043);
#3041 = CARTESIAN_POINT('',(98.37,-31.4325,0.));
#3042 = DIRECTION('',(-0.,0.,-1.));
#3043 = DIRECTION('',(-0.,-1.,0.));
#3044 = FACE_BOUND('',#3045,.F.);
#3045 = EDGE_LOOP('',(#3046));
#3046 = ORIENTED_EDGE('',*,*,#3047,.T.);
#3047 = EDGE_CURVE('',#3048,#3048,#3050,.T.);
#3048 = VERTEX_POINT('',#3049);
#3049 = CARTESIAN_POINT('',(100.06,-30.3925,0.));
#3050 = CIRCLE('',#3051,1.5);
#3051 = AXIS2_PLACEMENT_3D('',#3052,#3053,#3054);
#3052 = CARTESIAN_POINT('',(100.06,-28.8925,0.));
#3053 = DIRECTION('',(-0.,0.,-1.));
#3054 = DIRECTION('',(-0.,-1.,0.));
#3055 = FACE_BOUND('',#3056,.F.);
#3056 = EDGE_LOOP('',(#3057));
#3057 = ORIENTED_EDGE('',*,*,#3058,.T.);
#3058 = EDGE_CURVE('',#3059,#3059,#3061,.T.);
#3059 = VERTEX_POINT('',#3060);
#3060 = CARTESIAN_POINT('',(103.87,-33.4825,0.));
#3061 = CIRCLE('',#3062,2.05);
#3062 = AXIS2_PLACEMENT_3D('',#3063,#3064,#3065);
#3063 = CARTESIAN_POINT('',(103.87,-31.4325,0.));
#3064 = DIRECTION('',(-0.,0.,-1.));
#3065 = DIRECTION('',(-0.,-1.,0.));
#3066 = FACE_BOUND('',#3067,.F.);
#3067 = EDGE_LOOP('',(#3068,#3079,#3088,#3097));
#3068 = ORIENTED_EDGE('',*,*,#3069,.T.);
#3069 = EDGE_CURVE('',#3070,#3072,#3074,.T.);
#3070 = VERTEX_POINT('',#3071);
#3071 = CARTESIAN_POINT('',(109.16,-30.50600121424,0.));
#3072 = VERTEX_POINT('',#3073);
#3073 = CARTESIAN_POINT('',(109.37,-32.3825,0.));
#3074 = CIRCLE('',#3075,0.95);
#3075 = AXIS2_PLACEMENT_3D('',#3076,#3077,#3078);
#3076 = CARTESIAN_POINT('',(109.37,-31.4325,0.));
#3077 = DIRECTION('',(-0.,0.,-1.));
#3078 = DIRECTION('',(-0.,-1.,0.));
#3079 = ORIENTED_EDGE('',*,*,#3080,.T.);
#3080 = EDGE_CURVE('',#3072,#3081,#3083,.T.);
#3081 = VERTEX_POINT('',#3082);
#3082 = CARTESIAN_POINT('',(109.16,-32.35899878575,0.));
#3083 = CIRCLE('',#3084,0.95);
#3084 = AXIS2_PLACEMENT_3D('',#3085,#3086,#3087);
#3085 = CARTESIAN_POINT('',(109.37,-31.4325,0.));
#3086 = DIRECTION('',(-0.,0.,-1.));
#3087 = DIRECTION('',(-0.,-1.,0.));
#3088 = ORIENTED_EDGE('',*,*,#3089,.T.);
#3089 = EDGE_CURVE('',#3081,#3090,#3092,.T.);
#3090 = VERTEX_POINT('',#3091);
#3091 = CARTESIAN_POINT('',(108.95,-32.3825,0.));
#3092 = CIRCLE('',#3093,0.95);
#3093 = AXIS2_PLACEMENT_3D('',#3094,#3095,#3096);
#3094 = CARTESIAN_POINT('',(108.95,-31.4325,0.));
#3095 = DIRECTION('',(-0.,0.,-1.));
#3096 = DIRECTION('',(-0.,-1.,0.));
#3097 = ORIENTED_EDGE('',*,*,#3098,.T.);
#3098 = EDGE_CURVE('',#3090,#3070,#3099,.T.);
#3099 = CIRCLE('',#3100,0.95);
#3100 = AXIS2_PLACEMENT_3D('',#3101,#3102,#3103);
#3101 = CARTESIAN_POINT('',(108.95,-31.4325,0.));
#3102 = DIRECTION('',(-0.,0.,-1.));
#3103 = DIRECTION('',(-0.,-1.,0.));
#3104 = FACE_BOUND('',#3105,.F.);
#3105 = EDGE_LOOP('',(#3106));
#3106 = ORIENTED_EDGE('',*,*,#3107,.T.);
#3107 = EDGE_CURVE('',#3108,#3108,#3110,.T.);
#3108 = VERTEX_POINT('',#3109);
#3109 = CARTESIAN_POINT('',(117.92,-33.775,0.));
#3110 = CIRCLE('',#3111,1.5);
#3111 = AXIS2_PLACEMENT_3D('',#3112,#3113,#3114);
#3112 = CARTESIAN_POINT('',(117.92,-32.275,0.));
#3113 = DIRECTION('',(-0.,0.,-1.));
#3114 = DIRECTION('',(-0.,-1.,0.));
#3115 = FACE_BOUND('',#3116,.F.);
#3116 = EDGE_LOOP('',(#3117));
#3117 = ORIENTED_EDGE('',*,*,#3118,.T.);
#3118 = EDGE_CURVE('',#3119,#3119,#3121,.T.);
#3119 = VERTEX_POINT('',#3120);
#3120 = CARTESIAN_POINT('',(106.41,-27.8525,0.));
#3121 = CIRCLE('',#3122,1.5);
#3122 = AXIS2_PLACEMENT_3D('',#3123,#3124,#3125);
#3123 = CARTESIAN_POINT('',(106.41,-26.3525,0.));
#3124 = DIRECTION('',(-0.,0.,-1.));
#3125 = DIRECTION('',(-0.,-1.,0.));
#3126 = FACE_BOUND('',#3127,.F.);
#3127 = EDGE_LOOP('',(#3128,#3139,#3148,#3157));
#3128 = ORIENTED_EDGE('',*,*,#3129,.T.);
#3129 = EDGE_CURVE('',#3130,#3132,#3134,.T.);
#3130 = VERTEX_POINT('',#3131);
#3131 = CARTESIAN_POINT('',(117.63,-27.64850121424,0.));
#3132 = VERTEX_POINT('',#3133);
#3133 = CARTESIAN_POINT('',(117.84,-29.525,0.));
#3134 = CIRCLE('',#3135,0.95);
#3135 = AXIS2_PLACEMENT_3D('',#3136,#3137,#3138);
#3136 = CARTESIAN_POINT('',(117.84,-28.575,0.));
#3137 = DIRECTION('',(-0.,0.,-1.));
#3138 = DIRECTION('',(-0.,-1.,0.));
#3139 = ORIENTED_EDGE('',*,*,#3140,.T.);
#3140 = EDGE_CURVE('',#3132,#3141,#3143,.T.);
#3141 = VERTEX_POINT('',#3142);
#3142 = CARTESIAN_POINT('',(117.63,-29.50149878575,0.));
#3143 = CIRCLE('',#3144,0.95);
#3144 = AXIS2_PLACEMENT_3D('',#3145,#3146,#3147);
#3145 = CARTESIAN_POINT('',(117.84,-28.575,0.));
#3146 = DIRECTION('',(-0.,0.,-1.));
#3147 = DIRECTION('',(-0.,-1.,0.));
#3148 = ORIENTED_EDGE('',*,*,#3149,.T.);
#3149 = EDGE_CURVE('',#3141,#3150,#3152,.T.);
#3150 = VERTEX_POINT('',#3151);
#3151 = CARTESIAN_POINT('',(117.42,-29.525,0.));
#3152 = CIRCLE('',#3153,0.95);
#3153 = AXIS2_PLACEMENT_3D('',#3154,#3155,#3156);
#3154 = CARTESIAN_POINT('',(117.42,-28.575,0.));
#3155 = DIRECTION('',(-0.,0.,-1.));
#3156 = DIRECTION('',(-0.,-1.,0.));
#3157 = ORIENTED_EDGE('',*,*,#3158,.T.);
#3158 = EDGE_CURVE('',#3150,#3130,#3159,.T.);
#3159 = CIRCLE('',#3160,0.95);
#3160 = AXIS2_PLACEMENT_3D('',#3161,#3162,#3163);
#3161 = CARTESIAN_POINT('',(117.42,-28.575,0.));
#3162 = DIRECTION('',(-0.,0.,-1.));
#3163 = DIRECTION('',(-0.,-1.,0.));
#3164 = FACE_BOUND('',#3165,.F.);
#3165 = EDGE_LOOP('',(#3166));
#3166 = ORIENTED_EDGE('',*,*,#3167,.T.);
#3167 = EDGE_CURVE('',#3168,#3168,#3170,.T.);
#3168 = VERTEX_POINT('',#3169);
#3169 = CARTESIAN_POINT('',(119.11,-27.535,0.));
#3170 = CIRCLE('',#3171,1.5);
#3171 = AXIS2_PLACEMENT_3D('',#3172,#3173,#3174);
#3172 = CARTESIAN_POINT('',(119.11,-26.035,0.));
#3173 = DIRECTION('',(-0.,0.,-1.));
#3174 = DIRECTION('',(-0.,-1.,0.));
#3175 = FACE_BOUND('',#3176,.F.);
#3176 = EDGE_LOOP('',(#3177));
#3177 = ORIENTED_EDGE('',*,*,#3178,.T.);
#3178 = EDGE_CURVE('',#3179,#3179,#3181,.T.);
#3179 = VERTEX_POINT('',#3180);
#3180 = CARTESIAN_POINT('',(122.92,-74.075,0.));
#3181 = CIRCLE('',#3182,1.5);
#3182 = AXIS2_PLACEMENT_3D('',#3183,#3184,#3185);
#3183 = CARTESIAN_POINT('',(122.92,-72.575,0.));
#3184 = DIRECTION('',(-0.,0.,-1.));
#3185 = DIRECTION('',(-0.,-1.,0.));
#3186 = FACE_BOUND('',#3187,.F.);
#3187 = EDGE_LOOP('',(#3188));
#3188 = ORIENTED_EDGE('',*,*,#3189,.T.);
#3189 = EDGE_CURVE('',#3190,#3190,#3192,.T.);
#3190 = VERTEX_POINT('',#3191);
#3191 = CARTESIAN_POINT('',(136.97,-73.78,0.));
#3192 = CIRCLE('',#3193,1.5);
#3193 = AXIS2_PLACEMENT_3D('',#3194,#3195,#3196);
#3194 = CARTESIAN_POINT('',(136.97,-72.28,0.));
#3195 = DIRECTION('',(-0.,0.,-1.));
#3196 = DIRECTION('',(-0.,-1.,0.));
#3197 = FACE_BOUND('',#3198,.F.);
#3198 = EDGE_LOOP('',(#3199));
#3199 = ORIENTED_EDGE('',*,*,#3200,.T.);
#3200 = EDGE_CURVE('',#3201,#3201,#3203,.T.);
#3201 = VERTEX_POINT('',#3202);
#3202 = CARTESIAN_POINT('',(122.92,-68.725,0.));
#3203 = CIRCLE('',#3204,2.05);
#3204 = AXIS2_PLACEMENT_3D('',#3205,#3206,#3207);
#3205 = CARTESIAN_POINT('',(122.92,-66.675,0.));
#3206 = DIRECTION('',(-0.,0.,-1.));
#3207 = DIRECTION('',(-0.,-1.,0.));
#3208 = FACE_BOUND('',#3209,.F.);
#3209 = EDGE_LOOP('',(#3210,#3221,#3230,#3239));
#3210 = ORIENTED_EDGE('',*,*,#3211,.T.);
#3211 = EDGE_CURVE('',#3212,#3214,#3216,.T.);
#3212 = VERTEX_POINT('',#3213);
#3213 = CARTESIAN_POINT('',(128.21,-65.74850121424,0.));
#3214 = VERTEX_POINT('',#3215);
#3215 = CARTESIAN_POINT('',(128.42,-67.625,0.));
#3216 = CIRCLE('',#3217,0.95);
#3217 = AXIS2_PLACEMENT_3D('',#3218,#3219,#3220);
#3218 = CARTESIAN_POINT('',(128.42,-66.675,0.));
#3219 = DIRECTION('',(-0.,0.,-1.));
#3220 = DIRECTION('',(-2.991758887411E-14,-1.,0.));
#3221 = ORIENTED_EDGE('',*,*,#3222,.T.);
#3222 = EDGE_CURVE('',#3214,#3223,#3225,.T.);
#3223 = VERTEX_POINT('',#3224);
#3224 = CARTESIAN_POINT('',(128.21,-67.60149878575,0.));
#3225 = CIRCLE('',#3226,0.95);
#3226 = AXIS2_PLACEMENT_3D('',#3227,#3228,#3229);
#3227 = CARTESIAN_POINT('',(128.42,-66.675,0.));
#3228 = DIRECTION('',(-0.,0.,-1.));
#3229 = DIRECTION('',(-2.991758887411E-14,-1.,0.));
#3230 = ORIENTED_EDGE('',*,*,#3231,.T.);
#3231 = EDGE_CURVE('',#3223,#3232,#3234,.T.);
#3232 = VERTEX_POINT('',#3233);
#3233 = CARTESIAN_POINT('',(128.,-67.625,0.));
#3234 = CIRCLE('',#3235,0.95);
#3235 = AXIS2_PLACEMENT_3D('',#3236,#3237,#3238);
#3236 = CARTESIAN_POINT('',(128.,-66.675,0.));
#3237 = DIRECTION('',(-0.,0.,-1.));
#3238 = DIRECTION('',(-0.,-1.,0.));
#3239 = ORIENTED_EDGE('',*,*,#3240,.T.);
#3240 = EDGE_CURVE('',#3232,#3212,#3241,.T.);
#3241 = CIRCLE('',#3242,0.95);
#3242 = AXIS2_PLACEMENT_3D('',#3243,#3244,#3245);
#3243 = CARTESIAN_POINT('',(128.,-66.675,0.));
#3244 = DIRECTION('',(-0.,0.,-1.));
#3245 = DIRECTION('',(-0.,-1.,0.));
#3246 = FACE_BOUND('',#3247,.F.);
#3247 = EDGE_LOOP('',(#3248,#3259,#3268,#3277));
#3248 = ORIENTED_EDGE('',*,*,#3249,.T.);
#3249 = EDGE_CURVE('',#3250,#3252,#3254,.T.);
#3250 = VERTEX_POINT('',#3251);
#3251 = CARTESIAN_POINT('',(136.68,-67.65350121424,0.));
#3252 = VERTEX_POINT('',#3253);
#3253 = CARTESIAN_POINT('',(136.89,-69.53,0.));
#3254 = CIRCLE('',#3255,0.95);
#3255 = AXIS2_PLACEMENT_3D('',#3256,#3257,#3258);
#3256 = CARTESIAN_POINT('',(136.89,-68.58,0.));
#3257 = DIRECTION('',(-0.,0.,-1.));
#3258 = DIRECTION('',(-0.,-1.,0.));
#3259 = ORIENTED_EDGE('',*,*,#3260,.T.);
#3260 = EDGE_CURVE('',#3252,#3261,#3263,.T.);
#3261 = VERTEX_POINT('',#3262);
#3262 = CARTESIAN_POINT('',(136.68,-69.50649878575,0.));
#3263 = CIRCLE('',#3264,0.95);
#3264 = AXIS2_PLACEMENT_3D('',#3265,#3266,#3267);
#3265 = CARTESIAN_POINT('',(136.89,-68.58,0.));
#3266 = DIRECTION('',(-0.,0.,-1.));
#3267 = DIRECTION('',(-0.,-1.,0.));
#3268 = ORIENTED_EDGE('',*,*,#3269,.T.);
#3269 = EDGE_CURVE('',#3261,#3270,#3272,.T.);
#3270 = VERTEX_POINT('',#3271);
#3271 = CARTESIAN_POINT('',(136.47,-69.53,0.));
#3272 = CIRCLE('',#3273,0.95);
#3273 = AXIS2_PLACEMENT_3D('',#3274,#3275,#3276);
#3274 = CARTESIAN_POINT('',(136.47,-68.58,0.));
#3275 = DIRECTION('',(-0.,0.,-1.));
#3276 = DIRECTION('',(-0.,-1.,0.));
#3277 = ORIENTED_EDGE('',*,*,#3278,.T.);
#3278 = EDGE_CURVE('',#3270,#3250,#3279,.T.);
#3279 = CIRCLE('',#3280,0.95);
#3280 = AXIS2_PLACEMENT_3D('',#3281,#3282,#3283);
#3281 = CARTESIAN_POINT('',(136.47,-68.58,0.));
#3282 = DIRECTION('',(-0.,0.,-1.));
#3283 = DIRECTION('',(-0.,-1.,0.));
#3284 = FACE_BOUND('',#3285,.F.);
#3285 = EDGE_LOOP('',(#3286));
#3286 = ORIENTED_EDGE('',*,*,#3287,.T.);
#3287 = EDGE_CURVE('',#3288,#3288,#3290,.T.);
#3288 = VERTEX_POINT('',#3289);
#3289 = CARTESIAN_POINT('',(141.97,-75.98,0.));
#3290 = CIRCLE('',#3291,1.5);
#3291 = AXIS2_PLACEMENT_3D('',#3292,#3293,#3294);
#3292 = CARTESIAN_POINT('',(141.97,-74.48,0.));
#3293 = DIRECTION('',(-0.,0.,-1.));
#3294 = DIRECTION('',(-0.,-1.,0.));
#3295 = FACE_BOUND('',#3296,.F.);
#3296 = EDGE_LOOP('',(#3297));
#3297 = ORIENTED_EDGE('',*,*,#3298,.T.);
#3298 = EDGE_CURVE('',#3299,#3299,#3301,.T.);
#3299 = VERTEX_POINT('',#3300);
#3300 = CARTESIAN_POINT('',(141.97,-70.63,0.));
#3301 = CIRCLE('',#3302,2.05);
#3302 = AXIS2_PLACEMENT_3D('',#3303,#3304,#3305);
#3303 = CARTESIAN_POINT('',(141.97,-68.58,0.));
#3304 = DIRECTION('',(-0.,0.,-1.));
#3305 = DIRECTION('',(-0.,-1.,0.));
#3306 = FACE_BOUND('',#3307,.F.);
#3307 = EDGE_LOOP('',(#3308));
#3308 = ORIENTED_EDGE('',*,*,#3309,.T.);
#3309 = EDGE_CURVE('',#3310,#3310,#3312,.T.);
#3310 = VERTEX_POINT('',#3311);
#3311 = CARTESIAN_POINT('',(138.16,-67.54,0.));
#3312 = CIRCLE('',#3313,1.5);
#3313 = AXIS2_PLACEMENT_3D('',#3314,#3315,#3316);
#3314 = CARTESIAN_POINT('',(138.16,-66.04,0.));
#3315 = DIRECTION('',(-0.,0.,-1.));
#3316 = DIRECTION('',(-0.,-1.,0.));
#3317 = FACE_BOUND('',#3318,.F.);
#3318 = EDGE_LOOP('',(#3319));
#3319 = ORIENTED_EDGE('',*,*,#3320,.T.);
#3320 = EDGE_CURVE('',#3321,#3321,#3323,.T.);
#3321 = VERTEX_POINT('',#3322);
#3322 = CARTESIAN_POINT('',(144.51,-65.,0.));
#3323 = CIRCLE('',#3324,1.5);
#3324 = AXIS2_PLACEMENT_3D('',#3325,#3326,#3327);
#3325 = CARTESIAN_POINT('',(144.51,-63.5,0.));
#3326 = DIRECTION('',(-0.,0.,-1.));
#3327 = DIRECTION('',(-0.,-1.,0.));
#3328 = FACE_BOUND('',#3329,.F.);
#3329 = EDGE_LOOP('',(#3330,#3341,#3350,#3359));
#3330 = ORIENTED_EDGE('',*,*,#3331,.T.);
#3331 = EDGE_CURVE('',#3332,#3334,#3336,.T.);
#3332 = VERTEX_POINT('',#3333);
#3333 = CARTESIAN_POINT('',(147.26,-67.65350121424,0.));
#3334 = VERTEX_POINT('',#3335);
#3335 = CARTESIAN_POINT('',(147.47,-69.53,0.));
#3336 = CIRCLE('',#3337,0.95);
#3337 = AXIS2_PLACEMENT_3D('',#3338,#3339,#3340);
#3338 = CARTESIAN_POINT('',(147.47,-68.58,0.));
#3339 = DIRECTION('',(-0.,0.,-1.));
#3340 = DIRECTION('',(-0.,-1.,0.));
#3341 = ORIENTED_EDGE('',*,*,#3342,.T.);
#3342 = EDGE_CURVE('',#3334,#3343,#3345,.T.);
#3343 = VERTEX_POINT('',#3344);
#3344 = CARTESIAN_POINT('',(147.26,-69.50649878575,0.));
#3345 = CIRCLE('',#3346,0.95);
#3346 = AXIS2_PLACEMENT_3D('',#3347,#3348,#3349);
#3347 = CARTESIAN_POINT('',(147.47,-68.58,0.));
#3348 = DIRECTION('',(-0.,0.,-1.));
#3349 = DIRECTION('',(-0.,-1.,0.));
#3350 = ORIENTED_EDGE('',*,*,#3351,.T.);
#3351 = EDGE_CURVE('',#3343,#3352,#3354,.T.);
#3352 = VERTEX_POINT('',#3353);
#3353 = CARTESIAN_POINT('',(147.05,-69.53,0.));
#3354 = CIRCLE('',#3355,0.95);
#3355 = AXIS2_PLACEMENT_3D('',#3356,#3357,#3358);
#3356 = CARTESIAN_POINT('',(147.05,-68.58,0.));
#3357 = DIRECTION('',(-0.,0.,-1.));
#3358 = DIRECTION('',(-0.,-1.,0.));
#3359 = ORIENTED_EDGE('',*,*,#3360,.T.);
#3360 = EDGE_CURVE('',#3352,#3332,#3361,.T.);
#3361 = CIRCLE('',#3362,0.95);
#3362 = AXIS2_PLACEMENT_3D('',#3363,#3364,#3365);
#3363 = CARTESIAN_POINT('',(147.05,-68.58,0.));
#3364 = DIRECTION('',(-0.,0.,-1.));
#3365 = DIRECTION('',(-0.,-1.,0.));
#3366 = FACE_BOUND('',#3367,.F.);
#3367 = EDGE_LOOP('',(#3368));
#3368 = ORIENTED_EDGE('',*,*,#3369,.T.);
#3369 = EDGE_CURVE('',#3370,#3370,#3372,.T.);
#3370 = VERTEX_POINT('',#3371);
#3371 = CARTESIAN_POINT('',(125.46,-63.095,0.));
#3372 = CIRCLE('',#3373,1.5);
#3373 = AXIS2_PLACEMENT_3D('',#3374,#3375,#3376);
#3374 = CARTESIAN_POINT('',(125.46,-61.595,0.));
#3375 = DIRECTION('',(-0.,0.,-1.));
#3376 = DIRECTION('',(-0.,-1.,0.));
#3377 = FACE_BOUND('',#3378,.F.);
#3378 = EDGE_LOOP('',(#3379));
#3379 = ORIENTED_EDGE('',*,*,#3380,.T.);
#3380 = EDGE_CURVE('',#3381,#3381,#3383,.T.);
#3381 = VERTEX_POINT('',#3382);
#3382 = CARTESIAN_POINT('',(122.92,-55.025,0.));
#3383 = CIRCLE('',#3384,1.5);
#3384 = AXIS2_PLACEMENT_3D('',#3385,#3386,#3387);
#3385 = CARTESIAN_POINT('',(122.92,-53.525,0.));
#3386 = DIRECTION('',(-0.,0.,-1.));
#3387 = DIRECTION('',(-0.,-1.,0.));
#3388 = FACE_BOUND('',#3389,.F.);
#3389 = EDGE_LOOP('',(#3390));
#3390 = ORIENTED_EDGE('',*,*,#3391,.T.);
#3391 = EDGE_CURVE('',#3392,#3392,#3394,.T.);
#3392 = VERTEX_POINT('',#3393);
#3393 = CARTESIAN_POINT('',(136.97,-54.73,0.));
#3394 = CIRCLE('',#3395,1.5);
#3395 = AXIS2_PLACEMENT_3D('',#3396,#3397,#3398);
#3396 = CARTESIAN_POINT('',(136.97,-53.23,0.));
#3397 = DIRECTION('',(-0.,0.,-1.));
#3398 = DIRECTION('',(-0.,-1.,0.));
#3399 = FACE_BOUND('',#3400,.F.);
#3400 = EDGE_LOOP('',(#3401,#3412,#3421,#3430));
#3401 = ORIENTED_EDGE('',*,*,#3402,.T.);
#3402 = EDGE_CURVE('',#3403,#3405,#3407,.T.);
#3403 = VERTEX_POINT('',#3404);
#3404 = CARTESIAN_POINT('',(136.68,-48.60350121424,0.));
#3405 = VERTEX_POINT('',#3406);
#3406 = CARTESIAN_POINT('',(136.89,-50.48,0.));
#3407 = CIRCLE('',#3408,0.95);
#3408 = AXIS2_PLACEMENT_3D('',#3409,#3410,#3411);
#3409 = CARTESIAN_POINT('',(136.89,-49.53,0.));
#3410 = DIRECTION('',(-0.,0.,-1.));
#3411 = DIRECTION('',(-0.,-1.,0.));
#3412 = ORIENTED_EDGE('',*,*,#3413,.T.);
#3413 = EDGE_CURVE('',#3405,#3414,#3416,.T.);
#3414 = VERTEX_POINT('',#3415);
#3415 = CARTESIAN_POINT('',(136.68,-50.45649878575,0.));
#3416 = CIRCLE('',#3417,0.95);
#3417 = AXIS2_PLACEMENT_3D('',#3418,#3419,#3420);
#3418 = CARTESIAN_POINT('',(136.89,-49.53,0.));
#3419 = DIRECTION('',(-0.,0.,-1.));
#3420 = DIRECTION('',(-0.,-1.,0.));
#3421 = ORIENTED_EDGE('',*,*,#3422,.T.);
#3422 = EDGE_CURVE('',#3414,#3423,#3425,.T.);
#3423 = VERTEX_POINT('',#3424);
#3424 = CARTESIAN_POINT('',(136.47,-50.48,0.));
#3425 = CIRCLE('',#3426,0.95);
#3426 = AXIS2_PLACEMENT_3D('',#3427,#3428,#3429);
#3427 = CARTESIAN_POINT('',(136.47,-49.53,0.));
#3428 = DIRECTION('',(-0.,0.,-1.));
#3429 = DIRECTION('',(-0.,-1.,0.));
#3430 = ORIENTED_EDGE('',*,*,#3431,.T.);
#3431 = EDGE_CURVE('',#3423,#3403,#3432,.T.);
#3432 = CIRCLE('',#3433,0.95);
#3433 = AXIS2_PLACEMENT_3D('',#3434,#3435,#3436);
#3434 = CARTESIAN_POINT('',(136.47,-49.53,0.));
#3435 = DIRECTION('',(-0.,0.,-1.));
#3436 = DIRECTION('',(-0.,-1.,0.));
#3437 = FACE_BOUND('',#3438,.F.);
#3438 = EDGE_LOOP('',(#3439));
#3439 = ORIENTED_EDGE('',*,*,#3440,.T.);
#3440 = EDGE_CURVE('',#3441,#3441,#3443,.T.);
#3441 = VERTEX_POINT('',#3442);
#3442 = CARTESIAN_POINT('',(141.97,-56.93,0.));
#3443 = CIRCLE('',#3444,1.5);
#3444 = AXIS2_PLACEMENT_3D('',#3445,#3446,#3447);
#3445 = CARTESIAN_POINT('',(141.97,-55.43,0.));
#3446 = DIRECTION('',(-0.,0.,-1.));
#3447 = DIRECTION('',(-0.,-1.,0.));
#3448 = FACE_BOUND('',#3449,.F.);
#3449 = EDGE_LOOP('',(#3450));
#3450 = ORIENTED_EDGE('',*,*,#3451,.T.);
#3451 = EDGE_CURVE('',#3452,#3452,#3454,.T.);
#3452 = VERTEX_POINT('',#3453);
#3453 = CARTESIAN_POINT('',(141.97,-51.58,0.));
#3454 = CIRCLE('',#3455,2.05);
#3455 = AXIS2_PLACEMENT_3D('',#3456,#3457,#3458);
#3456 = CARTESIAN_POINT('',(141.97,-49.53,0.));
#3457 = DIRECTION('',(-0.,0.,-1.));
#3458 = DIRECTION('',(-0.,-1.,0.));
#3459 = FACE_BOUND('',#3460,.F.);
#3460 = EDGE_LOOP('',(#3461,#3472,#3481,#3490));
#3461 = ORIENTED_EDGE('',*,*,#3462,.T.);
#3462 = EDGE_CURVE('',#3463,#3465,#3467,.T.);
#3463 = VERTEX_POINT('',#3464);
#3464 = CARTESIAN_POINT('',(147.26,-48.60350121424,0.));
#3465 = VERTEX_POINT('',#3466);
#3466 = CARTESIAN_POINT('',(147.47,-50.48,0.));
#3467 = CIRCLE('',#3468,0.95);
#3468 = AXIS2_PLACEMENT_3D('',#3469,#3470,#3471);
#3469 = CARTESIAN_POINT('',(147.47,-49.53,0.));
#3470 = DIRECTION('',(-0.,0.,-1.));
#3471 = DIRECTION('',(-0.,-1.,0.));
#3472 = ORIENTED_EDGE('',*,*,#3473,.T.);
#3473 = EDGE_CURVE('',#3465,#3474,#3476,.T.);
#3474 = VERTEX_POINT('',#3475);
#3475 = CARTESIAN_POINT('',(147.26,-50.45649878575,0.));
#3476 = CIRCLE('',#3477,0.95);
#3477 = AXIS2_PLACEMENT_3D('',#3478,#3479,#3480);
#3478 = CARTESIAN_POINT('',(147.47,-49.53,0.));
#3479 = DIRECTION('',(-0.,0.,-1.));
#3480 = DIRECTION('',(-0.,-1.,0.));
#3481 = ORIENTED_EDGE('',*,*,#3482,.T.);
#3482 = EDGE_CURVE('',#3474,#3483,#3485,.T.);
#3483 = VERTEX_POINT('',#3484);
#3484 = CARTESIAN_POINT('',(147.05,-50.48,0.));
#3485 = CIRCLE('',#3486,0.95);
#3486 = AXIS2_PLACEMENT_3D('',#3487,#3488,#3489);
#3487 = CARTESIAN_POINT('',(147.05,-49.53,0.));
#3488 = DIRECTION('',(-0.,0.,-1.));
#3489 = DIRECTION('',(-0.,-1.,0.));
#3490 = ORIENTED_EDGE('',*,*,#3491,.T.);
#3491 = EDGE_CURVE('',#3483,#3463,#3492,.T.);
#3492 = CIRCLE('',#3493,0.95);
#3493 = AXIS2_PLACEMENT_3D('',#3494,#3495,#3496);
#3494 = CARTESIAN_POINT('',(147.05,-49.53,0.));
#3495 = DIRECTION('',(-0.,0.,-1.));
#3496 = DIRECTION('',(-0.,-1.,0.));
#3497 = FACE_BOUND('',#3498,.F.);
#3498 = EDGE_LOOP('',(#3499,#3510,#3519,#3528));
#3499 = ORIENTED_EDGE('',*,*,#3500,.T.);
#3500 = EDGE_CURVE('',#3501,#3503,#3505,.T.);
#3501 = VERTEX_POINT('',#3502);
#3502 = CARTESIAN_POINT('',(155.73,-75.27350121424,0.));
#3503 = VERTEX_POINT('',#3504);
#3504 = CARTESIAN_POINT('',(155.94,-77.15,0.));
#3505 = CIRCLE('',#3506,0.95);
#3506 = AXIS2_PLACEMENT_3D('',#3507,#3508,#3509);
#3507 = CARTESIAN_POINT('',(155.94,-76.2,0.));
#3508 = DIRECTION('',(-0.,0.,-1.));
#3509 = DIRECTION('',(-0.,-1.,0.));
#3510 = ORIENTED_EDGE('',*,*,#3511,.T.);
#3511 = EDGE_CURVE('',#3503,#3512,#3514,.T.);
#3512 = VERTEX_POINT('',#3513);
#3513 = CARTESIAN_POINT('',(155.73,-77.12649878575,0.));
#3514 = CIRCLE('',#3515,0.95);
#3515 = AXIS2_PLACEMENT_3D('',#3516,#3517,#3518);
#3516 = CARTESIAN_POINT('',(155.94,-76.2,0.));
#3517 = DIRECTION('',(-0.,0.,-1.));
#3518 = DIRECTION('',(-0.,-1.,0.));
#3519 = ORIENTED_EDGE('',*,*,#3520,.T.);
#3520 = EDGE_CURVE('',#3512,#3521,#3523,.T.);
#3521 = VERTEX_POINT('',#3522);
#3522 = CARTESIAN_POINT('',(155.52,-77.15,0.));
#3523 = CIRCLE('',#3524,0.95);
#3524 = AXIS2_PLACEMENT_3D('',#3525,#3526,#3527);
#3525 = CARTESIAN_POINT('',(155.52,-76.2,0.));
#3526 = DIRECTION('',(-0.,0.,-1.));
#3527 = DIRECTION('',(2.991758887411E-14,-1.,-0.));
#3528 = ORIENTED_EDGE('',*,*,#3529,.T.);
#3529 = EDGE_CURVE('',#3521,#3501,#3530,.T.);
#3530 = CIRCLE('',#3531,0.95);
#3531 = AXIS2_PLACEMENT_3D('',#3532,#3533,#3534);
#3532 = CARTESIAN_POINT('',(155.52,-76.2,0.));
#3533 = DIRECTION('',(-0.,0.,-1.));
#3534 = DIRECTION('',(2.991758887411E-14,-1.,-0.));
#3535 = FACE_BOUND('',#3536,.F.);
#3536 = EDGE_LOOP('',(#3537));
#3537 = ORIENTED_EDGE('',*,*,#3538,.T.);
#3538 = EDGE_CURVE('',#3539,#3539,#3541,.T.);
#3539 = VERTEX_POINT('',#3540);
#3540 = CARTESIAN_POINT('',(157.21,-75.16,0.));
#3541 = CIRCLE('',#3542,1.5);
#3542 = AXIS2_PLACEMENT_3D('',#3543,#3544,#3545);
#3543 = CARTESIAN_POINT('',(157.21,-73.66,0.));
#3544 = DIRECTION('',(-0.,0.,-1.));
#3545 = DIRECTION('',(-0.,-1.,0.));
#3546 = FACE_BOUND('',#3547,.F.);
#3547 = EDGE_LOOP('',(#3548));
#3548 = ORIENTED_EDGE('',*,*,#3549,.T.);
#3549 = EDGE_CURVE('',#3550,#3550,#3552,.T.);
#3550 = VERTEX_POINT('',#3551);
#3551 = CARTESIAN_POINT('',(161.02,-78.25,0.));
#3552 = CIRCLE('',#3553,2.05);
#3553 = AXIS2_PLACEMENT_3D('',#3554,#3555,#3556);
#3554 = CARTESIAN_POINT('',(161.02,-76.2,0.));
#3555 = DIRECTION('',(-0.,0.,-1.));
#3556 = DIRECTION('',(1.386424850264E-14,-1.,-0.));
#3557 = FACE_BOUND('',#3558,.F.);
#3558 = EDGE_LOOP('',(#3559,#3570,#3579,#3588));
#3559 = ORIENTED_EDGE('',*,*,#3560,.T.);
#3560 = EDGE_CURVE('',#3561,#3563,#3565,.T.);
#3561 = VERTEX_POINT('',#3562);
#3562 = CARTESIAN_POINT('',(166.31,-75.27350121424,0.));
#3563 = VERTEX_POINT('',#3564);
#3564 = CARTESIAN_POINT('',(166.52,-77.15,0.));
#3565 = CIRCLE('',#3566,0.95);
#3566 = AXIS2_PLACEMENT_3D('',#3567,#3568,#3569);
#3567 = CARTESIAN_POINT('',(166.52,-76.2,0.));
#3568 = DIRECTION('',(-0.,0.,-1.));
#3569 = DIRECTION('',(2.991758887411E-14,-1.,-0.));
#3570 = ORIENTED_EDGE('',*,*,#3571,.T.);
#3571 = EDGE_CURVE('',#3563,#3572,#3574,.T.);
#3572 = VERTEX_POINT('',#3573);
#3573 = CARTESIAN_POINT('',(166.31,-77.12649878575,0.));
#3574 = CIRCLE('',#3575,0.95);
#3575 = AXIS2_PLACEMENT_3D('',#3576,#3577,#3578);
#3576 = CARTESIAN_POINT('',(166.52,-76.2,0.));
#3577 = DIRECTION('',(-0.,0.,-1.));
#3578 = DIRECTION('',(2.991758887411E-14,-1.,-0.));
#3579 = ORIENTED_EDGE('',*,*,#3580,.T.);
#3580 = EDGE_CURVE('',#3572,#3581,#3583,.T.);
#3581 = VERTEX_POINT('',#3582);
#3582 = CARTESIAN_POINT('',(166.1,-77.15,0.));
#3583 = CIRCLE('',#3584,0.95);
#3584 = AXIS2_PLACEMENT_3D('',#3585,#3586,#3587);
#3585 = CARTESIAN_POINT('',(166.1,-76.2,0.));
#3586 = DIRECTION('',(-0.,0.,-1.));
#3587 = DIRECTION('',(-2.991758887411E-14,-1.,0.));
#3588 = ORIENTED_EDGE('',*,*,#3589,.T.);
#3589 = EDGE_CURVE('',#3581,#3561,#3590,.T.);
#3590 = CIRCLE('',#3591,0.95);
#3591 = AXIS2_PLACEMENT_3D('',#3592,#3593,#3594);
#3592 = CARTESIAN_POINT('',(166.1,-76.2,0.));
#3593 = DIRECTION('',(-0.,0.,-1.));
#3594 = DIRECTION('',(-2.991758887411E-14,-1.,0.));
#3595 = FACE_BOUND('',#3596,.F.);
#3596 = EDGE_LOOP('',(#3597));
#3597 = ORIENTED_EDGE('',*,*,#3598,.T.);
#3598 = EDGE_CURVE('',#3599,#3599,#3601,.T.);
#3599 = VERTEX_POINT('',#3600);
#3600 = CARTESIAN_POINT('',(163.56,-72.62,0.));
#3601 = CIRCLE('',#3602,1.5);
#3602 = AXIS2_PLACEMENT_3D('',#3603,#3604,#3605);
#3603 = CARTESIAN_POINT('',(163.56,-71.12,0.));
#3604 = DIRECTION('',(-0.,0.,-1.));
#3605 = DIRECTION('',(-0.,-1.,0.));
#3606 = FACE_BOUND('',#3607,.F.);
#3607 = EDGE_LOOP('',(#3608));
#3608 = ORIENTED_EDGE('',*,*,#3609,.T.);
#3609 = EDGE_CURVE('',#3610,#3610,#3612,.T.);
#3610 = VERTEX_POINT('',#3611);
#3611 = CARTESIAN_POINT('',(161.02,-64.55,0.));
#3612 = CIRCLE('',#3613,1.5);
#3613 = AXIS2_PLACEMENT_3D('',#3614,#3615,#3616);
#3614 = CARTESIAN_POINT('',(161.02,-63.05,0.));
#3615 = DIRECTION('',(-0.,0.,-1.));
#3616 = DIRECTION('',(-0.,-1.,0.));
#3617 = FACE_BOUND('',#3618,.F.);
#3618 = EDGE_LOOP('',(#3619,#3630,#3639,#3648));
#3619 = ORIENTED_EDGE('',*,*,#3620,.T.);
#3620 = EDGE_CURVE('',#3621,#3623,#3625,.T.);
#3621 = VERTEX_POINT('',#3622);
#3622 = CARTESIAN_POINT('',(174.78,-75.27350121424,0.));
#3623 = VERTEX_POINT('',#3624);
#3624 = CARTESIAN_POINT('',(174.99,-77.15,0.));
#3625 = CIRCLE('',#3626,0.95);
#3626 = AXIS2_PLACEMENT_3D('',#3627,#3628,#3629);
#3627 = CARTESIAN_POINT('',(174.99,-76.2,0.));
#3628 = DIRECTION('',(-0.,0.,-1.));
#3629 = DIRECTION('',(-0.,-1.,0.));
#3630 = ORIENTED_EDGE('',*,*,#3631,.T.);
#3631 = EDGE_CURVE('',#3623,#3632,#3634,.T.);
#3632 = VERTEX_POINT('',#3633);
#3633 = CARTESIAN_POINT('',(174.78,-77.12649878575,0.));
#3634 = CIRCLE('',#3635,0.95);
#3635 = AXIS2_PLACEMENT_3D('',#3636,#3637,#3638);
#3636 = CARTESIAN_POINT('',(174.99,-76.2,0.));
#3637 = DIRECTION('',(-0.,0.,-1.));
#3638 = DIRECTION('',(-0.,-1.,0.));
#3639 = ORIENTED_EDGE('',*,*,#3640,.T.);
#3640 = EDGE_CURVE('',#3632,#3641,#3643,.T.);
#3641 = VERTEX_POINT('',#3642);
#3642 = CARTESIAN_POINT('',(174.57,-77.15,0.));
#3643 = CIRCLE('',#3644,0.95);
#3644 = AXIS2_PLACEMENT_3D('',#3645,#3646,#3647);
#3645 = CARTESIAN_POINT('',(174.57,-76.2,0.));
#3646 = DIRECTION('',(-0.,0.,-1.));
#3647 = DIRECTION('',(-0.,-1.,0.));
#3648 = ORIENTED_EDGE('',*,*,#3649,.T.);
#3649 = EDGE_CURVE('',#3641,#3621,#3650,.T.);
#3650 = CIRCLE('',#3651,0.95);
#3651 = AXIS2_PLACEMENT_3D('',#3652,#3653,#3654);
#3652 = CARTESIAN_POINT('',(174.57,-76.2,0.));
#3653 = DIRECTION('',(-0.,0.,-1.));
#3654 = DIRECTION('',(-0.,-1.,0.));
#3655 = FACE_BOUND('',#3656,.F.);
#3656 = EDGE_LOOP('',(#3657));
#3657 = ORIENTED_EDGE('',*,*,#3658,.T.);
#3658 = EDGE_CURVE('',#3659,#3659,#3661,.T.);
#3659 = VERTEX_POINT('',#3660);
#3660 = CARTESIAN_POINT('',(176.26,-75.16,0.));
#3661 = CIRCLE('',#3662,1.5);
#3662 = AXIS2_PLACEMENT_3D('',#3663,#3664,#3665);
#3663 = CARTESIAN_POINT('',(176.26,-73.66,0.));
#3664 = DIRECTION('',(-0.,0.,-1.));
#3665 = DIRECTION('',(-0.,-1.,0.));
#3666 = FACE_BOUND('',#3667,.F.);
#3667 = EDGE_LOOP('',(#3668));
#3668 = ORIENTED_EDGE('',*,*,#3669,.T.);
#3669 = EDGE_CURVE('',#3670,#3670,#3672,.T.);
#3670 = VERTEX_POINT('',#3671);
#3671 = CARTESIAN_POINT('',(180.07,-78.25,0.));
#3672 = CIRCLE('',#3673,2.05);
#3673 = AXIS2_PLACEMENT_3D('',#3674,#3675,#3676);
#3674 = CARTESIAN_POINT('',(180.07,-76.2,0.));
#3675 = DIRECTION('',(-0.,0.,-1.));
#3676 = DIRECTION('',(-0.,-1.,0.));
#3677 = FACE_BOUND('',#3678,.F.);
#3678 = EDGE_LOOP('',(#3679,#3690,#3699,#3708));
#3679 = ORIENTED_EDGE('',*,*,#3680,.T.);
#3680 = EDGE_CURVE('',#3681,#3683,#3685,.T.);
#3681 = VERTEX_POINT('',#3682);
#3682 = CARTESIAN_POINT('',(185.36,-75.27350121424,0.));
#3683 = VERTEX_POINT('',#3684);
#3684 = CARTESIAN_POINT('',(185.57,-77.15,0.));
#3685 = CIRCLE('',#3686,0.95);
#3686 = AXIS2_PLACEMENT_3D('',#3687,#3688,#3689);
#3687 = CARTESIAN_POINT('',(185.57,-76.2,0.));
#3688 = DIRECTION('',(-0.,0.,-1.));
#3689 = DIRECTION('',(-0.,-1.,0.));
#3690 = ORIENTED_EDGE('',*,*,#3691,.T.);
#3691 = EDGE_CURVE('',#3683,#3692,#3694,.T.);
#3692 = VERTEX_POINT('',#3693);
#3693 = CARTESIAN_POINT('',(185.36,-77.12649878575,0.));
#3694 = CIRCLE('',#3695,0.95);
#3695 = AXIS2_PLACEMENT_3D('',#3696,#3697,#3698);
#3696 = CARTESIAN_POINT('',(185.57,-76.2,0.));
#3697 = DIRECTION('',(-0.,0.,-1.));
#3698 = DIRECTION('',(-0.,-1.,0.));
#3699 = ORIENTED_EDGE('',*,*,#3700,.T.);
#3700 = EDGE_CURVE('',#3692,#3701,#3703,.T.);
#3701 = VERTEX_POINT('',#3702);
#3702 = CARTESIAN_POINT('',(185.15,-77.15,0.));
#3703 = CIRCLE('',#3704,0.95);
#3704 = AXIS2_PLACEMENT_3D('',#3705,#3706,#3707);
#3705 = CARTESIAN_POINT('',(185.15,-76.2,0.));
#3706 = DIRECTION('',(-0.,0.,-1.));
#3707 = DIRECTION('',(2.991758887411E-14,-1.,-0.));
#3708 = ORIENTED_EDGE('',*,*,#3709,.T.);
#3709 = EDGE_CURVE('',#3701,#3681,#3710,.T.);
#3710 = CIRCLE('',#3711,0.95);
#3711 = AXIS2_PLACEMENT_3D('',#3712,#3713,#3714);
#3712 = CARTESIAN_POINT('',(185.15,-76.2,0.));
#3713 = DIRECTION('',(-0.,0.,-1.));
#3714 = DIRECTION('',(2.991758887411E-14,-1.,-0.));
#3715 = FACE_BOUND('',#3716,.F.);
#3716 = EDGE_LOOP('',(#3717));
#3717 = ORIENTED_EDGE('',*,*,#3718,.T.);
#3718 = EDGE_CURVE('',#3719,#3719,#3721,.T.);
#3719 = VERTEX_POINT('',#3720);
#3720 = CARTESIAN_POINT('',(182.61,-72.62,0.));
#3721 = CIRCLE('',#3722,1.5);
#3722 = AXIS2_PLACEMENT_3D('',#3723,#3724,#3725);
#3723 = CARTESIAN_POINT('',(182.61,-71.12,0.));
#3724 = DIRECTION('',(-0.,0.,-1.));
#3725 = DIRECTION('',(-0.,-1.,0.));
#3726 = FACE_BOUND('',#3727,.F.);
#3727 = EDGE_LOOP('',(#3728));
#3728 = ORIENTED_EDGE('',*,*,#3729,.T.);
#3729 = EDGE_CURVE('',#3730,#3730,#3732,.T.);
#3730 = VERTEX_POINT('',#3731);
#3731 = CARTESIAN_POINT('',(180.07,-64.55,0.));
#3732 = CIRCLE('',#3733,1.5);
#3733 = AXIS2_PLACEMENT_3D('',#3734,#3735,#3736);
#3734 = CARTESIAN_POINT('',(180.07,-63.05,0.));
#3735 = DIRECTION('',(-0.,0.,-1.));
#3736 = DIRECTION('',(-0.,-1.,0.));
#3737 = FACE_BOUND('',#3738,.F.);
#3738 = EDGE_LOOP('',(#3739));
#3739 = ORIENTED_EDGE('',*,*,#3740,.T.);
#3740 = EDGE_CURVE('',#3741,#3741,#3743,.T.);
#3741 = VERTEX_POINT('',#3742);
#3742 = CARTESIAN_POINT('',(156.02,-62.35,0.));
#3743 = CIRCLE('',#3744,1.5);
#3744 = AXIS2_PLACEMENT_3D('',#3745,#3746,#3747);
#3745 = CARTESIAN_POINT('',(156.02,-60.85,0.));
#3746 = DIRECTION('',(-0.,0.,-1.));
#3747 = DIRECTION('',(-0.,-1.,0.));
#3748 = FACE_BOUND('',#3749,.F.);
#3749 = EDGE_LOOP('',(#3750,#3761,#3770,#3779));
#3750 = ORIENTED_EDGE('',*,*,#3751,.T.);
#3751 = EDGE_CURVE('',#3752,#3754,#3756,.T.);
#3752 = VERTEX_POINT('',#3753);
#3753 = CARTESIAN_POINT('',(155.73,-56.22350121424,0.));
#3754 = VERTEX_POINT('',#3755);
#3755 = CARTESIAN_POINT('',(155.94,-58.1,0.));
#3756 = CIRCLE('',#3757,0.95);
#3757 = AXIS2_PLACEMENT_3D('',#3758,#3759,#3760);
#3758 = CARTESIAN_POINT('',(155.94,-57.15,0.));
#3759 = DIRECTION('',(-0.,0.,-1.));
#3760 = DIRECTION('',(-0.,-1.,0.));
#3761 = ORIENTED_EDGE('',*,*,#3762,.T.);
#3762 = EDGE_CURVE('',#3754,#3763,#3765,.T.);
#3763 = VERTEX_POINT('',#3764);
#3764 = CARTESIAN_POINT('',(155.73,-58.07649878575,0.));
#3765 = CIRCLE('',#3766,0.95);
#3766 = AXIS2_PLACEMENT_3D('',#3767,#3768,#3769);
#3767 = CARTESIAN_POINT('',(155.94,-57.15,0.));
#3768 = DIRECTION('',(-0.,0.,-1.));
#3769 = DIRECTION('',(-0.,-1.,0.));
#3770 = ORIENTED_EDGE('',*,*,#3771,.T.);
#3771 = EDGE_CURVE('',#3763,#3772,#3774,.T.);
#3772 = VERTEX_POINT('',#3773);
#3773 = CARTESIAN_POINT('',(155.52,-58.1,0.));
#3774 = CIRCLE('',#3775,0.95);
#3775 = AXIS2_PLACEMENT_3D('',#3776,#3777,#3778);
#3776 = CARTESIAN_POINT('',(155.52,-57.15,0.));
#3777 = DIRECTION('',(-0.,0.,-1.));
#3778 = DIRECTION('',(2.991758887411E-14,-1.,-0.));
#3779 = ORIENTED_EDGE('',*,*,#3780,.T.);
#3780 = EDGE_CURVE('',#3772,#3752,#3781,.T.);
#3781 = CIRCLE('',#3782,0.95);
#3782 = AXIS2_PLACEMENT_3D('',#3783,#3784,#3785);
#3783 = CARTESIAN_POINT('',(155.52,-57.15,0.));
#3784 = DIRECTION('',(-0.,0.,-1.));
#3785 = DIRECTION('',(2.991758887411E-14,-1.,-0.));
#3786 = FACE_BOUND('',#3787,.F.);
#3787 = EDGE_LOOP('',(#3788));
#3788 = ORIENTED_EDGE('',*,*,#3789,.T.);
#3789 = EDGE_CURVE('',#3790,#3790,#3792,.T.);
#3790 = VERTEX_POINT('',#3791);
#3791 = CARTESIAN_POINT('',(161.02,-59.2,0.));
#3792 = CIRCLE('',#3793,2.05);
#3793 = AXIS2_PLACEMENT_3D('',#3794,#3795,#3796);
#3794 = CARTESIAN_POINT('',(161.02,-57.15,0.));
#3795 = DIRECTION('',(-0.,0.,-1.));
#3796 = DIRECTION('',(1.386424850264E-14,-1.,-0.));
#3797 = FACE_BOUND('',#3798,.F.);
#3798 = EDGE_LOOP('',(#3799,#3810,#3819,#3828));
#3799 = ORIENTED_EDGE('',*,*,#3800,.T.);
#3800 = EDGE_CURVE('',#3801,#3803,#3805,.T.);
#3801 = VERTEX_POINT('',#3802);
#3802 = CARTESIAN_POINT('',(166.31,-56.22350121424,0.));
#3803 = VERTEX_POINT('',#3804);
#3804 = CARTESIAN_POINT('',(166.52,-58.1,0.));
#3805 = CIRCLE('',#3806,0.95);
#3806 = AXIS2_PLACEMENT_3D('',#3807,#3808,#3809);
#3807 = CARTESIAN_POINT('',(166.52,-57.15,0.));
#3808 = DIRECTION('',(-0.,0.,-1.));
#3809 = DIRECTION('',(2.991758887411E-14,-1.,-0.));
#3810 = ORIENTED_EDGE('',*,*,#3811,.T.);
#3811 = EDGE_CURVE('',#3803,#3812,#3814,.T.);
#3812 = VERTEX_POINT('',#3813);
#3813 = CARTESIAN_POINT('',(166.31,-58.07649878575,0.));
#3814 = CIRCLE('',#3815,0.95);
#3815 = AXIS2_PLACEMENT_3D('',#3816,#3817,#3818);
#3816 = CARTESIAN_POINT('',(166.52,-57.15,0.));
#3817 = DIRECTION('',(-0.,0.,-1.));
#3818 = DIRECTION('',(2.991758887411E-14,-1.,-0.));
#3819 = ORIENTED_EDGE('',*,*,#3820,.T.);
#3820 = EDGE_CURVE('',#3812,#3821,#3823,.T.);
#3821 = VERTEX_POINT('',#3822);
#3822 = CARTESIAN_POINT('',(166.1,-58.1,0.));
#3823 = CIRCLE('',#3824,0.95);
#3824 = AXIS2_PLACEMENT_3D('',#3825,#3826,#3827);
#3825 = CARTESIAN_POINT('',(166.1,-57.15,0.));
#3826 = DIRECTION('',(-0.,0.,-1.));
#3827 = DIRECTION('',(-2.991758887411E-14,-1.,0.));
#3828 = ORIENTED_EDGE('',*,*,#3829,.T.);
#3829 = EDGE_CURVE('',#3821,#3801,#3830,.T.);
#3830 = CIRCLE('',#3831,0.95);
#3831 = AXIS2_PLACEMENT_3D('',#3832,#3833,#3834);
#3832 = CARTESIAN_POINT('',(166.1,-57.15,0.));
#3833 = DIRECTION('',(-0.,0.,-1.));
#3834 = DIRECTION('',(-2.991758887411E-14,-1.,0.));
#3835 = FACE_BOUND('',#3836,.F.);
#3836 = EDGE_LOOP('',(#3837));
#3837 = ORIENTED_EDGE('',*,*,#3838,.T.);
#3838 = EDGE_CURVE('',#3839,#3839,#3841,.T.);
#3839 = VERTEX_POINT('',#3840);
#3840 = CARTESIAN_POINT('',(157.21,-56.11,0.));
#3841 = CIRCLE('',#3842,1.5);
#3842 = AXIS2_PLACEMENT_3D('',#3843,#3844,#3845);
#3843 = CARTESIAN_POINT('',(157.21,-54.61,0.));
#3844 = DIRECTION('',(-0.,0.,-1.));
#3845 = DIRECTION('',(-0.,-1.,0.));
#3846 = FACE_BOUND('',#3847,.F.);
#3847 = EDGE_LOOP('',(#3848));
#3848 = ORIENTED_EDGE('',*,*,#3849,.T.);
#3849 = EDGE_CURVE('',#3850,#3850,#3852,.T.);
#3850 = VERTEX_POINT('',#3851);
#3851 = CARTESIAN_POINT('',(163.56,-53.57,0.));
#3852 = CIRCLE('',#3853,1.5);
#3853 = AXIS2_PLACEMENT_3D('',#3854,#3855,#3856);
#3854 = CARTESIAN_POINT('',(163.56,-52.07,0.));
#3855 = DIRECTION('',(-0.,0.,-1.));
#3856 = DIRECTION('',(-0.,-1.,0.));
#3857 = FACE_BOUND('',#3858,.F.);
#3858 = EDGE_LOOP('',(#3859));
#3859 = ORIENTED_EDGE('',*,*,#3860,.T.);
#3860 = EDGE_CURVE('',#3861,#3861,#3863,.T.);
#3861 = VERTEX_POINT('',#3862);
#3862 = CARTESIAN_POINT('',(175.07,-62.35,0.));
#3863 = CIRCLE('',#3864,1.5);
#3864 = AXIS2_PLACEMENT_3D('',#3865,#3866,#3867);
#3865 = CARTESIAN_POINT('',(175.07,-60.85,0.));
#3866 = DIRECTION('',(-0.,0.,-1.));
#3867 = DIRECTION('',(-0.,-1.,0.));
#3868 = FACE_BOUND('',#3869,.F.);
#3869 = EDGE_LOOP('',(#3870,#3881,#3890,#3899));
#3870 = ORIENTED_EDGE('',*,*,#3871,.T.);
#3871 = EDGE_CURVE('',#3872,#3874,#3876,.T.);
#3872 = VERTEX_POINT('',#3873);
#3873 = CARTESIAN_POINT('',(174.78,-56.22350121424,0.));
#3874 = VERTEX_POINT('',#3875);
#3875 = CARTESIAN_POINT('',(174.99,-58.1,0.));
#3876 = CIRCLE('',#3877,0.95);
#3877 = AXIS2_PLACEMENT_3D('',#3878,#3879,#3880);
#3878 = CARTESIAN_POINT('',(174.99,-57.15,0.));
#3879 = DIRECTION('',(-0.,0.,-1.));
#3880 = DIRECTION('',(-0.,-1.,0.));
#3881 = ORIENTED_EDGE('',*,*,#3882,.T.);
#3882 = EDGE_CURVE('',#3874,#3883,#3885,.T.);
#3883 = VERTEX_POINT('',#3884);
#3884 = CARTESIAN_POINT('',(174.78,-58.07649878575,0.));
#3885 = CIRCLE('',#3886,0.95);
#3886 = AXIS2_PLACEMENT_3D('',#3887,#3888,#3889);
#3887 = CARTESIAN_POINT('',(174.99,-57.15,0.));
#3888 = DIRECTION('',(-0.,0.,-1.));
#3889 = DIRECTION('',(-0.,-1.,0.));
#3890 = ORIENTED_EDGE('',*,*,#3891,.T.);
#3891 = EDGE_CURVE('',#3883,#3892,#3894,.T.);
#3892 = VERTEX_POINT('',#3893);
#3893 = CARTESIAN_POINT('',(174.57,-58.1,0.));
#3894 = CIRCLE('',#3895,0.95);
#3895 = AXIS2_PLACEMENT_3D('',#3896,#3897,#3898);
#3896 = CARTESIAN_POINT('',(174.57,-57.15,0.));
#3897 = DIRECTION('',(-0.,0.,-1.));
#3898 = DIRECTION('',(-0.,-1.,0.));
#3899 = ORIENTED_EDGE('',*,*,#3900,.T.);
#3900 = EDGE_CURVE('',#3892,#3872,#3901,.T.);
#3901 = CIRCLE('',#3902,0.95);
#3902 = AXIS2_PLACEMENT_3D('',#3903,#3904,#3905);
#3903 = CARTESIAN_POINT('',(174.57,-57.15,0.));
#3904 = DIRECTION('',(-0.,0.,-1.));
#3905 = DIRECTION('',(-0.,-1.,0.));
#3906 = FACE_BOUND('',#3907,.F.);
#3907 = EDGE_LOOP('',(#3908));
#3908 = ORIENTED_EDGE('',*,*,#3909,.T.);
#3909 = EDGE_CURVE('',#3910,#3910,#3912,.T.);
#3910 = VERTEX_POINT('',#3911);
#3911 = CARTESIAN_POINT('',(180.07,-59.2,0.));
#3912 = CIRCLE('',#3913,2.05);
#3913 = AXIS2_PLACEMENT_3D('',#3914,#3915,#3916);
#3914 = CARTESIAN_POINT('',(180.07,-57.15,0.));
#3915 = DIRECTION('',(-0.,0.,-1.));
#3916 = DIRECTION('',(-0.,-1.,0.));
#3917 = FACE_BOUND('',#3918,.F.);
#3918 = EDGE_LOOP('',(#3919,#3930,#3939,#3948));
#3919 = ORIENTED_EDGE('',*,*,#3920,.T.);
#3920 = EDGE_CURVE('',#3921,#3923,#3925,.T.);
#3921 = VERTEX_POINT('',#3922);
#3922 = CARTESIAN_POINT('',(185.36,-56.22350121424,0.));
#3923 = VERTEX_POINT('',#3924);
#3924 = CARTESIAN_POINT('',(185.57,-58.1,0.));
#3925 = CIRCLE('',#3926,0.95);
#3926 = AXIS2_PLACEMENT_3D('',#3927,#3928,#3929);
#3927 = CARTESIAN_POINT('',(185.57,-57.15,0.));
#3928 = DIRECTION('',(-0.,0.,-1.));
#3929 = DIRECTION('',(-0.,-1.,0.));
#3930 = ORIENTED_EDGE('',*,*,#3931,.T.);
#3931 = EDGE_CURVE('',#3923,#3932,#3934,.T.);
#3932 = VERTEX_POINT('',#3933);
#3933 = CARTESIAN_POINT('',(185.36,-58.07649878575,0.));
#3934 = CIRCLE('',#3935,0.95);
#3935 = AXIS2_PLACEMENT_3D('',#3936,#3937,#3938);
#3936 = CARTESIAN_POINT('',(185.57,-57.15,0.));
#3937 = DIRECTION('',(-0.,0.,-1.));
#3938 = DIRECTION('',(-0.,-1.,0.));
#3939 = ORIENTED_EDGE('',*,*,#3940,.T.);
#3940 = EDGE_CURVE('',#3932,#3941,#3943,.T.);
#3941 = VERTEX_POINT('',#3942);
#3942 = CARTESIAN_POINT('',(185.15,-58.1,0.));
#3943 = CIRCLE('',#3944,0.95);
#3944 = AXIS2_PLACEMENT_3D('',#3945,#3946,#3947);
#3945 = CARTESIAN_POINT('',(185.15,-57.15,0.));
#3946 = DIRECTION('',(-0.,0.,-1.));
#3947 = DIRECTION('',(2.991758887411E-14,-1.,-0.));
#3948 = ORIENTED_EDGE('',*,*,#3949,.T.);
#3949 = EDGE_CURVE('',#3941,#3921,#3950,.T.);
#3950 = CIRCLE('',#3951,0.95);
#3951 = AXIS2_PLACEMENT_3D('',#3952,#3953,#3954);
#3952 = CARTESIAN_POINT('',(185.15,-57.15,0.));
#3953 = DIRECTION('',(-0.,0.,-1.));
#3954 = DIRECTION('',(2.991758887411E-14,-1.,-0.));
#3955 = FACE_BOUND('',#3956,.F.);
#3956 = EDGE_LOOP('',(#3957));
#3957 = ORIENTED_EDGE('',*,*,#3958,.T.);
#3958 = EDGE_CURVE('',#3959,#3959,#3961,.T.);
#3959 = VERTEX_POINT('',#3960);
#3960 = CARTESIAN_POINT('',(176.26,-56.11,0.));
#3961 = CIRCLE('',#3962,1.5);
#3962 = AXIS2_PLACEMENT_3D('',#3963,#3964,#3965);
#3963 = CARTESIAN_POINT('',(176.26,-54.61,0.));
#3964 = DIRECTION('',(-0.,0.,-1.));
#3965 = DIRECTION('',(-0.,-1.,0.));
#3966 = FACE_BOUND('',#3967,.F.);
#3967 = EDGE_LOOP('',(#3968));
#3968 = ORIENTED_EDGE('',*,*,#3969,.T.);
#3969 = EDGE_CURVE('',#3970,#3970,#3972,.T.);
#3970 = VERTEX_POINT('',#3971);
#3971 = CARTESIAN_POINT('',(182.61,-53.57,0.));
#3972 = CIRCLE('',#3973,1.5);
#3973 = AXIS2_PLACEMENT_3D('',#3974,#3975,#3976);
#3974 = CARTESIAN_POINT('',(182.61,-52.07,0.));
#3975 = DIRECTION('',(-0.,0.,-1.));
#3976 = DIRECTION('',(-0.,-1.,0.));
#3977 = FACE_BOUND('',#3978,.F.);
#3978 = EDGE_LOOP('',(#3979));
#3979 = ORIENTED_EDGE('',*,*,#3980,.T.);
#3980 = EDGE_CURVE('',#3981,#3981,#3983,.T.);
#3981 = VERTEX_POINT('',#3982);
#3982 = CARTESIAN_POINT('',(122.92,-49.675,0.));
#3983 = CIRCLE('',#3984,2.05);
#3984 = AXIS2_PLACEMENT_3D('',#3985,#3986,#3987);
#3985 = CARTESIAN_POINT('',(122.92,-47.625,0.));
#3986 = DIRECTION('',(-0.,0.,-1.));
#3987 = DIRECTION('',(-0.,-1.,0.));
#3988 = FACE_BOUND('',#3989,.F.);
#3989 = EDGE_LOOP('',(#3990,#4001,#4010,#4019));
#3990 = ORIENTED_EDGE('',*,*,#3991,.T.);
#3991 = EDGE_CURVE('',#3992,#3994,#3996,.T.);
#3992 = VERTEX_POINT('',#3993);
#3993 = CARTESIAN_POINT('',(128.21,-46.69850121424,0.));
#3994 = VERTEX_POINT('',#3995);
#3995 = CARTESIAN_POINT('',(128.42,-48.575,0.));
#3996 = CIRCLE('',#3997,0.95);
#3997 = AXIS2_PLACEMENT_3D('',#3998,#3999,#4000);
#3998 = CARTESIAN_POINT('',(128.42,-47.625,0.));
#3999 = DIRECTION('',(-0.,0.,-1.));
#4000 = DIRECTION('',(-2.991758887411E-14,-1.,0.));
#4001 = ORIENTED_EDGE('',*,*,#4002,.T.);
#4002 = EDGE_CURVE('',#3994,#4003,#4005,.T.);
#4003 = VERTEX_POINT('',#4004);
#4004 = CARTESIAN_POINT('',(128.21,-48.55149878575,0.));
#4005 = CIRCLE('',#4006,0.95);
#4006 = AXIS2_PLACEMENT_3D('',#4007,#4008,#4009);
#4007 = CARTESIAN_POINT('',(128.42,-47.625,0.));
#4008 = DIRECTION('',(-0.,0.,-1.));
#4009 = DIRECTION('',(-2.991758887411E-14,-1.,0.));
#4010 = ORIENTED_EDGE('',*,*,#4011,.T.);
#4011 = EDGE_CURVE('',#4003,#4012,#4014,.T.);
#4012 = VERTEX_POINT('',#4013);
#4013 = CARTESIAN_POINT('',(128.,-48.575,0.));
#4014 = CIRCLE('',#4015,0.95);
#4015 = AXIS2_PLACEMENT_3D('',#4016,#4017,#4018);
#4016 = CARTESIAN_POINT('',(128.,-47.625,0.));
#4017 = DIRECTION('',(-0.,0.,-1.));
#4018 = DIRECTION('',(-0.,-1.,0.));
#4019 = ORIENTED_EDGE('',*,*,#4020,.T.);
#4020 = EDGE_CURVE('',#4012,#3992,#4021,.T.);
#4021 = CIRCLE('',#4022,0.95);
#4022 = AXIS2_PLACEMENT_3D('',#4023,#4024,#4025);
#4023 = CARTESIAN_POINT('',(128.,-47.625,0.));
#4024 = DIRECTION('',(-0.,0.,-1.));
#4025 = DIRECTION('',(-0.,-1.,0.));
#4026 = FACE_BOUND('',#4027,.F.);
#4027 = EDGE_LOOP('',(#4028));
#4028 = ORIENTED_EDGE('',*,*,#4029,.T.);
#4029 = EDGE_CURVE('',#4030,#4030,#4032,.T.);
#4030 = VERTEX_POINT('',#4031);
#4031 = CARTESIAN_POINT('',(125.46,-44.045,0.));
#4032 = CIRCLE('',#4033,1.5);
#4033 = AXIS2_PLACEMENT_3D('',#4034,#4035,#4036);
#4034 = CARTESIAN_POINT('',(125.46,-42.545,0.));
#4035 = DIRECTION('',(-0.,0.,-1.));
#4036 = DIRECTION('',(-0.,-1.,0.));
#4037 = FACE_BOUND('',#4038,.F.);
#4038 = EDGE_LOOP('',(#4039));
#4039 = ORIENTED_EDGE('',*,*,#4040,.T.);
#4040 = EDGE_CURVE('',#4041,#4041,#4043,.T.);
#4041 = VERTEX_POINT('',#4042);
#4042 = CARTESIAN_POINT('',(138.16,-48.49,0.));
#4043 = CIRCLE('',#4044,1.5);
#4044 = AXIS2_PLACEMENT_3D('',#4045,#4046,#4047);
#4045 = CARTESIAN_POINT('',(138.16,-46.99,0.));
#4046 = DIRECTION('',(-0.,0.,-1.));
#4047 = DIRECTION('',(-0.,-1.,0.));
#4048 = FACE_BOUND('',#4049,.F.);
#4049 = EDGE_LOOP('',(#4050));
#4050 = ORIENTED_EDGE('',*,*,#4051,.T.);
#4051 = EDGE_CURVE('',#4052,#4052,#4054,.T.);
#4052 = VERTEX_POINT('',#4053);
#4053 = CARTESIAN_POINT('',(144.51,-45.95,0.));
#4054 = CIRCLE('',#4055,1.5);
#4055 = AXIS2_PLACEMENT_3D('',#4056,#4057,#4058);
#4056 = CARTESIAN_POINT('',(144.51,-44.45,0.));
#4057 = DIRECTION('',(-0.,0.,-1.));
#4058 = DIRECTION('',(-0.,-1.,0.));
#4059 = FACE_BOUND('',#4060,.F.);
#4060 = EDGE_LOOP('',(#4061));
#4061 = ORIENTED_EDGE('',*,*,#4062,.T.);
#4062 = EDGE_CURVE('',#4063,#4063,#4065,.T.);
#4063 = VERTEX_POINT('',#4064);
#4064 = CARTESIAN_POINT('',(141.97,-37.88,0.));
#4065 = CIRCLE('',#4066,1.5);
#4066 = AXIS2_PLACEMENT_3D('',#4067,#4068,#4069);
#4067 = CARTESIAN_POINT('',(141.97,-36.38,0.));
#4068 = DIRECTION('',(-0.,0.,-1.));
#4069 = DIRECTION('',(-0.,-1.,0.));
#4070 = FACE_BOUND('',#4071,.F.);
#4071 = EDGE_LOOP('',(#4072));
#4072 = ORIENTED_EDGE('',*,*,#4073,.T.);
#4073 = EDGE_CURVE('',#4074,#4074,#4076,.T.);
#4074 = VERTEX_POINT('',#4075);
#4075 = CARTESIAN_POINT('',(122.92,-35.975,0.));
#4076 = CIRCLE('',#4077,1.5);
#4077 = AXIS2_PLACEMENT_3D('',#4078,#4079,#4080);
#4078 = CARTESIAN_POINT('',(122.92,-34.475,0.));
#4079 = DIRECTION('',(-0.,0.,-1.));
#4080 = DIRECTION('',(-0.,-1.,0.));
#4081 = FACE_BOUND('',#4082,.F.);
#4082 = EDGE_LOOP('',(#4083));
#4083 = ORIENTED_EDGE('',*,*,#4084,.T.);
#4084 = EDGE_CURVE('',#4085,#4085,#4087,.T.);
#4085 = VERTEX_POINT('',#4086);
#4086 = CARTESIAN_POINT('',(136.97,-35.68,0.));
#4087 = CIRCLE('',#4088,1.5);
#4088 = AXIS2_PLACEMENT_3D('',#4089,#4090,#4091);
#4089 = CARTESIAN_POINT('',(136.97,-34.18,0.));
#4090 = DIRECTION('',(-0.,0.,-1.));
#4091 = DIRECTION('',(-0.,-1.,0.));
#4092 = FACE_BOUND('',#4093,.F.);
#4093 = EDGE_LOOP('',(#4094,#4105,#4114,#4123));
#4094 = ORIENTED_EDGE('',*,*,#4095,.T.);
#4095 = EDGE_CURVE('',#4096,#4098,#4100,.T.);
#4096 = VERTEX_POINT('',#4097);
#4097 = CARTESIAN_POINT('',(136.68,-29.55350121424,0.));
#4098 = VERTEX_POINT('',#4099);
#4099 = CARTESIAN_POINT('',(136.89,-31.43,0.));
#4100 = CIRCLE('',#4101,0.95);
#4101 = AXIS2_PLACEMENT_3D('',#4102,#4103,#4104);
#4102 = CARTESIAN_POINT('',(136.89,-30.48,0.));
#4103 = DIRECTION('',(-0.,0.,-1.));
#4104 = DIRECTION('',(-0.,-1.,0.));
#4105 = ORIENTED_EDGE('',*,*,#4106,.T.);
#4106 = EDGE_CURVE('',#4098,#4107,#4109,.T.);
#4107 = VERTEX_POINT('',#4108);
#4108 = CARTESIAN_POINT('',(136.68,-31.40649878575,0.));
#4109 = CIRCLE('',#4110,0.95);
#4110 = AXIS2_PLACEMENT_3D('',#4111,#4112,#4113);
#4111 = CARTESIAN_POINT('',(136.89,-30.48,0.));
#4112 = DIRECTION('',(-0.,0.,-1.));
#4113 = DIRECTION('',(-0.,-1.,0.));
#4114 = ORIENTED_EDGE('',*,*,#4115,.T.);
#4115 = EDGE_CURVE('',#4107,#4116,#4118,.T.);
#4116 = VERTEX_POINT('',#4117);
#4117 = CARTESIAN_POINT('',(136.47,-31.43,0.));
#4118 = CIRCLE('',#4119,0.95);
#4119 = AXIS2_PLACEMENT_3D('',#4120,#4121,#4122);
#4120 = CARTESIAN_POINT('',(136.47,-30.48,0.));
#4121 = DIRECTION('',(-0.,0.,-1.));
#4122 = DIRECTION('',(-0.,-1.,0.));
#4123 = ORIENTED_EDGE('',*,*,#4124,.T.);
#4124 = EDGE_CURVE('',#4116,#4096,#4125,.T.);
#4125 = CIRCLE('',#4126,0.95);
#4126 = AXIS2_PLACEMENT_3D('',#4127,#4128,#4129);
#4127 = CARTESIAN_POINT('',(136.47,-30.48,0.));
#4128 = DIRECTION('',(-0.,0.,-1.));
#4129 = DIRECTION('',(-0.,-1.,0.));
#4130 = FACE_BOUND('',#4131,.F.);
#4131 = EDGE_LOOP('',(#4132));
#4132 = ORIENTED_EDGE('',*,*,#4133,.T.);
#4133 = EDGE_CURVE('',#4134,#4134,#4136,.T.);
#4134 = VERTEX_POINT('',#4135);
#4135 = CARTESIAN_POINT('',(122.92,-30.625,0.));
#4136 = CIRCLE('',#4137,2.05);
#4137 = AXIS2_PLACEMENT_3D('',#4138,#4139,#4140);
#4138 = CARTESIAN_POINT('',(122.92,-28.575,0.));
#4139 = DIRECTION('',(-0.,0.,-1.));
#4140 = DIRECTION('',(-0.,-1.,0.));
#4141 = FACE_BOUND('',#4142,.F.);
#4142 = EDGE_LOOP('',(#4143,#4154,#4163,#4172));
#4143 = ORIENTED_EDGE('',*,*,#4144,.T.);
#4144 = EDGE_CURVE('',#4145,#4147,#4149,.T.);
#4145 = VERTEX_POINT('',#4146);
#4146 = CARTESIAN_POINT('',(128.21,-27.64850121424,0.));
#4147 = VERTEX_POINT('',#4148);
#4148 = CARTESIAN_POINT('',(128.42,-29.525,0.));
#4149 = CIRCLE('',#4150,0.95);
#4150 = AXIS2_PLACEMENT_3D('',#4151,#4152,#4153);
#4151 = CARTESIAN_POINT('',(128.42,-28.575,0.));
#4152 = DIRECTION('',(-0.,0.,-1.));
#4153 = DIRECTION('',(-2.991758887411E-14,-1.,0.));
#4154 = ORIENTED_EDGE('',*,*,#4155,.T.);
#4155 = EDGE_CURVE('',#4147,#4156,#4158,.T.);
#4156 = VERTEX_POINT('',#4157);
#4157 = CARTESIAN_POINT('',(128.21,-29.50149878575,0.));
#4158 = CIRCLE('',#4159,0.95);
#4159 = AXIS2_PLACEMENT_3D('',#4160,#4161,#4162);
#4160 = CARTESIAN_POINT('',(128.42,-28.575,0.));
#4161 = DIRECTION('',(-0.,0.,-1.));
#4162 = DIRECTION('',(-2.991758887411E-14,-1.,0.));
#4163 = ORIENTED_EDGE('',*,*,#4164,.T.);
#4164 = EDGE_CURVE('',#4156,#4165,#4167,.T.);
#4165 = VERTEX_POINT('',#4166);
#4166 = CARTESIAN_POINT('',(128.,-29.525,0.));
#4167 = CIRCLE('',#4168,0.95);
#4168 = AXIS2_PLACEMENT_3D('',#4169,#4170,#4171);
#4169 = CARTESIAN_POINT('',(128.,-28.575,0.));
#4170 = DIRECTION('',(-0.,0.,-1.));
#4171 = DIRECTION('',(-0.,-1.,0.));
#4172 = ORIENTED_EDGE('',*,*,#4173,.T.);
#4173 = EDGE_CURVE('',#4165,#4145,#4174,.T.);
#4174 = CIRCLE('',#4175,0.95);
#4175 = AXIS2_PLACEMENT_3D('',#4176,#4177,#4178);
#4176 = CARTESIAN_POINT('',(128.,-28.575,0.));
#4177 = DIRECTION('',(-0.,0.,-1.));
#4178 = DIRECTION('',(-0.,-1.,0.));
#4179 = FACE_BOUND('',#4180,.F.);
#4180 = EDGE_LOOP('',(#4181));
#4181 = ORIENTED_EDGE('',*,*,#4182,.T.);
#4182 = EDGE_CURVE('',#4183,#4183,#4185,.T.);
#4183 = VERTEX_POINT('',#4184);
#4184 = CARTESIAN_POINT('',(125.46,-24.995,0.));
#4185 = CIRCLE('',#4186,1.5);
#4186 = AXIS2_PLACEMENT_3D('',#4187,#4188,#4189);
#4187 = CARTESIAN_POINT('',(125.46,-23.495,0.));
#4188 = DIRECTION('',(-0.,0.,-1.));
#4189 = DIRECTION('',(-0.,-1.,0.));
#4190 = FACE_BOUND('',#4191,.F.);
#4191 = EDGE_LOOP('',(#4192));
#4192 = ORIENTED_EDGE('',*,*,#4193,.T.);
#4193 = EDGE_CURVE('',#4194,#4194,#4196,.T.);
#4194 = VERTEX_POINT('',#4195);
#4195 = CARTESIAN_POINT('',(141.97,-32.53,0.));
#4196 = CIRCLE('',#4197,2.05);
#4197 = AXIS2_PLACEMENT_3D('',#4198,#4199,#4200);
#4198 = CARTESIAN_POINT('',(141.97,-30.48,0.));
#4199 = DIRECTION('',(-0.,0.,-1.));
#4200 = DIRECTION('',(-0.,-1.,0.));
#4201 = FACE_BOUND('',#4202,.F.);
#4202 = EDGE_LOOP('',(#4203,#4214,#4223,#4232));
#4203 = ORIENTED_EDGE('',*,*,#4204,.T.);
#4204 = EDGE_CURVE('',#4205,#4207,#4209,.T.);
#4205 = VERTEX_POINT('',#4206);
#4206 = CARTESIAN_POINT('',(147.26,-29.55350121424,0.));
#4207 = VERTEX_POINT('',#4208);
#4208 = CARTESIAN_POINT('',(147.47,-31.43,0.));
#4209 = CIRCLE('',#4210,0.95);
#4210 = AXIS2_PLACEMENT_3D('',#4211,#4212,#4213);
#4211 = CARTESIAN_POINT('',(147.47,-30.48,0.));
#4212 = DIRECTION('',(-0.,0.,-1.));
#4213 = DIRECTION('',(-0.,-1.,0.));
#4214 = ORIENTED_EDGE('',*,*,#4215,.T.);
#4215 = EDGE_CURVE('',#4207,#4216,#4218,.T.);
#4216 = VERTEX_POINT('',#4217);
#4217 = CARTESIAN_POINT('',(147.26,-31.40649878575,0.));
#4218 = CIRCLE('',#4219,0.95);
#4219 = AXIS2_PLACEMENT_3D('',#4220,#4221,#4222);
#4220 = CARTESIAN_POINT('',(147.47,-30.48,0.));
#4221 = DIRECTION('',(-0.,0.,-1.));
#4222 = DIRECTION('',(-0.,-1.,0.));
#4223 = ORIENTED_EDGE('',*,*,#4224,.T.);
#4224 = EDGE_CURVE('',#4216,#4225,#4227,.T.);
#4225 = VERTEX_POINT('',#4226);
#4226 = CARTESIAN_POINT('',(147.05,-31.43,0.));
#4227 = CIRCLE('',#4228,0.95);
#4228 = AXIS2_PLACEMENT_3D('',#4229,#4230,#4231);
#4229 = CARTESIAN_POINT('',(147.05,-30.48,0.));
#4230 = DIRECTION('',(-0.,0.,-1.));
#4231 = DIRECTION('',(-0.,-1.,0.));
#4232 = ORIENTED_EDGE('',*,*,#4233,.T.);
#4233 = EDGE_CURVE('',#4225,#4205,#4234,.T.);
#4234 = CIRCLE('',#4235,0.95);
#4235 = AXIS2_PLACEMENT_3D('',#4236,#4237,#4238);
#4236 = CARTESIAN_POINT('',(147.05,-30.48,0.));
#4237 = DIRECTION('',(-0.,0.,-1.));
#4238 = DIRECTION('',(-0.,-1.,0.));
#4239 = FACE_BOUND('',#4240,.F.);
#4240 = EDGE_LOOP('',(#4241));
#4241 = ORIENTED_EDGE('',*,*,#4242,.T.);
#4242 = EDGE_CURVE('',#4243,#4243,#4245,.T.);
#4243 = VERTEX_POINT('',#4244);
#4244 = CARTESIAN_POINT('',(138.16,-29.44,0.));
#4245 = CIRCLE('',#4246,1.5);
#4246 = AXIS2_PLACEMENT_3D('',#4247,#4248,#4249);
#4247 = CARTESIAN_POINT('',(138.16,-27.94,0.));
#4248 = DIRECTION('',(-0.,0.,-1.));
#4249 = DIRECTION('',(-0.,-1.,0.));
#4250 = FACE_BOUND('',#4251,.F.);
#4251 = EDGE_LOOP('',(#4252));
#4252 = ORIENTED_EDGE('',*,*,#4253,.T.);
#4253 = EDGE_CURVE('',#4254,#4254,#4256,.T.);
#4254 = VERTEX_POINT('',#4255);
#4255 = CARTESIAN_POINT('',(144.51,-26.9,0.));
#4256 = CIRCLE('',#4257,1.5);
#4257 = AXIS2_PLACEMENT_3D('',#4258,#4259,#4260);
#4258 = CARTESIAN_POINT('',(144.51,-25.4,0.));
#4259 = DIRECTION('',(-0.,0.,-1.));
#4260 = DIRECTION('',(-0.,-1.,0.));
#4261 = FACE_BOUND('',#4262,.F.);
#4262 = EDGE_LOOP('',(#4263));
#4263 = ORIENTED_EDGE('',*,*,#4264,.T.);
#4264 = EDGE_CURVE('',#4265,#4265,#4267,.T.);
#4265 = VERTEX_POINT('',#4266);
#4266 = CARTESIAN_POINT('',(161.02,-45.5,0.));
#4267 = CIRCLE('',#4268,1.5);
#4268 = AXIS2_PLACEMENT_3D('',#4269,#4270,#4271);
#4269 = CARTESIAN_POINT('',(161.02,-44.,0.));
#4270 = DIRECTION('',(-0.,0.,-1.));
#4271 = DIRECTION('',(-0.,-1.,0.));
#4272 = FACE_BOUND('',#4273,.F.);
#4273 = EDGE_LOOP('',(#4274));
#4274 = ORIENTED_EDGE('',*,*,#4275,.T.);
#4275 = EDGE_CURVE('',#4276,#4276,#4278,.T.);
#4276 = VERTEX_POINT('',#4277);
#4277 = CARTESIAN_POINT('',(156.02,-43.3,0.));
#4278 = CIRCLE('',#4279,1.5);
#4279 = AXIS2_PLACEMENT_3D('',#4280,#4281,#4282);
#4280 = CARTESIAN_POINT('',(156.02,-41.8,0.));
#4281 = DIRECTION('',(-0.,0.,-1.));
#4282 = DIRECTION('',(-0.,-1.,0.));
#4283 = FACE_BOUND('',#4284,.F.);
#4284 = EDGE_LOOP('',(#4285,#4296,#4305,#4314));
#4285 = ORIENTED_EDGE('',*,*,#4286,.T.);
#4286 = EDGE_CURVE('',#4287,#4289,#4291,.T.);
#4287 = VERTEX_POINT('',#4288);
#4288 = CARTESIAN_POINT('',(155.73,-37.17350121424,0.));
#4289 = VERTEX_POINT('',#4290);
#4290 = CARTESIAN_POINT('',(155.94,-39.05,0.));
#4291 = CIRCLE('',#4292,0.95);
#4292 = AXIS2_PLACEMENT_3D('',#4293,#4294,#4295);
#4293 = CARTESIAN_POINT('',(155.94,-38.1,0.));
#4294 = DIRECTION('',(-0.,0.,-1.));
#4295 = DIRECTION('',(-0.,-1.,0.));
#4296 = ORIENTED_EDGE('',*,*,#4297,.T.);
#4297 = EDGE_CURVE('',#4289,#4298,#4300,.T.);
#4298 = VERTEX_POINT('',#4299);
#4299 = CARTESIAN_POINT('',(155.73,-39.02649878575,0.));
#4300 = CIRCLE('',#4301,0.95);
#4301 = AXIS2_PLACEMENT_3D('',#4302,#4303,#4304);
#4302 = CARTESIAN_POINT('',(155.94,-38.1,0.));
#4303 = DIRECTION('',(-0.,0.,-1.));
#4304 = DIRECTION('',(-0.,-1.,0.));
#4305 = ORIENTED_EDGE('',*,*,#4306,.T.);
#4306 = EDGE_CURVE('',#4298,#4307,#4309,.T.);
#4307 = VERTEX_POINT('',#4308);
#4308 = CARTESIAN_POINT('',(155.52,-39.05,0.));
#4309 = CIRCLE('',#4310,0.95);
#4310 = AXIS2_PLACEMENT_3D('',#4311,#4312,#4313);
#4311 = CARTESIAN_POINT('',(155.52,-38.1,0.));
#4312 = DIRECTION('',(-0.,0.,-1.));
#4313 = DIRECTION('',(2.991758887411E-14,-1.,-0.));
#4314 = ORIENTED_EDGE('',*,*,#4315,.T.);
#4315 = EDGE_CURVE('',#4307,#4287,#4316,.T.);
#4316 = CIRCLE('',#4317,0.95);
#4317 = AXIS2_PLACEMENT_3D('',#4318,#4319,#4320);
#4318 = CARTESIAN_POINT('',(155.52,-38.1,0.));
#4319 = DIRECTION('',(-0.,0.,-1.));
#4320 = DIRECTION('',(2.991758887411E-14,-1.,-0.));
#4321 = FACE_BOUND('',#4322,.F.);
#4322 = EDGE_LOOP('',(#4323));
#4323 = ORIENTED_EDGE('',*,*,#4324,.T.);
#4324 = EDGE_CURVE('',#4325,#4325,#4327,.T.);
#4325 = VERTEX_POINT('',#4326);
#4326 = CARTESIAN_POINT('',(161.02,-40.15,0.));
#4327 = CIRCLE('',#4328,2.05);
#4328 = AXIS2_PLACEMENT_3D('',#4329,#4330,#4331);
#4329 = CARTESIAN_POINT('',(161.02,-38.1,0.));
#4330 = DIRECTION('',(-0.,0.,-1.));
#4331 = DIRECTION('',(1.386424850264E-14,-1.,-0.));
#4332 = FACE_BOUND('',#4333,.F.);
#4333 = EDGE_LOOP('',(#4334,#4345,#4354,#4363));
#4334 = ORIENTED_EDGE('',*,*,#4335,.T.);
#4335 = EDGE_CURVE('',#4336,#4338,#4340,.T.);
#4336 = VERTEX_POINT('',#4337);
#4337 = CARTESIAN_POINT('',(166.31,-37.17350121424,0.));
#4338 = VERTEX_POINT('',#4339);
#4339 = CARTESIAN_POINT('',(166.52,-39.05,0.));
#4340 = CIRCLE('',#4341,0.95);
#4341 = AXIS2_PLACEMENT_3D('',#4342,#4343,#4344);
#4342 = CARTESIAN_POINT('',(166.52,-38.1,0.));
#4343 = DIRECTION('',(-0.,0.,-1.));
#4344 = DIRECTION('',(2.991758887411E-14,-1.,-0.));
#4345 = ORIENTED_EDGE('',*,*,#4346,.T.);
#4346 = EDGE_CURVE('',#4338,#4347,#4349,.T.);
#4347 = VERTEX_POINT('',#4348);
#4348 = CARTESIAN_POINT('',(166.31,-39.02649878575,0.));
#4349 = CIRCLE('',#4350,0.95);
#4350 = AXIS2_PLACEMENT_3D('',#4351,#4352,#4353);
#4351 = CARTESIAN_POINT('',(166.52,-38.1,0.));
#4352 = DIRECTION('',(-0.,0.,-1.));
#4353 = DIRECTION('',(2.991758887411E-14,-1.,-0.));
#4354 = ORIENTED_EDGE('',*,*,#4355,.T.);
#4355 = EDGE_CURVE('',#4347,#4356,#4358,.T.);
#4356 = VERTEX_POINT('',#4357);
#4357 = CARTESIAN_POINT('',(166.1,-39.05,0.));
#4358 = CIRCLE('',#4359,0.95);
#4359 = AXIS2_PLACEMENT_3D('',#4360,#4361,#4362);
#4360 = CARTESIAN_POINT('',(166.1,-38.1,0.));
#4361 = DIRECTION('',(-0.,0.,-1.));
#4362 = DIRECTION('',(-2.991758887411E-14,-1.,0.));
#4363 = ORIENTED_EDGE('',*,*,#4364,.T.);
#4364 = EDGE_CURVE('',#4356,#4336,#4365,.T.);
#4365 = CIRCLE('',#4366,0.95);
#4366 = AXIS2_PLACEMENT_3D('',#4367,#4368,#4369);
#4367 = CARTESIAN_POINT('',(166.1,-38.1,0.));
#4368 = DIRECTION('',(-0.,0.,-1.));
#4369 = DIRECTION('',(-2.991758887411E-14,-1.,0.));
#4370 = FACE_BOUND('',#4371,.F.);
#4371 = EDGE_LOOP('',(#4372));
#4372 = ORIENTED_EDGE('',*,*,#4373,.T.);
#4373 = EDGE_CURVE('',#4374,#4374,#4376,.T.);
#4374 = VERTEX_POINT('',#4375);
#4375 = CARTESIAN_POINT('',(180.07,-45.5,0.));
#4376 = CIRCLE('',#4377,1.5);
#4377 = AXIS2_PLACEMENT_3D('',#4378,#4379,#4380);
#4378 = CARTESIAN_POINT('',(180.07,-44.,0.));
#4379 = DIRECTION('',(-0.,0.,-1.));
#4380 = DIRECTION('',(-0.,-1.,0.));
#4381 = FACE_BOUND('',#4382,.F.);
#4382 = EDGE_LOOP('',(#4383));
#4383 = ORIENTED_EDGE('',*,*,#4384,.T.);
#4384 = EDGE_CURVE('',#4385,#4385,#4387,.T.);
#4385 = VERTEX_POINT('',#4386);
#4386 = CARTESIAN_POINT('',(175.07,-43.3,0.));
#4387 = CIRCLE('',#4388,1.5);
#4388 = AXIS2_PLACEMENT_3D('',#4389,#4390,#4391);
#4389 = CARTESIAN_POINT('',(175.07,-41.8,0.));
#4390 = DIRECTION('',(-0.,0.,-1.));
#4391 = DIRECTION('',(-0.,-1.,0.));
#4392 = FACE_BOUND('',#4393,.F.);
#4393 = EDGE_LOOP('',(#4394,#4405,#4414,#4423));
#4394 = ORIENTED_EDGE('',*,*,#4395,.T.);
#4395 = EDGE_CURVE('',#4396,#4398,#4400,.T.);
#4396 = VERTEX_POINT('',#4397);
#4397 = CARTESIAN_POINT('',(174.78,-37.17350121424,0.));
#4398 = VERTEX_POINT('',#4399);
#4399 = CARTESIAN_POINT('',(174.99,-39.05,0.));
#4400 = CIRCLE('',#4401,0.95);
#4401 = AXIS2_PLACEMENT_3D('',#4402,#4403,#4404);
#4402 = CARTESIAN_POINT('',(174.99,-38.1,0.));
#4403 = DIRECTION('',(-0.,0.,-1.));
#4404 = DIRECTION('',(-0.,-1.,0.));
#4405 = ORIENTED_EDGE('',*,*,#4406,.T.);
#4406 = EDGE_CURVE('',#4398,#4407,#4409,.T.);
#4407 = VERTEX_POINT('',#4408);
#4408 = CARTESIAN_POINT('',(174.78,-39.02649878575,0.));
#4409 = CIRCLE('',#4410,0.95);
#4410 = AXIS2_PLACEMENT_3D('',#4411,#4412,#4413);
#4411 = CARTESIAN_POINT('',(174.99,-38.1,0.));
#4412 = DIRECTION('',(-0.,0.,-1.));
#4413 = DIRECTION('',(-0.,-1.,0.));
#4414 = ORIENTED_EDGE('',*,*,#4415,.T.);
#4415 = EDGE_CURVE('',#4407,#4416,#4418,.T.);
#4416 = VERTEX_POINT('',#4417);
#4417 = CARTESIAN_POINT('',(174.57,-39.05,0.));
#4418 = CIRCLE('',#4419,0.95);
#4419 = AXIS2_PLACEMENT_3D('',#4420,#4421,#4422);
#4420 = CARTESIAN_POINT('',(174.57,-38.1,0.));
#4421 = DIRECTION('',(-0.,0.,-1.));
#4422 = DIRECTION('',(-0.,-1.,0.));
#4423 = ORIENTED_EDGE('',*,*,#4424,.T.);
#4424 = EDGE_CURVE('',#4416,#4396,#4425,.T.);
#4425 = CIRCLE('',#4426,0.95);
#4426 = AXIS2_PLACEMENT_3D('',#4427,#4428,#4429);
#4427 = CARTESIAN_POINT('',(174.57,-38.1,0.));
#4428 = DIRECTION('',(-0.,0.,-1.));
#4429 = DIRECTION('',(-0.,-1.,0.));
#4430 = FACE_BOUND('',#4431,.F.);
#4431 = EDGE_LOOP('',(#4432));
#4432 = ORIENTED_EDGE('',*,*,#4433,.T.);
#4433 = EDGE_CURVE('',#4434,#4434,#4436,.T.);
#4434 = VERTEX_POINT('',#4435);
#4435 = CARTESIAN_POINT('',(180.07,-40.15,0.));
#4436 = CIRCLE('',#4437,2.05);
#4437 = AXIS2_PLACEMENT_3D('',#4438,#4439,#4440);
#4438 = CARTESIAN_POINT('',(180.07,-38.1,0.));
#4439 = DIRECTION('',(-0.,0.,-1.));
#4440 = DIRECTION('',(-0.,-1.,0.));
#4441 = FACE_BOUND('',#4442,.F.);
#4442 = EDGE_LOOP('',(#4443,#4454,#4463,#4472));
#4443 = ORIENTED_EDGE('',*,*,#4444,.T.);
#4444 = EDGE_CURVE('',#4445,#4447,#4449,.T.);
#4445 = VERTEX_POINT('',#4446);
#4446 = CARTESIAN_POINT('',(185.36,-37.17350121424,0.));
#4447 = VERTEX_POINT('',#4448);
#4448 = CARTESIAN_POINT('',(185.57,-39.05,0.));
#4449 = CIRCLE('',#4450,0.95);
#4450 = AXIS2_PLACEMENT_3D('',#4451,#4452,#4453);
#4451 = CARTESIAN_POINT('',(185.57,-38.1,0.));
#4452 = DIRECTION('',(-0.,0.,-1.));
#4453 = DIRECTION('',(-0.,-1.,0.));
#4454 = ORIENTED_EDGE('',*,*,#4455,.T.);
#4455 = EDGE_CURVE('',#4447,#4456,#4458,.T.);
#4456 = VERTEX_POINT('',#4457);
#4457 = CARTESIAN_POINT('',(185.36,-39.02649878575,0.));
#4458 = CIRCLE('',#4459,0.95);
#4459 = AXIS2_PLACEMENT_3D('',#4460,#4461,#4462);
#4460 = CARTESIAN_POINT('',(185.57,-38.1,0.));
#4461 = DIRECTION('',(-0.,0.,-1.));
#4462 = DIRECTION('',(-0.,-1.,0.));
#4463 = ORIENTED_EDGE('',*,*,#4464,.T.);
#4464 = EDGE_CURVE('',#4456,#4465,#4467,.T.);
#4465 = VERTEX_POINT('',#4466);
#4466 = CARTESIAN_POINT('',(185.15,-39.05,0.));
#4467 = CIRCLE('',#4468,0.95);
#4468 = AXIS2_PLACEMENT_3D('',#4469,#4470,#4471);
#4469 = CARTESIAN_POINT('',(185.15,-38.1,0.));
#4470 = DIRECTION('',(-0.,0.,-1.));
#4471 = DIRECTION('',(2.991758887411E-14,-1.,-0.));
#4472 = ORIENTED_EDGE('',*,*,#4473,.T.);
#4473 = EDGE_CURVE('',#4465,#4445,#4474,.T.);
#4474 = CIRCLE('',#4475,0.95);
#4475 = AXIS2_PLACEMENT_3D('',#4476,#4477,#4478);
#4476 = CARTESIAN_POINT('',(185.15,-38.1,0.));
#4477 = DIRECTION('',(-0.,0.,-1.));
#4478 = DIRECTION('',(2.991758887411E-14,-1.,-0.));
#4479 = FACE_BOUND('',#4480,.F.);
#4480 = EDGE_LOOP('',(#4481));
#4481 = ORIENTED_EDGE('',*,*,#4482,.T.);
#4482 = EDGE_CURVE('',#4483,#4483,#4485,.T.);
#4483 = VERTEX_POINT('',#4484);
#4484 = CARTESIAN_POINT('',(157.21,-37.06,0.));
#4485 = CIRCLE('',#4486,1.5);
#4486 = AXIS2_PLACEMENT_3D('',#4487,#4488,#4489);
#4487 = CARTESIAN_POINT('',(157.21,-35.56,0.));
#4488 = DIRECTION('',(-0.,0.,-1.));
#4489 = DIRECTION('',(-0.,-1.,0.));
#4490 = FACE_BOUND('',#4491,.F.);
#4491 = EDGE_LOOP('',(#4492));
#4492 = ORIENTED_EDGE('',*,*,#4493,.T.);
#4493 = EDGE_CURVE('',#4494,#4494,#4496,.T.);
#4494 = VERTEX_POINT('',#4495);
#4495 = CARTESIAN_POINT('',(163.56,-34.52,0.));
#4496 = CIRCLE('',#4497,1.5);
#4497 = AXIS2_PLACEMENT_3D('',#4498,#4499,#4500);
#4498 = CARTESIAN_POINT('',(163.56,-33.02,0.));
#4499 = DIRECTION('',(-0.,0.,-1.));
#4500 = DIRECTION('',(-0.,-1.,0.));
#4501 = FACE_BOUND('',#4502,.F.);
#4502 = EDGE_LOOP('',(#4503));
#4503 = ORIENTED_EDGE('',*,*,#4504,.T.);
#4504 = EDGE_CURVE('',#4505,#4505,#4507,.T.);
#4505 = VERTEX_POINT('',#4506);
#4506 = CARTESIAN_POINT('',(176.26,-37.06,0.));
#4507 = CIRCLE('',#4508,1.5);
#4508 = AXIS2_PLACEMENT_3D('',#4509,#4510,#4511);
#4509 = CARTESIAN_POINT('',(176.26,-35.56,0.));
#4510 = DIRECTION('',(-0.,0.,-1.));
#4511 = DIRECTION('',(-0.,-1.,0.));
#4512 = FACE_BOUND('',#4513,.F.);
#4513 = EDGE_LOOP('',(#4514));
#4514 = ORIENTED_EDGE('',*,*,#4515,.T.);
#4515 = EDGE_CURVE('',#4516,#4516,#4518,.T.);
#4516 = VERTEX_POINT('',#4517);
#4517 = CARTESIAN_POINT('',(182.61,-34.52,0.));
#4518 = CIRCLE('',#4519,1.5);
#4519 = AXIS2_PLACEMENT_3D('',#4520,#4521,#4522);
#4520 = CARTESIAN_POINT('',(182.61,-33.02,0.));
#4521 = DIRECTION('',(-0.,0.,-1.));
#4522 = DIRECTION('',(-0.,-1.,0.));
#4523 = PLANE('',#4524);
#4524 = AXIS2_PLACEMENT_3D('',#4525,#4526,#4527);
#4525 = CARTESIAN_POINT('',(0.,0.,0.));
#4526 = DIRECTION('',(0.,0.,1.));
#4527 = DIRECTION('',(1.,0.,-0.));
#4528 = ADVANCED_FACE('',(#4529,#4870,#4881,#4910,#4921,#4932,#4943,
    #4972,#4983,#5012,#5023,#5034,#5045,#5056,#5085,#5096,#5107,#5118,
    #5129,#5140,#5178,#5189,#5200,#5238,#5249,#5260,#5298,#5309,#5320,
    #5331,#5342,#5380,#5391,#5402,#5440,#5451,#5462,#5500,#5511,#5522,
    #5560,#5571,#5582,#5593,#5604,#5615,#5626,#5637,#5648,#5659,#5670,
    #5681,#5692,#5730,#5768,#5779,#5790,#5801,#5839,#5850,#5861,#5872,
    #5910,#5921,#5932,#5970,#5981,#5992,#6003,#6041,#6052,#6063,#6101,
    #6112,#6123,#6134,#6145,#6156,#6167,#6205,#6216,#6227,#6265,#6276,
    #6287,#6325,#6336,#6347,#6358,#6369,#6380,#6391,#6402,#6413,#6424,
    #6435,#6473,#6484,#6495,#6506,#6544,#6555,#6566,#6604,#6615,#6626,
    #6664,#6675,#6686,#6724,#6735,#6746,#6784,#6795,#6833,#6844,#6882,
    #6893,#6904,#6915,#6926,#6937,#6948,#6959,#7081,#7092,#7103,#7114,
    #7125,#7136,#7147,#7158,#7169,#7180,#7191,#7229,#7240,#7251,#7262,
    #7273,#7284,#7295,#7333,#7344,#7382,#7393,#7431,#7442,#7453,#7491,
    #7502,#7513,#7551,#7562,#7573,#7584,#7595,#7633,#7671,#7682,#7693,
    #7704,#7715,#7753,#7764,#7775,#7786,#7824,#7835,#7846,#7884,#7922,
    #7933,#7944,#7982,#7993,#8004,#8042,#8053,#8064,#8102,#8113,#8124,
    #8135,#8173,#8184,#8222,#8233,#8244,#8255,#8293,#8304,#8342,#8353,
    #8364,#8375,#8413,#8424,#8435,#8446,#8457,#8468,#8479,#8517,#8528,
    #8566,#8577,#8588,#8626,#8637,#8648,#8659,#8670,#8708,#8719,#8757,
    #8768,#8779,#8817,#8828,#8866,#8877,#8888,#8899),#8910,.T.);
#4529 = FACE_BOUND('',#4530,.T.);
#4530 = EDGE_LOOP('',(#4531,#4532,#4533,#4542,#4550,#4559,#4567,#4576,
    #4584,#4593,#4601,#4610,#4618,#4627,#4635,#4644,#4652,#4660,#4669,
    #4677,#4685,#4694,#4702,#4711,#4719,#4728,#4736,#4745,#4753,#4762,
    #4770,#4779,#4787,#4795,#4803,#4812,#4820,#4829,#4837,#4846,#4854,
    #4863,#4869));
#4531 = ORIENTED_EDGE('',*,*,#49,.F.);
#4532 = ORIENTED_EDGE('',*,*,#91,.F.);
#4533 = ORIENTED_EDGE('',*,*,#4534,.F.);
#4534 = EDGE_CURVE('',#4535,#84,#4537,.T.);
#4535 = VERTEX_POINT('',#4536);
#4536 = CARTESIAN_POINT('',(113.395,-20.05,1.51));
#4537 = CIRCLE('',#4538,0.999999252925);
#4538 = AXIS2_PLACEMENT_3D('',#4539,#4540,#4541);
#4539 = CARTESIAN_POINT('',(114.39499925292,-20.04999925292,1.51));
#4540 = DIRECTION('',(0.,0.,-1.));
#4541 = DIRECTION('',(-1.,-7.470757314012E-07,-0.));
#4542 = ORIENTED_EDGE('',*,*,#4543,.F.);
#4543 = EDGE_CURVE('',#4544,#4535,#4546,.T.);
#4544 = VERTEX_POINT('',#4545);
#4545 = CARTESIAN_POINT('',(113.395,-20.9075,1.51));
#4546 = LINE('',#4547,#4548);
#4547 = CARTESIAN_POINT('',(113.395,-20.9075,1.51));
#4548 = VECTOR('',#4549,1.);
#4549 = DIRECTION('',(0.,1.,0.));
#4550 = ORIENTED_EDGE('',*,*,#4551,.F.);
#4551 = EDGE_CURVE('',#4552,#4544,#4554,.T.);
#4552 = VERTEX_POINT('',#4553);
#4553 = CARTESIAN_POINT('',(112.395,-21.9075,1.51));
#4554 = CIRCLE('',#4555,0.999999252925);
#4555 = AXIS2_PLACEMENT_3D('',#4556,#4557,#4558);
#4556 = CARTESIAN_POINT('',(112.39500074707,-20.90750074707,1.51));
#4557 = DIRECTION('',(0.,0.,1.));
#4558 = DIRECTION('',(-7.470757491648E-07,-1.,0.));
#4559 = ORIENTED_EDGE('',*,*,#4560,.F.);
#4560 = EDGE_CURVE('',#4561,#4552,#4563,.T.);
#4561 = VERTEX_POINT('',#4562);
#4562 = CARTESIAN_POINT('',(95.345,-21.9075,1.51));
#4563 = LINE('',#4564,#4565);
#4564 = CARTESIAN_POINT('',(95.345,-21.9075,1.51));
#4565 = VECTOR('',#4566,1.);
#4566 = DIRECTION('',(1.,0.,0.));
#4567 = ORIENTED_EDGE('',*,*,#4568,.F.);
#4568 = EDGE_CURVE('',#4569,#4561,#4571,.T.);
#4569 = VERTEX_POINT('',#4570);
#4570 = CARTESIAN_POINT('',(94.345,-22.9075,1.51));
#4571 = CIRCLE('',#4572,0.999999252925);
#4572 = AXIS2_PLACEMENT_3D('',#4573,#4574,#4575);
#4573 = CARTESIAN_POINT('',(95.344999252925,-22.90749925292,1.51));
#4574 = DIRECTION('',(0.,0.,-1.));
#4575 = DIRECTION('',(-1.,-7.470757314012E-07,-0.));
#4576 = ORIENTED_EDGE('',*,*,#4577,.F.);
#4577 = EDGE_CURVE('',#4578,#4569,#4580,.T.);
#4578 = VERTEX_POINT('',#4579);
#4579 = CARTESIAN_POINT('',(94.345,-24.7175,1.51));
#4580 = LINE('',#4581,#4582);
#4581 = CARTESIAN_POINT('',(94.345,-24.7175,1.51));
#4582 = VECTOR('',#4583,1.);
#4583 = DIRECTION('',(0.,1.,0.));
#4584 = ORIENTED_EDGE('',*,*,#4585,.F.);
#4585 = EDGE_CURVE('',#4586,#4578,#4588,.T.);
#4586 = VERTEX_POINT('',#4587);
#4587 = CARTESIAN_POINT('',(93.345,-25.7175,1.51));
#4588 = CIRCLE('',#4589,0.999999252925);
#4589 = AXIS2_PLACEMENT_3D('',#4590,#4591,#4592);
#4590 = CARTESIAN_POINT('',(93.345000747075,-24.71750074707,1.51));
#4591 = DIRECTION('',(0.,0.,1.));
#4592 = DIRECTION('',(-7.470757491648E-07,-1.,0.));
#4593 = ORIENTED_EDGE('',*,*,#4594,.F.);
#4594 = EDGE_CURVE('',#4595,#4586,#4597,.T.);
#4595 = VERTEX_POINT('',#4596);
#4596 = CARTESIAN_POINT('',(76.295,-25.7175,1.51));
#4597 = LINE('',#4598,#4599);
#4598 = CARTESIAN_POINT('',(76.295,-25.7175,1.51));
#4599 = VECTOR('',#4600,1.);
#4600 = DIRECTION('',(1.,0.,0.));
#4601 = ORIENTED_EDGE('',*,*,#4602,.F.);
#4602 = EDGE_CURVE('',#4603,#4595,#4605,.T.);
#4603 = VERTEX_POINT('',#4604);
#4604 = CARTESIAN_POINT('',(75.295,-26.7175,1.51));
#4605 = CIRCLE('',#4606,0.999999252925);
#4606 = AXIS2_PLACEMENT_3D('',#4607,#4608,#4609);
#4607 = CARTESIAN_POINT('',(76.294999252925,-26.71749925292,1.51));
#4608 = DIRECTION('',(0.,0.,-1.));
#4609 = DIRECTION('',(-1.,-7.470757562702E-07,-0.));
#4610 = ORIENTED_EDGE('',*,*,#4611,.F.);
#4611 = EDGE_CURVE('',#4612,#4603,#4614,.T.);
#4612 = VERTEX_POINT('',#4613);
#4613 = CARTESIAN_POINT('',(75.295,-27.5525,1.51));
#4614 = LINE('',#4615,#4616);
#4615 = CARTESIAN_POINT('',(75.295,-27.5525,1.51));
#4616 = VECTOR('',#4617,1.);
#4617 = DIRECTION('',(0.,1.,0.));
#4618 = ORIENTED_EDGE('',*,*,#4619,.F.);
#4619 = EDGE_CURVE('',#4620,#4612,#4622,.T.);
#4620 = VERTEX_POINT('',#4621);
#4621 = CARTESIAN_POINT('',(74.295,-28.5525,1.51));
#4622 = CIRCLE('',#4623,0.999999252925);
#4623 = AXIS2_PLACEMENT_3D('',#4624,#4625,#4626);
#4624 = CARTESIAN_POINT('',(74.295000747075,-27.55250074707,1.51));
#4625 = DIRECTION('',(0.,0.,1.));
#4626 = DIRECTION('',(-7.47075720743E-07,-1.,0.));
#4627 = ORIENTED_EDGE('',*,*,#4628,.F.);
#4628 = EDGE_CURVE('',#4629,#4620,#4631,.T.);
#4629 = VERTEX_POINT('',#4630);
#4630 = CARTESIAN_POINT('',(55.74231,-28.5525,1.51));
#4631 = LINE('',#4632,#4633);
#4632 = CARTESIAN_POINT('',(55.74231,-28.5525,1.51));
#4633 = VECTOR('',#4634,1.);
#4634 = DIRECTION('',(1.,0.,0.));
#4635 = ORIENTED_EDGE('',*,*,#4636,.F.);
#4636 = EDGE_CURVE('',#4637,#4629,#4639,.T.);
#4637 = VERTEX_POINT('',#4638);
#4638 = CARTESIAN_POINT('',(54.74231,-29.5525,1.51));
#4639 = CIRCLE('',#4640,1.000007788556);
#4640 = AXIS2_PLACEMENT_3D('',#4641,#4642,#4643);
#4641 = CARTESIAN_POINT('',(55.742317788526,-29.55250778852,1.51));
#4642 = DIRECTION('',(0.,0.,-1.));
#4643 = DIRECTION('',(-0.99999999997,7.788465177594E-06,0.));
#4644 = ORIENTED_EDGE('',*,*,#4645,.F.);
#4645 = EDGE_CURVE('',#4646,#4637,#4648,.T.);
#4646 = VERTEX_POINT('',#4647);
#4647 = CARTESIAN_POINT('',(54.762993,-96.124288,1.51));
#4648 = LINE('',#4649,#4650);
#4649 = CARTESIAN_POINT('',(54.762993,-96.124288,1.51));
#4650 = VECTOR('',#4651,1.);
#4651 = DIRECTION('',(-3.106871487629E-04,0.999999951737,0.));
#4652 = ORIENTED_EDGE('',*,*,#4653,.F.);
#4653 = EDGE_CURVE('',#4654,#4646,#4656,.T.);
#4654 = VERTEX_POINT('',#4655);
#4655 = CARTESIAN_POINT('',(68.818254,-129.927535,1.51));
#4656 = LINE('',#4657,#4658);
#4657 = CARTESIAN_POINT('',(68.818254,-129.927535,1.51));
#4658 = VECTOR('',#4659,1.);
#4659 = DIRECTION('',(-0.383930406545,0.923362032428,0.));
#4660 = ORIENTED_EDGE('',*,*,#4661,.F.);
#4661 = EDGE_CURVE('',#4662,#4654,#4664,.T.);
#4662 = VERTEX_POINT('',#4663);
#4663 = CARTESIAN_POINT('',(70.107051,-130.521094,1.51));
#4664 = CIRCLE('',#4665,1.038146222167);
#4665 = AXIS2_PLACEMENT_3D('',#4666,#4667,#4668);
#4666 = CARTESIAN_POINT('',(69.779699301691,-129.5359095278,1.51));
#4667 = DIRECTION('',(0.,0.,-1.));
#4668 = DIRECTION('',(0.315323305445,-0.948984306005,0.));
#4669 = ORIENTED_EDGE('',*,*,#4670,.F.);
#4670 = EDGE_CURVE('',#4671,#4662,#4673,.T.);
#4671 = VERTEX_POINT('',#4672);
#4672 = CARTESIAN_POINT('',(86.795574,-123.621084,1.51));
#4673 = LINE('',#4674,#4675);
#4674 = CARTESIAN_POINT('',(86.795574,-123.621084,1.51));
#4675 = VECTOR('',#4676,1.);
#4676 = DIRECTION('',(-0.924126073458,-0.382087686737,0.));
#4677 = ORIENTED_EDGE('',*,*,#4678,.F.);
#4678 = EDGE_CURVE('',#4679,#4671,#4681,.T.);
#4679 = VERTEX_POINT('',#4680);
#4680 = CARTESIAN_POINT('',(104.23,-118.955,1.51));
#4681 = LINE('',#4682,#4683);
#4682 = CARTESIAN_POINT('',(104.23,-118.955,1.51));
#4683 = VECTOR('',#4684,1.);
#4684 = DIRECTION('',(-0.966001366286,-0.258536961252,0.));
#4685 = ORIENTED_EDGE('',*,*,#4686,.F.);
#4686 = EDGE_CURVE('',#4687,#4679,#4689,.T.);
#4687 = VERTEX_POINT('',#4688);
#4688 = CARTESIAN_POINT('',(104.957893,-117.719494,1.51));
#4689 = CIRCLE('',#4690,0.970825209602);
#4690 = AXIS2_PLACEMENT_3D('',#4691,#4692,#4693);
#4691 = CARTESIAN_POINT('',(104.02999849735,-118.0049994807,1.51));
#4692 = DIRECTION('',(0.,0.,-1.));
#4693 = DIRECTION('',(0.955779159289,0.294085359493,0.));
#4694 = ORIENTED_EDGE('',*,*,#4695,.F.);
#4695 = EDGE_CURVE('',#4696,#4687,#4698,.T.);
#4696 = VERTEX_POINT('',#4697);
#4697 = CARTESIAN_POINT('',(100.941101,-102.814139,1.51));
#4698 = LINE('',#4699,#4700);
#4699 = CARTESIAN_POINT('',(100.941101,-102.814139,1.51));
#4700 = VECTOR('',#4701,1.);
#4701 = DIRECTION('',(0.260203702359,-0.965553744376,0.));
#4702 = ORIENTED_EDGE('',*,*,#4703,.F.);
#4703 = EDGE_CURVE('',#4704,#4696,#4706,.T.);
#4704 = VERTEX_POINT('',#4705);
#4705 = CARTESIAN_POINT('',(102.41,-100.285002,1.51));
#4706 = CIRCLE('',#4707,2.576602001247);
#4707 = AXIS2_PLACEMENT_3D('',#4708,#4709,#4710);
#4708 = CARTESIAN_POINT('',(103.50999593766,-102.6149991695,1.51));
#4709 = DIRECTION('',(0.,0.,1.));
#4710 = DIRECTION('',(-0.426917287625,0.904290677563,0.));
#4711 = ORIENTED_EDGE('',*,*,#4712,.F.);
#4712 = EDGE_CURVE('',#4713,#4704,#4715,.T.);
#4713 = VERTEX_POINT('',#4714);
#4714 = CARTESIAN_POINT('',(150.495,-100.275,1.51));
#4715 = LINE('',#4716,#4717);
#4716 = CARTESIAN_POINT('',(150.495,-100.275,1.51));
#4717 = VECTOR('',#4718,1.);
#4718 = DIRECTION('',(-0.999999978367,-2.080066503821E-04,0.));
#4719 = ORIENTED_EDGE('',*,*,#4720,.F.);
#4720 = EDGE_CURVE('',#4721,#4713,#4723,.T.);
#4721 = VERTEX_POINT('',#4722);
#4722 = CARTESIAN_POINT('',(151.495,-101.275,1.51));
#4723 = CIRCLE('',#4724,0.999999252925);
#4724 = AXIS2_PLACEMENT_3D('',#4725,#4726,#4727);
#4725 = CARTESIAN_POINT('',(150.49500074707,-101.2749992529,1.51));
#4726 = DIRECTION('',(0.,0.,1.));
#4727 = DIRECTION('',(1.,-7.470757633756E-07,0.));
#4728 = ORIENTED_EDGE('',*,*,#4729,.F.);
#4729 = EDGE_CURVE('',#4730,#4721,#4732,.T.);
#4730 = VERTEX_POINT('',#4731);
#4731 = CARTESIAN_POINT('',(151.495,-103.775,1.51));
#4732 = LINE('',#4733,#4734);
#4733 = CARTESIAN_POINT('',(151.495,-103.775,1.51));
#4734 = VECTOR('',#4735,1.);
#4735 = DIRECTION('',(0.,1.,0.));
#4736 = ORIENTED_EDGE('',*,*,#4737,.F.);
#4737 = EDGE_CURVE('',#4738,#4730,#4740,.T.);
#4738 = VERTEX_POINT('',#4739);
#4739 = CARTESIAN_POINT('',(152.495,-104.775,1.51));
#4740 = CIRCLE('',#4741,0.999999252925);
#4741 = AXIS2_PLACEMENT_3D('',#4742,#4743,#4744);
#4742 = CARTESIAN_POINT('',(152.49499925292,-103.775000747,1.51));
#4743 = DIRECTION('',(0.,0.,-1.));
#4744 = DIRECTION('',(7.470757349539E-07,-1.,0.));
#4745 = ORIENTED_EDGE('',*,*,#4746,.F.);
#4746 = EDGE_CURVE('',#4747,#4738,#4749,.T.);
#4747 = VERTEX_POINT('',#4748);
#4748 = CARTESIAN_POINT('',(156.9965,-104.775,1.51));
#4749 = LINE('',#4750,#4751);
#4750 = CARTESIAN_POINT('',(156.9965,-104.775,1.51));
#4751 = VECTOR('',#4752,1.);
#4752 = DIRECTION('',(-1.,0.,0.));
#4753 = ORIENTED_EDGE('',*,*,#4754,.F.);
#4754 = EDGE_CURVE('',#4755,#4747,#4757,.T.);
#4755 = VERTEX_POINT('',#4756);
#4756 = CARTESIAN_POINT('',(157.9965,-105.775,1.51));
#4757 = CIRCLE('',#4758,0.999999252925);
#4758 = AXIS2_PLACEMENT_3D('',#4759,#4760,#4761);
#4759 = CARTESIAN_POINT('',(156.99650074707,-105.7749992529,1.51));
#4760 = DIRECTION('',(0.,0.,1.));
#4761 = DIRECTION('',(1.,-7.470757633756E-07,0.));
#4762 = ORIENTED_EDGE('',*,*,#4763,.F.);
#4763 = EDGE_CURVE('',#4764,#4755,#4766,.T.);
#4764 = VERTEX_POINT('',#4765);
#4765 = CARTESIAN_POINT('',(158.058367,-131.315,1.51));
#4766 = LINE('',#4767,#4768);
#4767 = CARTESIAN_POINT('',(158.058367,-131.315,1.51));
#4768 = VECTOR('',#4769,1.);
#4769 = DIRECTION('',(-2.422349979984E-03,0.999997066106,0.));
#4770 = ORIENTED_EDGE('',*,*,#4771,.F.);
#4771 = EDGE_CURVE('',#4772,#4764,#4774,.T.);
#4772 = VERTEX_POINT('',#4773);
#4773 = CARTESIAN_POINT('',(159.058367,-132.315,1.51));
#4774 = CIRCLE('',#4775,0.999999252925);
#4775 = AXIS2_PLACEMENT_3D('',#4776,#4777,#4778);
#4776 = CARTESIAN_POINT('',(159.05836625292,-131.315000747,1.51));
#4777 = DIRECTION('',(0.,0.,-1.));
#4778 = DIRECTION('',(7.470757633756E-07,-1.,0.));
#4779 = ORIENTED_EDGE('',*,*,#4780,.F.);
#4780 = EDGE_CURVE('',#4781,#4772,#4783,.T.);
#4781 = VERTEX_POINT('',#4782);
#4782 = CARTESIAN_POINT('',(165.931632,-132.315,1.51));
#4783 = LINE('',#4784,#4785);
#4784 = CARTESIAN_POINT('',(165.931632,-132.315,1.51));
#4785 = VECTOR('',#4786,1.);
#4786 = DIRECTION('',(-1.,0.,0.));
#4787 = ORIENTED_EDGE('',*,*,#4788,.F.);
#4788 = EDGE_CURVE('',#4789,#4781,#4791,.T.);
#4789 = VERTEX_POINT('',#4790);
#4790 = CARTESIAN_POINT('',(180.06647,-104.779824,1.51));
#4791 = LINE('',#4792,#4793);
#4792 = CARTESIAN_POINT('',(180.06647,-104.779824,1.51));
#4793 = VECTOR('',#4794,1.);
#4794 = DIRECTION('',(-0.456680758159,-0.88963064534,0.));
#4795 = ORIENTED_EDGE('',*,*,#4796,.F.);
#4796 = EDGE_CURVE('',#4797,#4789,#4799,.T.);
#4797 = VERTEX_POINT('',#4798);
#4798 = CARTESIAN_POINT('',(188.595,-104.775,1.51));
#4799 = LINE('',#4800,#4801);
#4800 = CARTESIAN_POINT('',(188.595,-104.775,1.51));
#4801 = VECTOR('',#4802,1.);
#4802 = DIRECTION('',(-0.999999840031,-5.656307978407E-04,0.));
#4803 = ORIENTED_EDGE('',*,*,#4804,.F.);
#4804 = EDGE_CURVE('',#4805,#4797,#4807,.T.);
#4805 = VERTEX_POINT('',#4806);
#4806 = CARTESIAN_POINT('',(189.595,-103.775,1.51));
#4807 = CIRCLE('',#4808,0.999999252925);
#4808 = AXIS2_PLACEMENT_3D('',#4809,#4810,#4811);
#4809 = CARTESIAN_POINT('',(188.59500074707,-103.775000747,1.51));
#4810 = DIRECTION('',(0.,0.,-1.));
#4811 = DIRECTION('',(1.,7.470757491648E-07,0.));
#4812 = ORIENTED_EDGE('',*,*,#4813,.F.);
#4813 = EDGE_CURVE('',#4814,#4805,#4816,.T.);
#4814 = VERTEX_POINT('',#4815);
#4815 = CARTESIAN_POINT('',(189.595,-29.575,1.51));
#4816 = LINE('',#4817,#4818);
#4817 = CARTESIAN_POINT('',(189.595,-29.575,1.51));
#4818 = VECTOR('',#4819,1.);
#4819 = DIRECTION('',(0.,-1.,0.));
#4820 = ORIENTED_EDGE('',*,*,#4821,.F.);
#4821 = EDGE_CURVE('',#4822,#4814,#4824,.T.);
#4822 = VERTEX_POINT('',#4823);
#4823 = CARTESIAN_POINT('',(188.595,-28.575,1.51));
#4824 = CIRCLE('',#4825,0.999999252925);
#4825 = AXIS2_PLACEMENT_3D('',#4826,#4827,#4828);
#4826 = CARTESIAN_POINT('',(188.59500074707,-29.57499925292,1.51));
#4827 = DIRECTION('',(0.,0.,-1.));
#4828 = DIRECTION('',(-7.470757633756E-07,1.,0.));
#4829 = ORIENTED_EDGE('',*,*,#4830,.F.);
#4830 = EDGE_CURVE('',#4831,#4822,#4833,.T.);
#4831 = VERTEX_POINT('',#4832);
#4832 = CARTESIAN_POINT('',(152.495,-28.575,1.51));
#4833 = LINE('',#4834,#4835);
#4834 = CARTESIAN_POINT('',(152.495,-28.575,1.51));
#4835 = VECTOR('',#4836,1.);
#4836 = DIRECTION('',(1.,0.,0.));
#4837 = ORIENTED_EDGE('',*,*,#4838,.F.);
#4838 = EDGE_CURVE('',#4839,#4831,#4841,.T.);
#4839 = VERTEX_POINT('',#4840);
#4840 = CARTESIAN_POINT('',(151.495,-27.575,1.51));
#4841 = CIRCLE('',#4842,0.999999252925);
#4842 = AXIS2_PLACEMENT_3D('',#4843,#4844,#4845);
#4843 = CARTESIAN_POINT('',(152.49499925292,-27.57500074707,1.51));
#4844 = DIRECTION('',(0.,0.,1.));
#4845 = DIRECTION('',(-1.,7.470757562702E-07,0.));
#4846 = ORIENTED_EDGE('',*,*,#4847,.F.);
#4847 = EDGE_CURVE('',#4848,#4839,#4850,.T.);
#4848 = VERTEX_POINT('',#4849);
#4849 = CARTESIAN_POINT('',(151.495,-21.955,1.51));
#4850 = LINE('',#4851,#4852);
#4851 = CARTESIAN_POINT('',(151.495,-21.955,1.51));
#4852 = VECTOR('',#4853,1.);
#4853 = DIRECTION('',(0.,-1.,0.));
#4854 = ORIENTED_EDGE('',*,*,#4855,.F.);
#4855 = EDGE_CURVE('',#4856,#4848,#4858,.T.);
#4856 = VERTEX_POINT('',#4857);
#4857 = CARTESIAN_POINT('',(150.495,-20.955,1.51));
#4858 = CIRCLE('',#4859,0.999999252925);
#4859 = AXIS2_PLACEMENT_3D('',#4860,#4861,#4862);
#4860 = CARTESIAN_POINT('',(150.49500074707,-21.95499925292,1.51));
#4861 = DIRECTION('',(0.,0.,-1.));
#4862 = DIRECTION('',(-7.470757633756E-07,1.,0.));
#4863 = ORIENTED_EDGE('',*,*,#4864,.F.);
#4864 = EDGE_CURVE('',#114,#4856,#4865,.T.);
#4865 = LINE('',#4866,#4867);
#4866 = CARTESIAN_POINT('',(133.445,-20.955001,1.51));
#4867 = VECTOR('',#4868,1.);
#4868 = DIRECTION('',(1.,5.865102645325E-08,0.));
#4869 = ORIENTED_EDGE('',*,*,#113,.F.);
#4870 = FACE_BOUND('',#4871,.T.);
#4871 = EDGE_LOOP('',(#4872));
#4872 = ORIENTED_EDGE('',*,*,#4873,.T.);
#4873 = EDGE_CURVE('',#4874,#4874,#4876,.T.);
#4874 = VERTEX_POINT('',#4875);
#4875 = CARTESIAN_POINT('',(71.146699,-125.298882,1.51));
#4876 = CIRCLE('',#4877,1.5);
#4877 = AXIS2_PLACEMENT_3D('',#4878,#4879,#4880);
#4878 = CARTESIAN_POINT('',(71.146699,-123.798882,1.51));
#4879 = DIRECTION('',(-0.,0.,-1.));
#4880 = DIRECTION('',(-0.,-1.,0.));
#4881 = FACE_BOUND('',#4882,.T.);
#4882 = EDGE_LOOP('',(#4883,#4894,#4903));
#4883 = ORIENTED_EDGE('',*,*,#4884,.T.);
#4884 = EDGE_CURVE('',#4885,#4887,#4889,.T.);
#4885 = VERTEX_POINT('',#4886);
#4886 = CARTESIAN_POINT('',(69.268831,-121.52187,1.51));
#4887 = VERTEX_POINT('',#4888);
#4888 = CARTESIAN_POINT('',(69.108289511219,-119.6355332921,1.51));
#4889 = CIRCLE('',#4890,0.95);
#4890 = AXIS2_PLACEMENT_3D('',#4891,#4892,#4893);
#4891 = CARTESIAN_POINT('',(69.268831,-120.57187,1.51));
#4892 = DIRECTION('',(-0.,0.,-1.));
#4893 = DIRECTION('',(-0.,-1.,0.));
#4894 = ORIENTED_EDGE('',*,*,#4895,.T.);
#4895 = EDGE_CURVE('',#4887,#4896,#4898,.T.);
#4896 = VERTEX_POINT('',#4897);
#4897 = CARTESIAN_POINT('',(69.817401488781,-121.3474797078,1.51));
#4898 = CIRCLE('',#4899,0.95);
#4899 = AXIS2_PLACEMENT_3D('',#4900,#4901,#4902);
#4900 = CARTESIAN_POINT('',(69.65686,-120.411143,1.51));
#4901 = DIRECTION('',(-0.,0.,-1.));
#4902 = DIRECTION('',(-0.,-1.,0.));
#4903 = ORIENTED_EDGE('',*,*,#4904,.T.);
#4904 = EDGE_CURVE('',#4896,#4885,#4905,.T.);
#4905 = CIRCLE('',#4906,0.95);
#4906 = AXIS2_PLACEMENT_3D('',#4907,#4908,#4909);
#4907 = CARTESIAN_POINT('',(69.268831,-120.57187,1.51));
#4908 = DIRECTION('',(-0.,0.,-1.));
#4909 = DIRECTION('',(-0.,-1.,0.));
#4910 = FACE_BOUND('',#4911,.T.);
#4911 = EDGE_LOOP('',(#4912));
#4912 = ORIENTED_EDGE('',*,*,#4913,.T.);
#4913 = EDGE_CURVE('',#4914,#4914,#4916,.T.);
#4914 = VERTEX_POINT('',#4915);
#4915 = CARTESIAN_POINT('',(69.858171,-119.078481,1.51));
#4916 = CIRCLE('',#4917,1.5);
#4917 = AXIS2_PLACEMENT_3D('',#4918,#4919,#4920);
#4918 = CARTESIAN_POINT('',(69.858171,-117.578481,1.51));
#4919 = DIRECTION('',(-0.,0.,-1.));
#4920 = DIRECTION('',(-0.,-1.,0.));
#4921 = FACE_BOUND('',#4922,.T.);
#4922 = EDGE_LOOP('',(#4923));
#4923 = ORIENTED_EDGE('',*,*,#4924,.T.);
#4924 = EDGE_CURVE('',#4925,#4925,#4927,.T.);
#4925 = VERTEX_POINT('',#4926);
#4926 = CARTESIAN_POINT('',(76.608,-125.418,1.51));
#4927 = CIRCLE('',#4928,1.5);
#4928 = AXIS2_PLACEMENT_3D('',#4929,#4930,#4931);
#4929 = CARTESIAN_POINT('',(76.608,-123.918,1.51));
#4930 = DIRECTION('',(-0.,0.,-1.));
#4931 = DIRECTION('',(-0.,-1.,0.));
#4932 = FACE_BOUND('',#4933,.T.);
#4933 = EDGE_LOOP('',(#4934));
#4934 = ORIENTED_EDGE('',*,*,#4935,.T.);
#4935 = EDGE_CURVE('',#4936,#4936,#4938,.T.);
#4936 = VERTEX_POINT('',#4937);
#4937 = CARTESIAN_POINT('',(74.350168,-120.517111,1.51));
#4938 = CIRCLE('',#4939,2.05);
#4939 = AXIS2_PLACEMENT_3D('',#4940,#4941,#4942);
#4940 = CARTESIAN_POINT('',(74.350168,-118.467111,1.51));
#4941 = DIRECTION('',(-0.,0.,-1.));
#4942 = DIRECTION('',(-0.,-1.,0.));
#4943 = FACE_BOUND('',#4944,.T.);
#4944 = EDGE_LOOP('',(#4945,#4956,#4965));
#4945 = ORIENTED_EDGE('',*,*,#4946,.T.);
#4946 = EDGE_CURVE('',#4947,#4949,#4951,.T.);
#4947 = VERTEX_POINT('',#4948);
#4948 = CARTESIAN_POINT('',(79.043476,-117.473079,1.51));
#4949 = VERTEX_POINT('',#4950);
#4950 = CARTESIAN_POINT('',(78.882934511219,-115.5867422921,1.51));
#4951 = CIRCLE('',#4952,0.95);
#4952 = AXIS2_PLACEMENT_3D('',#4953,#4954,#4955);
#4953 = CARTESIAN_POINT('',(79.043476,-116.523079,1.51));
#4954 = DIRECTION('',(-0.,0.,-1.));
#4955 = DIRECTION('',(-0.,-1.,0.));
#4956 = ORIENTED_EDGE('',*,*,#4957,.T.);
#4957 = EDGE_CURVE('',#4949,#4958,#4960,.T.);
#4958 = VERTEX_POINT('',#4959);
#4959 = CARTESIAN_POINT('',(79.592046488781,-117.2986887078,1.51));
#4960 = CIRCLE('',#4961,0.95);
#4961 = AXIS2_PLACEMENT_3D('',#4962,#4963,#4964);
#4962 = CARTESIAN_POINT('',(79.431505,-116.362352,1.51));
#4963 = DIRECTION('',(-0.,0.,-1.));
#4964 = DIRECTION('',(-0.,-1.,0.));
#4965 = ORIENTED_EDGE('',*,*,#4966,.T.);
#4966 = EDGE_CURVE('',#4958,#4947,#4967,.T.);
#4967 = CIRCLE('',#4968,0.95);
#4968 = AXIS2_PLACEMENT_3D('',#4969,#4970,#4971);
#4969 = CARTESIAN_POINT('',(79.043476,-116.523079,1.51));
#4970 = DIRECTION('',(-0.,0.,-1.));
#4971 = DIRECTION('',(-0.,-1.,0.));
#4972 = FACE_BOUND('',#4973,.T.);
#4973 = EDGE_LOOP('',(#4974));
#4974 = ORIENTED_EDGE('',*,*,#4975,.T.);
#4975 = EDGE_CURVE('',#4976,#4976,#4978,.T.);
#4976 = VERTEX_POINT('',#4977);
#4977 = CARTESIAN_POINT('',(74.75279,-114.301787,1.51));
#4978 = CIRCLE('',#4979,1.5);
#4979 = AXIS2_PLACEMENT_3D('',#4980,#4981,#4982);
#4980 = CARTESIAN_POINT('',(74.75279,-112.801787,1.51));
#4981 = DIRECTION('',(-0.,0.,-1.));
#4982 = DIRECTION('',(-0.,-1.,0.));
#4983 = FACE_BOUND('',#4984,.T.);
#4984 = EDGE_LOOP('',(#4985,#4996,#5005));
#4985 = ORIENTED_EDGE('',*,*,#4986,.T.);
#4986 = EDGE_CURVE('',#4987,#4989,#4991,.T.);
#4987 = VERTEX_POINT('',#4988);
#4988 = CARTESIAN_POINT('',(88.217408,-114.330005,1.51));
#4989 = VERTEX_POINT('',#4990);
#4990 = CARTESIAN_POINT('',(88.180457055504,-112.430723889,1.51));
#4991 = CIRCLE('',#4992,0.95);
#4992 = AXIS2_PLACEMENT_3D('',#4993,#4994,#4995);
#4993 = CARTESIAN_POINT('',(88.217408,-113.380005,1.51));
#4994 = DIRECTION('',(-0.,0.,-1.));
#4995 = DIRECTION('',(-0.,-1.,0.));
#4996 = ORIENTED_EDGE('',*,*,#4997,.T.);
#4997 = EDGE_CURVE('',#4989,#4998,#5000,.T.);
#4998 = VERTEX_POINT('',#4999);
#4999 = CARTESIAN_POINT('',(88.660047944496,-114.220582111,1.51));
#5000 = CIRCLE('',#5001,0.95);
#5001 = AXIS2_PLACEMENT_3D('',#5002,#5003,#5004);
#5002 = CARTESIAN_POINT('',(88.623097,-113.271301,1.51));
#5003 = DIRECTION('',(-0.,0.,-1.));
#5004 = DIRECTION('',(-0.,-1.,0.));
#5005 = ORIENTED_EDGE('',*,*,#5006,.T.);
#5006 = EDGE_CURVE('',#4998,#4987,#5007,.T.);
#5007 = CIRCLE('',#5008,0.95);
#5008 = AXIS2_PLACEMENT_3D('',#5009,#5010,#5011);
#5009 = CARTESIAN_POINT('',(88.217408,-113.380005,1.51));
#5010 = DIRECTION('',(-0.,0.,-1.));
#5011 = DIRECTION('',(-0.,-1.,0.));
#5012 = FACE_BOUND('',#5013,.T.);
#5013 = EDGE_LOOP('',(#5014));
#5014 = ORIENTED_EDGE('',*,*,#5015,.T.);
#5015 = EDGE_CURVE('',#5016,#5016,#5018,.T.);
#5016 = VERTEX_POINT('',#5017);
#5017 = CARTESIAN_POINT('',(89.192422,-111.989149,1.51));
#5018 = CIRCLE('',#5019,1.5);
#5019 = AXIS2_PLACEMENT_3D('',#5020,#5021,#5022);
#5020 = CARTESIAN_POINT('',(89.192422,-110.489149,1.51));
#5021 = DIRECTION('',(-0.,0.,-1.));
#5022 = DIRECTION('',(-0.,-1.,0.));
#5023 = FACE_BOUND('',#5024,.T.);
#5024 = EDGE_LOOP('',(#5025));
#5025 = ORIENTED_EDGE('',*,*,#5026,.T.);
#5026 = EDGE_CURVE('',#5027,#5027,#5029,.T.);
#5027 = VERTEX_POINT('',#5028);
#5028 = CARTESIAN_POINT('',(95.057032,-119.155462,1.51));
#5029 = CIRCLE('',#5030,1.5);
#5030 = AXIS2_PLACEMENT_3D('',#5031,#5032,#5033);
#5031 = CARTESIAN_POINT('',(95.057032,-117.655462,1.51));
#5032 = DIRECTION('',(-0.,0.,-1.));
#5033 = DIRECTION('',(-0.,-1.,0.));
#5034 = FACE_BOUND('',#5035,.T.);
#5035 = EDGE_LOOP('',(#5036));
#5036 = ORIENTED_EDGE('',*,*,#5037,.T.);
#5037 = EDGE_CURVE('',#5038,#5038,#5040,.T.);
#5038 = VERTEX_POINT('',#5039);
#5039 = CARTESIAN_POINT('',(89.658001,-118.324521,1.51));
#5040 = CIRCLE('',#5041,1.5);
#5041 = AXIS2_PLACEMENT_3D('',#5042,#5043,#5044);
#5042 = CARTESIAN_POINT('',(89.658001,-116.824521,1.51));
#5043 = DIRECTION('',(-0.,0.,-1.));
#5044 = DIRECTION('',(-0.,-1.,0.));
#5045 = FACE_BOUND('',#5046,.T.);
#5046 = EDGE_LOOP('',(#5047));
#5047 = ORIENTED_EDGE('',*,*,#5048,.T.);
#5048 = EDGE_CURVE('',#5049,#5049,#5051,.T.);
#5049 = VERTEX_POINT('',#5050);
#5050 = CARTESIAN_POINT('',(93.53,-114.0065,1.51));
#5051 = CIRCLE('',#5052,2.05);
#5052 = AXIS2_PLACEMENT_3D('',#5053,#5054,#5055);
#5053 = CARTESIAN_POINT('',(93.53,-111.9565,1.51));
#5054 = DIRECTION('',(-0.,0.,-1.));
#5055 = DIRECTION('',(-0.,-1.,0.));
#5056 = FACE_BOUND('',#5057,.T.);
#5057 = EDGE_LOOP('',(#5058,#5069,#5078));
#5058 = ORIENTED_EDGE('',*,*,#5059,.T.);
#5059 = EDGE_CURVE('',#5060,#5062,#5064,.T.);
#5060 = VERTEX_POINT('',#5061);
#5061 = CARTESIAN_POINT('',(98.436903,-111.591699,1.51));
#5062 = VERTEX_POINT('',#5063);
#5063 = CARTESIAN_POINT('',(98.399952055504,-109.692417889,1.51));
#5064 = CIRCLE('',#5065,0.95);
#5065 = AXIS2_PLACEMENT_3D('',#5066,#5067,#5068);
#5066 = CARTESIAN_POINT('',(98.436903,-110.641699,1.51));
#5067 = DIRECTION('',(-0.,0.,-1.));
#5068 = DIRECTION('',(-0.,-1.,0.));
#5069 = ORIENTED_EDGE('',*,*,#5070,.T.);
#5070 = EDGE_CURVE('',#5062,#5071,#5073,.T.);
#5071 = VERTEX_POINT('',#5072);
#5072 = CARTESIAN_POINT('',(98.879542944496,-111.482276111,1.51));
#5073 = CIRCLE('',#5074,0.95);
#5074 = AXIS2_PLACEMENT_3D('',#5075,#5076,#5077);
#5075 = CARTESIAN_POINT('',(98.842592,-110.532995,1.51));
#5076 = DIRECTION('',(-0.,0.,-1.));
#5077 = DIRECTION('',(-0.,-1.,0.));
#5078 = ORIENTED_EDGE('',*,*,#5079,.T.);
#5079 = EDGE_CURVE('',#5071,#5060,#5080,.T.);
#5080 = CIRCLE('',#5081,0.95);
#5081 = AXIS2_PLACEMENT_3D('',#5082,#5083,#5084);
#5082 = CARTESIAN_POINT('',(98.436903,-110.641699,1.51));
#5083 = DIRECTION('',(-0.,0.,-1.));
#5084 = DIRECTION('',(-0.,-1.,0.));
#5085 = FACE_BOUND('',#5086,.T.);
#5086 = EDGE_LOOP('',(#5087));
#5087 = ORIENTED_EDGE('',*,*,#5088,.T.);
#5088 = EDGE_CURVE('',#5089,#5089,#5091,.T.);
#5089 = VERTEX_POINT('',#5090);
#5090 = CARTESIAN_POINT('',(94.668651,-107.892196,1.51));
#5091 = CIRCLE('',#5092,1.5);
#5092 = AXIS2_PLACEMENT_3D('',#5093,#5094,#5095);
#5093 = CARTESIAN_POINT('',(94.668651,-106.392196,1.51));
#5094 = DIRECTION('',(-0.,0.,-1.));
#5095 = DIRECTION('',(-0.,-1.,0.));
#5096 = FACE_BOUND('',#5097,.T.);
#5097 = EDGE_LOOP('',(#5098));
#5098 = ORIENTED_EDGE('',*,*,#5099,.T.);
#5099 = EDGE_CURVE('',#5100,#5100,#5102,.T.);
#5100 = VERTEX_POINT('',#5101);
#5101 = CARTESIAN_POINT('',(60.77,-93.7825,1.51));
#5102 = CIRCLE('',#5103,1.5);
#5103 = AXIS2_PLACEMENT_3D('',#5104,#5105,#5106);
#5104 = CARTESIAN_POINT('',(60.77,-92.2825,1.51));
#5105 = DIRECTION('',(-0.,0.,-1.));
#5106 = DIRECTION('',(-0.,-1.,0.));
#5107 = FACE_BOUND('',#5108,.T.);
#5108 = EDGE_LOOP('',(#5109));
#5109 = ORIENTED_EDGE('',*,*,#5110,.T.);
#5110 = EDGE_CURVE('',#5111,#5111,#5113,.T.);
#5111 = VERTEX_POINT('',#5112);
#5112 = CARTESIAN_POINT('',(65.77,-95.9825,1.51));
#5113 = CIRCLE('',#5114,1.5);
#5114 = AXIS2_PLACEMENT_3D('',#5115,#5116,#5117);
#5115 = CARTESIAN_POINT('',(65.77,-94.4825,1.51));
#5116 = DIRECTION('',(-0.,0.,-1.));
#5117 = DIRECTION('',(-0.,-1.,0.));
#5118 = FACE_BOUND('',#5119,.T.);
#5119 = EDGE_LOOP('',(#5120));
#5120 = ORIENTED_EDGE('',*,*,#5121,.T.);
#5121 = EDGE_CURVE('',#5122,#5122,#5124,.T.);
#5122 = VERTEX_POINT('',#5123);
#5123 = CARTESIAN_POINT('',(84.82,-99.7925,1.51));
#5124 = CIRCLE('',#5125,1.5);
#5125 = AXIS2_PLACEMENT_3D('',#5126,#5127,#5128);
#5126 = CARTESIAN_POINT('',(84.82,-98.2925,1.51));
#5127 = DIRECTION('',(-0.,0.,-1.));
#5128 = DIRECTION('',(-0.,-1.,0.));
#5129 = FACE_BOUND('',#5130,.T.);
#5130 = EDGE_LOOP('',(#5131));
#5131 = ORIENTED_EDGE('',*,*,#5132,.T.);
#5132 = EDGE_CURVE('',#5133,#5133,#5135,.T.);
#5133 = VERTEX_POINT('',#5134);
#5134 = CARTESIAN_POINT('',(79.82,-97.5925,1.51));
#5135 = CIRCLE('',#5136,1.5);
#5136 = AXIS2_PLACEMENT_3D('',#5137,#5138,#5139);
#5137 = CARTESIAN_POINT('',(79.82,-96.0925,1.51));
#5138 = DIRECTION('',(-0.,0.,-1.));
#5139 = DIRECTION('',(-0.,-1.,0.));
#5140 = FACE_BOUND('',#5141,.T.);
#5141 = EDGE_LOOP('',(#5142,#5153,#5162,#5171));
#5142 = ORIENTED_EDGE('',*,*,#5143,.T.);
#5143 = EDGE_CURVE('',#5144,#5146,#5148,.T.);
#5144 = VERTEX_POINT('',#5145);
#5145 = CARTESIAN_POINT('',(79.53,-91.46600121424,1.51));
#5146 = VERTEX_POINT('',#5147);
#5147 = CARTESIAN_POINT('',(79.74,-93.3425,1.51));
#5148 = CIRCLE('',#5149,0.95);
#5149 = AXIS2_PLACEMENT_3D('',#5150,#5151,#5152);
#5150 = CARTESIAN_POINT('',(79.74,-92.3925,1.51));
#5151 = DIRECTION('',(-0.,0.,-1.));
#5152 = DIRECTION('',(-1.495879443705E-14,-1.,0.));
#5153 = ORIENTED_EDGE('',*,*,#5154,.T.);
#5154 = EDGE_CURVE('',#5146,#5155,#5157,.T.);
#5155 = VERTEX_POINT('',#5156);
#5156 = CARTESIAN_POINT('',(79.53,-93.31899878575,1.51));
#5157 = CIRCLE('',#5158,0.95);
#5158 = AXIS2_PLACEMENT_3D('',#5159,#5160,#5161);
#5159 = CARTESIAN_POINT('',(79.74,-92.3925,1.51));
#5160 = DIRECTION('',(-0.,0.,-1.));
#5161 = DIRECTION('',(-1.495879443705E-14,-1.,0.));
#5162 = ORIENTED_EDGE('',*,*,#5163,.T.);
#5163 = EDGE_CURVE('',#5155,#5164,#5166,.T.);
#5164 = VERTEX_POINT('',#5165);
#5165 = CARTESIAN_POINT('',(79.32,-93.3425,1.51));
#5166 = CIRCLE('',#5167,0.95);
#5167 = AXIS2_PLACEMENT_3D('',#5168,#5169,#5170);
#5168 = CARTESIAN_POINT('',(79.32,-92.3925,1.51));
#5169 = DIRECTION('',(-0.,0.,-1.));
#5170 = DIRECTION('',(-0.,-1.,0.));
#5171 = ORIENTED_EDGE('',*,*,#5172,.T.);
#5172 = EDGE_CURVE('',#5164,#5144,#5173,.T.);
#5173 = CIRCLE('',#5174,0.95);
#5174 = AXIS2_PLACEMENT_3D('',#5175,#5176,#5177);
#5175 = CARTESIAN_POINT('',(79.32,-92.3925,1.51));
#5176 = DIRECTION('',(-0.,0.,-1.));
#5177 = DIRECTION('',(-0.,-1.,0.));
#5178 = FACE_BOUND('',#5179,.T.);
#5179 = EDGE_LOOP('',(#5180));
#5180 = ORIENTED_EDGE('',*,*,#5181,.T.);
#5181 = EDGE_CURVE('',#5182,#5182,#5184,.T.);
#5182 = VERTEX_POINT('',#5183);
#5183 = CARTESIAN_POINT('',(81.01,-91.3525,1.51));
#5184 = CIRCLE('',#5185,1.5);
#5185 = AXIS2_PLACEMENT_3D('',#5186,#5187,#5188);
#5186 = CARTESIAN_POINT('',(81.01,-89.8525,1.51));
#5187 = DIRECTION('',(-0.,0.,-1.));
#5188 = DIRECTION('',(-0.,-1.,0.));
#5189 = FACE_BOUND('',#5190,.T.);
#5190 = EDGE_LOOP('',(#5191));
#5191 = ORIENTED_EDGE('',*,*,#5192,.T.);
#5192 = EDGE_CURVE('',#5193,#5193,#5195,.T.);
#5193 = VERTEX_POINT('',#5194);
#5194 = CARTESIAN_POINT('',(84.82,-94.4425,1.51));
#5195 = CIRCLE('',#5196,2.05);
#5196 = AXIS2_PLACEMENT_3D('',#5197,#5198,#5199);
#5197 = CARTESIAN_POINT('',(84.82,-92.3925,1.51));
#5198 = DIRECTION('',(-0.,0.,-1.));
#5199 = DIRECTION('',(-0.,-1.,0.));
#5200 = FACE_BOUND('',#5201,.T.);
#5201 = EDGE_LOOP('',(#5202,#5213,#5222,#5231));
#5202 = ORIENTED_EDGE('',*,*,#5203,.T.);
#5203 = EDGE_CURVE('',#5204,#5206,#5208,.T.);
#5204 = VERTEX_POINT('',#5205);
#5205 = CARTESIAN_POINT('',(60.48,-87.65600121424,1.51));
#5206 = VERTEX_POINT('',#5207);
#5207 = CARTESIAN_POINT('',(60.69,-89.5325,1.51));
#5208 = CIRCLE('',#5209,0.95);
#5209 = AXIS2_PLACEMENT_3D('',#5210,#5211,#5212);
#5210 = CARTESIAN_POINT('',(60.69,-88.5825,1.51));
#5211 = DIRECTION('',(-0.,0.,-1.));
#5212 = DIRECTION('',(-0.,-1.,0.));
#5213 = ORIENTED_EDGE('',*,*,#5214,.T.);
#5214 = EDGE_CURVE('',#5206,#5215,#5217,.T.);
#5215 = VERTEX_POINT('',#5216);
#5216 = CARTESIAN_POINT('',(60.48,-89.50899878575,1.51));
#5217 = CIRCLE('',#5218,0.95);
#5218 = AXIS2_PLACEMENT_3D('',#5219,#5220,#5221);
#5219 = CARTESIAN_POINT('',(60.69,-88.5825,1.51));
#5220 = DIRECTION('',(-0.,0.,-1.));
#5221 = DIRECTION('',(-0.,-1.,0.));
#5222 = ORIENTED_EDGE('',*,*,#5223,.T.);
#5223 = EDGE_CURVE('',#5215,#5224,#5226,.T.);
#5224 = VERTEX_POINT('',#5225);
#5225 = CARTESIAN_POINT('',(60.27,-89.5325,1.51));
#5226 = CIRCLE('',#5227,0.95);
#5227 = AXIS2_PLACEMENT_3D('',#5228,#5229,#5230);
#5228 = CARTESIAN_POINT('',(60.27,-88.5825,1.51));
#5229 = DIRECTION('',(-0.,0.,-1.));
#5230 = DIRECTION('',(7.479397218527E-15,-1.,-0.));
#5231 = ORIENTED_EDGE('',*,*,#5232,.T.);
#5232 = EDGE_CURVE('',#5224,#5204,#5233,.T.);
#5233 = CIRCLE('',#5234,0.95);
#5234 = AXIS2_PLACEMENT_3D('',#5235,#5236,#5237);
#5235 = CARTESIAN_POINT('',(60.27,-88.5825,1.51));
#5236 = DIRECTION('',(-0.,0.,-1.));
#5237 = DIRECTION('',(7.479397218527E-15,-1.,-0.));
#5238 = FACE_BOUND('',#5239,.T.);
#5239 = EDGE_LOOP('',(#5240));
#5240 = ORIENTED_EDGE('',*,*,#5241,.T.);
#5241 = EDGE_CURVE('',#5242,#5242,#5244,.T.);
#5242 = VERTEX_POINT('',#5243);
#5243 = CARTESIAN_POINT('',(61.96,-87.5425,1.51));
#5244 = CIRCLE('',#5245,1.5);
#5245 = AXIS2_PLACEMENT_3D('',#5246,#5247,#5248);
#5246 = CARTESIAN_POINT('',(61.96,-86.0425,1.51));
#5247 = DIRECTION('',(-0.,0.,-1.));
#5248 = DIRECTION('',(-0.,-1.,0.));
#5249 = FACE_BOUND('',#5250,.T.);
#5250 = EDGE_LOOP('',(#5251));
#5251 = ORIENTED_EDGE('',*,*,#5252,.T.);
#5252 = EDGE_CURVE('',#5253,#5253,#5255,.T.);
#5253 = VERTEX_POINT('',#5254);
#5254 = CARTESIAN_POINT('',(65.77,-90.6325,1.51));
#5255 = CIRCLE('',#5256,2.05);
#5256 = AXIS2_PLACEMENT_3D('',#5257,#5258,#5259);
#5257 = CARTESIAN_POINT('',(65.77,-88.5825,1.51));
#5258 = DIRECTION('',(-0.,0.,-1.));
#5259 = DIRECTION('',(-0.,-1.,0.));
#5260 = FACE_BOUND('',#5261,.T.);
#5261 = EDGE_LOOP('',(#5262,#5273,#5282,#5291));
#5262 = ORIENTED_EDGE('',*,*,#5263,.T.);
#5263 = EDGE_CURVE('',#5264,#5266,#5268,.T.);
#5264 = VERTEX_POINT('',#5265);
#5265 = CARTESIAN_POINT('',(71.06,-87.65600121424,1.51));
#5266 = VERTEX_POINT('',#5267);
#5267 = CARTESIAN_POINT('',(71.27,-89.5325,1.51));
#5268 = CIRCLE('',#5269,0.95);
#5269 = AXIS2_PLACEMENT_3D('',#5270,#5271,#5272);
#5270 = CARTESIAN_POINT('',(71.27,-88.5825,1.51));
#5271 = DIRECTION('',(-0.,0.,-1.));
#5272 = DIRECTION('',(-0.,-1.,0.));
#5273 = ORIENTED_EDGE('',*,*,#5274,.T.);
#5274 = EDGE_CURVE('',#5266,#5275,#5277,.T.);
#5275 = VERTEX_POINT('',#5276);
#5276 = CARTESIAN_POINT('',(71.06,-89.50899878575,1.51));
#5277 = CIRCLE('',#5278,0.95);
#5278 = AXIS2_PLACEMENT_3D('',#5279,#5280,#5281);
#5279 = CARTESIAN_POINT('',(71.27,-88.5825,1.51));
#5280 = DIRECTION('',(-0.,0.,-1.));
#5281 = DIRECTION('',(-0.,-1.,0.));
#5282 = ORIENTED_EDGE('',*,*,#5283,.T.);
#5283 = EDGE_CURVE('',#5275,#5284,#5286,.T.);
#5284 = VERTEX_POINT('',#5285);
#5285 = CARTESIAN_POINT('',(70.85,-89.5325,1.51));
#5286 = CIRCLE('',#5287,0.95);
#5287 = AXIS2_PLACEMENT_3D('',#5288,#5289,#5290);
#5288 = CARTESIAN_POINT('',(70.85,-88.5825,1.51));
#5289 = DIRECTION('',(-0.,0.,-1.));
#5290 = DIRECTION('',(-0.,-1.,0.));
#5291 = ORIENTED_EDGE('',*,*,#5292,.T.);
#5292 = EDGE_CURVE('',#5284,#5264,#5293,.T.);
#5293 = CIRCLE('',#5294,0.95);
#5294 = AXIS2_PLACEMENT_3D('',#5295,#5296,#5297);
#5295 = CARTESIAN_POINT('',(70.85,-88.5825,1.51));
#5296 = DIRECTION('',(-0.,0.,-1.));
#5297 = DIRECTION('',(-0.,-1.,0.));
#5298 = FACE_BOUND('',#5299,.T.);
#5299 = EDGE_LOOP('',(#5300));
#5300 = ORIENTED_EDGE('',*,*,#5301,.T.);
#5301 = EDGE_CURVE('',#5302,#5302,#5304,.T.);
#5302 = VERTEX_POINT('',#5303);
#5303 = CARTESIAN_POINT('',(68.31,-85.0025,1.51));
#5304 = CIRCLE('',#5305,1.5);
#5305 = AXIS2_PLACEMENT_3D('',#5306,#5307,#5308);
#5306 = CARTESIAN_POINT('',(68.31,-83.5025,1.51));
#5307 = DIRECTION('',(-0.,0.,-1.));
#5308 = DIRECTION('',(-0.,-1.,0.));
#5309 = FACE_BOUND('',#5310,.T.);
#5310 = EDGE_LOOP('',(#5311));
#5311 = ORIENTED_EDGE('',*,*,#5312,.T.);
#5312 = EDGE_CURVE('',#5313,#5313,#5315,.T.);
#5313 = VERTEX_POINT('',#5314);
#5314 = CARTESIAN_POINT('',(87.36,-88.8125,1.51));
#5315 = CIRCLE('',#5316,1.5);
#5316 = AXIS2_PLACEMENT_3D('',#5317,#5318,#5319);
#5317 = CARTESIAN_POINT('',(87.36,-87.3125,1.51));
#5318 = DIRECTION('',(-0.,0.,-1.));
#5319 = DIRECTION('',(-0.,-1.,0.));
#5320 = FACE_BOUND('',#5321,.T.);
#5321 = EDGE_LOOP('',(#5322));
#5322 = ORIENTED_EDGE('',*,*,#5323,.T.);
#5323 = EDGE_CURVE('',#5324,#5324,#5326,.T.);
#5324 = VERTEX_POINT('',#5325);
#5325 = CARTESIAN_POINT('',(79.82,-78.5425,1.51));
#5326 = CIRCLE('',#5327,1.5);
#5327 = AXIS2_PLACEMENT_3D('',#5328,#5329,#5330);
#5328 = CARTESIAN_POINT('',(79.82,-77.0425,1.51));
#5329 = DIRECTION('',(-0.,0.,-1.));
#5330 = DIRECTION('',(-0.,-1.,0.));
#5331 = FACE_BOUND('',#5332,.T.);
#5332 = EDGE_LOOP('',(#5333));
#5333 = ORIENTED_EDGE('',*,*,#5334,.T.);
#5334 = EDGE_CURVE('',#5335,#5335,#5337,.T.);
#5335 = VERTEX_POINT('',#5336);
#5336 = CARTESIAN_POINT('',(84.82,-80.7425,1.51));
#5337 = CIRCLE('',#5338,1.5);
#5338 = AXIS2_PLACEMENT_3D('',#5339,#5340,#5341);
#5339 = CARTESIAN_POINT('',(84.82,-79.2425,1.51));
#5340 = DIRECTION('',(-0.,0.,-1.));
#5341 = DIRECTION('',(-0.,-1.,0.));
#5342 = FACE_BOUND('',#5343,.T.);
#5343 = EDGE_LOOP('',(#5344,#5355,#5364,#5373));
#5344 = ORIENTED_EDGE('',*,*,#5345,.T.);
#5345 = EDGE_CURVE('',#5346,#5348,#5350,.T.);
#5346 = VERTEX_POINT('',#5347);
#5347 = CARTESIAN_POINT('',(90.11,-91.46600121424,1.51));
#5348 = VERTEX_POINT('',#5349);
#5349 = CARTESIAN_POINT('',(90.32,-93.3425,1.51));
#5350 = CIRCLE('',#5351,0.95);
#5351 = AXIS2_PLACEMENT_3D('',#5352,#5353,#5354);
#5352 = CARTESIAN_POINT('',(90.32,-92.3925,1.51));
#5353 = DIRECTION('',(-0.,0.,-1.));
#5354 = DIRECTION('',(-0.,-1.,0.));
#5355 = ORIENTED_EDGE('',*,*,#5356,.T.);
#5356 = EDGE_CURVE('',#5348,#5357,#5359,.T.);
#5357 = VERTEX_POINT('',#5358);
#5358 = CARTESIAN_POINT('',(90.11,-93.31899878575,1.51));
#5359 = CIRCLE('',#5360,0.95);
#5360 = AXIS2_PLACEMENT_3D('',#5361,#5362,#5363);
#5361 = CARTESIAN_POINT('',(90.32,-92.3925,1.51));
#5362 = DIRECTION('',(-0.,0.,-1.));
#5363 = DIRECTION('',(-0.,-1.,0.));
#5364 = ORIENTED_EDGE('',*,*,#5365,.T.);
#5365 = EDGE_CURVE('',#5357,#5366,#5368,.T.);
#5366 = VERTEX_POINT('',#5367);
#5367 = CARTESIAN_POINT('',(89.9,-93.3425,1.51));
#5368 = CIRCLE('',#5369,0.95);
#5369 = AXIS2_PLACEMENT_3D('',#5370,#5371,#5372);
#5370 = CARTESIAN_POINT('',(89.9,-92.3925,1.51));
#5371 = DIRECTION('',(-0.,0.,-1.));
#5372 = DIRECTION('',(-0.,-1.,0.));
#5373 = ORIENTED_EDGE('',*,*,#5374,.T.);
#5374 = EDGE_CURVE('',#5366,#5346,#5375,.T.);
#5375 = CIRCLE('',#5376,0.95);
#5376 = AXIS2_PLACEMENT_3D('',#5377,#5378,#5379);
#5377 = CARTESIAN_POINT('',(89.9,-92.3925,1.51));
#5378 = DIRECTION('',(-0.,0.,-1.));
#5379 = DIRECTION('',(-0.,-1.,0.));
#5380 = FACE_BOUND('',#5381,.T.);
#5381 = EDGE_LOOP('',(#5382));
#5382 = ORIENTED_EDGE('',*,*,#5383,.T.);
#5383 = EDGE_CURVE('',#5384,#5384,#5386,.T.);
#5384 = VERTEX_POINT('',#5385);
#5385 = CARTESIAN_POINT('',(103.87,-95.9825,1.51));
#5386 = CIRCLE('',#5387,1.5);
#5387 = AXIS2_PLACEMENT_3D('',#5388,#5389,#5390);
#5388 = CARTESIAN_POINT('',(103.87,-94.4825,1.51));
#5389 = DIRECTION('',(-0.,0.,-1.));
#5390 = DIRECTION('',(-0.,-1.,0.));
#5391 = FACE_BOUND('',#5392,.T.);
#5392 = EDGE_LOOP('',(#5393));
#5393 = ORIENTED_EDGE('',*,*,#5394,.T.);
#5394 = EDGE_CURVE('',#5395,#5395,#5397,.T.);
#5395 = VERTEX_POINT('',#5396);
#5396 = CARTESIAN_POINT('',(98.87,-93.7825,1.51));
#5397 = CIRCLE('',#5398,1.5);
#5398 = AXIS2_PLACEMENT_3D('',#5399,#5400,#5401);
#5399 = CARTESIAN_POINT('',(98.87,-92.2825,1.51));
#5400 = DIRECTION('',(-0.,0.,-1.));
#5401 = DIRECTION('',(-0.,-1.,0.));
#5402 = FACE_BOUND('',#5403,.T.);
#5403 = EDGE_LOOP('',(#5404,#5415,#5424,#5433));
#5404 = ORIENTED_EDGE('',*,*,#5405,.T.);
#5405 = EDGE_CURVE('',#5406,#5408,#5410,.T.);
#5406 = VERTEX_POINT('',#5407);
#5407 = CARTESIAN_POINT('',(98.58,-87.65600121424,1.51));
#5408 = VERTEX_POINT('',#5409);
#5409 = CARTESIAN_POINT('',(98.79,-89.5325,1.51));
#5410 = CIRCLE('',#5411,0.95);
#5411 = AXIS2_PLACEMENT_3D('',#5412,#5413,#5414);
#5412 = CARTESIAN_POINT('',(98.79,-88.5825,1.51));
#5413 = DIRECTION('',(-0.,0.,-1.));
#5414 = DIRECTION('',(1.495879443705E-14,-1.,-0.));
#5415 = ORIENTED_EDGE('',*,*,#5416,.T.);
#5416 = EDGE_CURVE('',#5408,#5417,#5419,.T.);
#5417 = VERTEX_POINT('',#5418);
#5418 = CARTESIAN_POINT('',(98.58,-89.50899878575,1.51));
#5419 = CIRCLE('',#5420,0.95);
#5420 = AXIS2_PLACEMENT_3D('',#5421,#5422,#5423);
#5421 = CARTESIAN_POINT('',(98.79,-88.5825,1.51));
#5422 = DIRECTION('',(-0.,0.,-1.));
#5423 = DIRECTION('',(1.495879443705E-14,-1.,-0.));
#5424 = ORIENTED_EDGE('',*,*,#5425,.T.);
#5425 = EDGE_CURVE('',#5417,#5426,#5428,.T.);
#5426 = VERTEX_POINT('',#5427);
#5427 = CARTESIAN_POINT('',(98.37,-89.5325,1.51));
#5428 = CIRCLE('',#5429,0.95);
#5429 = AXIS2_PLACEMENT_3D('',#5430,#5431,#5432);
#5430 = CARTESIAN_POINT('',(98.37,-88.5825,1.51));
#5431 = DIRECTION('',(-0.,0.,-1.));
#5432 = DIRECTION('',(-0.,-1.,0.));
#5433 = ORIENTED_EDGE('',*,*,#5434,.T.);
#5434 = EDGE_CURVE('',#5426,#5406,#5435,.T.);
#5435 = CIRCLE('',#5436,0.95);
#5436 = AXIS2_PLACEMENT_3D('',#5437,#5438,#5439);
#5437 = CARTESIAN_POINT('',(98.37,-88.5825,1.51));
#5438 = DIRECTION('',(-0.,0.,-1.));
#5439 = DIRECTION('',(-0.,-1.,0.));
#5440 = FACE_BOUND('',#5441,.T.);
#5441 = EDGE_LOOP('',(#5442));
#5442 = ORIENTED_EDGE('',*,*,#5443,.T.);
#5443 = EDGE_CURVE('',#5444,#5444,#5446,.T.);
#5444 = VERTEX_POINT('',#5445);
#5445 = CARTESIAN_POINT('',(103.87,-90.6325,1.51));
#5446 = CIRCLE('',#5447,2.05);
#5447 = AXIS2_PLACEMENT_3D('',#5448,#5449,#5450);
#5448 = CARTESIAN_POINT('',(103.87,-88.5825,1.51));
#5449 = DIRECTION('',(-0.,0.,-1.));
#5450 = DIRECTION('',(-0.,-1.,0.));
#5451 = FACE_BOUND('',#5452,.T.);
#5452 = EDGE_LOOP('',(#5453));
#5453 = ORIENTED_EDGE('',*,*,#5454,.T.);
#5454 = EDGE_CURVE('',#5455,#5455,#5457,.T.);
#5455 = VERTEX_POINT('',#5456);
#5456 = CARTESIAN_POINT('',(100.06,-87.5425,1.51));
#5457 = CIRCLE('',#5458,1.5);
#5458 = AXIS2_PLACEMENT_3D('',#5459,#5460,#5461);
#5459 = CARTESIAN_POINT('',(100.06,-86.0425,1.51));
#5460 = DIRECTION('',(-0.,0.,-1.));
#5461 = DIRECTION('',(-0.,-1.,0.));
#5462 = FACE_BOUND('',#5463,.T.);
#5463 = EDGE_LOOP('',(#5464,#5475,#5484,#5493));
#5464 = ORIENTED_EDGE('',*,*,#5465,.T.);
#5465 = EDGE_CURVE('',#5466,#5468,#5470,.T.);
#5466 = VERTEX_POINT('',#5467);
#5467 = CARTESIAN_POINT('',(109.16,-87.65600121424,1.51));
#5468 = VERTEX_POINT('',#5469);
#5469 = CARTESIAN_POINT('',(109.37,-89.5325,1.51));
#5470 = CIRCLE('',#5471,0.95);
#5471 = AXIS2_PLACEMENT_3D('',#5472,#5473,#5474);
#5472 = CARTESIAN_POINT('',(109.37,-88.5825,1.51));
#5473 = DIRECTION('',(-0.,0.,-1.));
#5474 = DIRECTION('',(-0.,-1.,0.));
#5475 = ORIENTED_EDGE('',*,*,#5476,.T.);
#5476 = EDGE_CURVE('',#5468,#5477,#5479,.T.);
#5477 = VERTEX_POINT('',#5478);
#5478 = CARTESIAN_POINT('',(109.16,-89.50899878575,1.51));
#5479 = CIRCLE('',#5480,0.95);
#5480 = AXIS2_PLACEMENT_3D('',#5481,#5482,#5483);
#5481 = CARTESIAN_POINT('',(109.37,-88.5825,1.51));
#5482 = DIRECTION('',(-0.,0.,-1.));
#5483 = DIRECTION('',(-0.,-1.,0.));
#5484 = ORIENTED_EDGE('',*,*,#5485,.T.);
#5485 = EDGE_CURVE('',#5477,#5486,#5488,.T.);
#5486 = VERTEX_POINT('',#5487);
#5487 = CARTESIAN_POINT('',(108.95,-89.5325,1.51));
#5488 = CIRCLE('',#5489,0.95);
#5489 = AXIS2_PLACEMENT_3D('',#5490,#5491,#5492);
#5490 = CARTESIAN_POINT('',(108.95,-88.5825,1.51));
#5491 = DIRECTION('',(-0.,0.,-1.));
#5492 = DIRECTION('',(-0.,-1.,0.));
#5493 = ORIENTED_EDGE('',*,*,#5494,.T.);
#5494 = EDGE_CURVE('',#5486,#5466,#5495,.T.);
#5495 = CIRCLE('',#5496,0.95);
#5496 = AXIS2_PLACEMENT_3D('',#5497,#5498,#5499);
#5497 = CARTESIAN_POINT('',(108.95,-88.5825,1.51));
#5498 = DIRECTION('',(-0.,0.,-1.));
#5499 = DIRECTION('',(-0.,-1.,0.));
#5500 = FACE_BOUND('',#5501,.T.);
#5501 = EDGE_LOOP('',(#5502));
#5502 = ORIENTED_EDGE('',*,*,#5503,.T.);
#5503 = EDGE_CURVE('',#5504,#5504,#5506,.T.);
#5504 = VERTEX_POINT('',#5505);
#5505 = CARTESIAN_POINT('',(106.41,-85.0025,1.51));
#5506 = CIRCLE('',#5507,1.5);
#5507 = AXIS2_PLACEMENT_3D('',#5508,#5509,#5510);
#5508 = CARTESIAN_POINT('',(106.41,-83.5025,1.51));
#5509 = DIRECTION('',(-0.,0.,-1.));
#5510 = DIRECTION('',(-0.,-1.,0.));
#5511 = FACE_BOUND('',#5512,.T.);
#5512 = EDGE_LOOP('',(#5513));
#5513 = ORIENTED_EDGE('',*,*,#5514,.T.);
#5514 = EDGE_CURVE('',#5515,#5515,#5517,.T.);
#5515 = VERTEX_POINT('',#5516);
#5516 = CARTESIAN_POINT('',(117.92,-90.925,1.51));
#5517 = CIRCLE('',#5518,1.5);
#5518 = AXIS2_PLACEMENT_3D('',#5519,#5520,#5521);
#5519 = CARTESIAN_POINT('',(117.92,-89.425,1.51));
#5520 = DIRECTION('',(-0.,0.,-1.));
#5521 = DIRECTION('',(-0.,-1.,0.));
#5522 = FACE_BOUND('',#5523,.T.);
#5523 = EDGE_LOOP('',(#5524,#5535,#5544,#5553));
#5524 = ORIENTED_EDGE('',*,*,#5525,.T.);
#5525 = EDGE_CURVE('',#5526,#5528,#5530,.T.);
#5526 = VERTEX_POINT('',#5527);
#5527 = CARTESIAN_POINT('',(117.63,-84.79850121424,1.51));
#5528 = VERTEX_POINT('',#5529);
#5529 = CARTESIAN_POINT('',(117.84,-86.675,1.51));
#5530 = CIRCLE('',#5531,0.95);
#5531 = AXIS2_PLACEMENT_3D('',#5532,#5533,#5534);
#5532 = CARTESIAN_POINT('',(117.84,-85.725,1.51));
#5533 = DIRECTION('',(-0.,0.,-1.));
#5534 = DIRECTION('',(-0.,-1.,0.));
#5535 = ORIENTED_EDGE('',*,*,#5536,.T.);
#5536 = EDGE_CURVE('',#5528,#5537,#5539,.T.);
#5537 = VERTEX_POINT('',#5538);
#5538 = CARTESIAN_POINT('',(117.63,-86.65149878575,1.51));
#5539 = CIRCLE('',#5540,0.95);
#5540 = AXIS2_PLACEMENT_3D('',#5541,#5542,#5543);
#5541 = CARTESIAN_POINT('',(117.84,-85.725,1.51));
#5542 = DIRECTION('',(-0.,0.,-1.));
#5543 = DIRECTION('',(-0.,-1.,0.));
#5544 = ORIENTED_EDGE('',*,*,#5545,.T.);
#5545 = EDGE_CURVE('',#5537,#5546,#5548,.T.);
#5546 = VERTEX_POINT('',#5547);
#5547 = CARTESIAN_POINT('',(117.42,-86.675,1.51));
#5548 = CIRCLE('',#5549,0.95);
#5549 = AXIS2_PLACEMENT_3D('',#5550,#5551,#5552);
#5550 = CARTESIAN_POINT('',(117.42,-85.725,1.51));
#5551 = DIRECTION('',(-0.,0.,-1.));
#5552 = DIRECTION('',(-0.,-1.,0.));
#5553 = ORIENTED_EDGE('',*,*,#5554,.T.);
#5554 = EDGE_CURVE('',#5546,#5526,#5555,.T.);
#5555 = CIRCLE('',#5556,0.95);
#5556 = AXIS2_PLACEMENT_3D('',#5557,#5558,#5559);
#5557 = CARTESIAN_POINT('',(117.42,-85.725,1.51));
#5558 = DIRECTION('',(-0.,0.,-1.));
#5559 = DIRECTION('',(-0.,-1.,0.));
#5560 = FACE_BOUND('',#5561,.T.);
#5561 = EDGE_LOOP('',(#5562));
#5562 = ORIENTED_EDGE('',*,*,#5563,.T.);
#5563 = EDGE_CURVE('',#5564,#5564,#5566,.T.);
#5564 = VERTEX_POINT('',#5565);
#5565 = CARTESIAN_POINT('',(119.11,-84.685,1.51));
#5566 = CIRCLE('',#5567,1.5);
#5567 = AXIS2_PLACEMENT_3D('',#5568,#5569,#5570);
#5568 = CARTESIAN_POINT('',(119.11,-83.185,1.51));
#5569 = DIRECTION('',(-0.,0.,-1.));
#5570 = DIRECTION('',(-0.,-1.,0.));
#5571 = FACE_BOUND('',#5572,.T.);
#5572 = EDGE_LOOP('',(#5573));
#5573 = ORIENTED_EDGE('',*,*,#5574,.T.);
#5574 = EDGE_CURVE('',#5575,#5575,#5577,.T.);
#5575 = VERTEX_POINT('',#5576);
#5576 = CARTESIAN_POINT('',(160.995,-130.515,1.51));
#5577 = CIRCLE('',#5578,0.5);
#5578 = AXIS2_PLACEMENT_3D('',#5579,#5580,#5581);
#5579 = CARTESIAN_POINT('',(160.995,-130.015,1.51));
#5580 = DIRECTION('',(-0.,0.,-1.));
#5581 = DIRECTION('',(-0.,-1.,0.));
#5582 = FACE_BOUND('',#5583,.T.);
#5583 = EDGE_LOOP('',(#5584));
#5584 = ORIENTED_EDGE('',*,*,#5585,.T.);
#5585 = EDGE_CURVE('',#5586,#5586,#5588,.T.);
#5586 = VERTEX_POINT('',#5587);
#5587 = CARTESIAN_POINT('',(160.995,-127.975,1.51));
#5588 = CIRCLE('',#5589,0.5);
#5589 = AXIS2_PLACEMENT_3D('',#5590,#5591,#5592);
#5590 = CARTESIAN_POINT('',(160.995,-127.475,1.51));
#5591 = DIRECTION('',(-0.,0.,-1.));
#5592 = DIRECTION('',(-0.,-1.,0.));
#5593 = FACE_BOUND('',#5594,.T.);
#5594 = EDGE_LOOP('',(#5595));
#5595 = ORIENTED_EDGE('',*,*,#5596,.T.);
#5596 = EDGE_CURVE('',#5597,#5597,#5599,.T.);
#5597 = VERTEX_POINT('',#5598);
#5598 = CARTESIAN_POINT('',(160.995,-125.435,1.51));
#5599 = CIRCLE('',#5600,0.5);
#5600 = AXIS2_PLACEMENT_3D('',#5601,#5602,#5603);
#5601 = CARTESIAN_POINT('',(160.995,-124.935,1.51));
#5602 = DIRECTION('',(-0.,0.,-1.));
#5603 = DIRECTION('',(-0.,-1.,0.));
#5604 = FACE_BOUND('',#5605,.T.);
#5605 = EDGE_LOOP('',(#5606));
#5606 = ORIENTED_EDGE('',*,*,#5607,.T.);
#5607 = EDGE_CURVE('',#5608,#5608,#5610,.T.);
#5608 = VERTEX_POINT('',#5609);
#5609 = CARTESIAN_POINT('',(160.995,-122.895,1.51));
#5610 = CIRCLE('',#5611,0.5);
#5611 = AXIS2_PLACEMENT_3D('',#5612,#5613,#5614);
#5612 = CARTESIAN_POINT('',(160.995,-122.395,1.51));
#5613 = DIRECTION('',(-0.,0.,-1.));
#5614 = DIRECTION('',(-0.,-1.,0.));
#5615 = FACE_BOUND('',#5616,.T.);
#5616 = EDGE_LOOP('',(#5617));
#5617 = ORIENTED_EDGE('',*,*,#5618,.T.);
#5618 = EDGE_CURVE('',#5619,#5619,#5621,.T.);
#5619 = VERTEX_POINT('',#5620);
#5620 = CARTESIAN_POINT('',(160.995,-120.355,1.51));
#5621 = CIRCLE('',#5622,0.5);
#5622 = AXIS2_PLACEMENT_3D('',#5623,#5624,#5625);
#5623 = CARTESIAN_POINT('',(160.995,-119.855,1.51));
#5624 = DIRECTION('',(-0.,0.,-1.));
#5625 = DIRECTION('',(-0.,-1.,0.));
#5626 = FACE_BOUND('',#5627,.T.);
#5627 = EDGE_LOOP('',(#5628));
#5628 = ORIENTED_EDGE('',*,*,#5629,.T.);
#5629 = EDGE_CURVE('',#5630,#5630,#5632,.T.);
#5630 = VERTEX_POINT('',#5631);
#5631 = CARTESIAN_POINT('',(160.995,-117.815,1.51));
#5632 = CIRCLE('',#5633,0.5);
#5633 = AXIS2_PLACEMENT_3D('',#5634,#5635,#5636);
#5634 = CARTESIAN_POINT('',(160.995,-117.315,1.51));
#5635 = DIRECTION('',(-0.,0.,-1.));
#5636 = DIRECTION('',(-0.,-1.,0.));
#5637 = FACE_BOUND('',#5638,.T.);
#5638 = EDGE_LOOP('',(#5639));
#5639 = ORIENTED_EDGE('',*,*,#5640,.T.);
#5640 = EDGE_CURVE('',#5641,#5641,#5643,.T.);
#5641 = VERTEX_POINT('',#5642);
#5642 = CARTESIAN_POINT('',(160.995,-115.275,1.51));
#5643 = CIRCLE('',#5644,0.5);
#5644 = AXIS2_PLACEMENT_3D('',#5645,#5646,#5647);
#5645 = CARTESIAN_POINT('',(160.995,-114.775,1.51));
#5646 = DIRECTION('',(-0.,0.,-1.));
#5647 = DIRECTION('',(-0.,-1.,0.));
#5648 = FACE_BOUND('',#5649,.T.);
#5649 = EDGE_LOOP('',(#5650));
#5650 = ORIENTED_EDGE('',*,*,#5651,.T.);
#5651 = EDGE_CURVE('',#5652,#5652,#5654,.T.);
#5652 = VERTEX_POINT('',#5653);
#5653 = CARTESIAN_POINT('',(122.92,-93.125,1.51));
#5654 = CIRCLE('',#5655,1.5);
#5655 = AXIS2_PLACEMENT_3D('',#5656,#5657,#5658);
#5656 = CARTESIAN_POINT('',(122.92,-91.625,1.51));
#5657 = DIRECTION('',(-0.,0.,-1.));
#5658 = DIRECTION('',(-0.,-1.,0.));
#5659 = FACE_BOUND('',#5660,.T.);
#5660 = EDGE_LOOP('',(#5661));
#5661 = ORIENTED_EDGE('',*,*,#5662,.T.);
#5662 = EDGE_CURVE('',#5663,#5663,#5665,.T.);
#5663 = VERTEX_POINT('',#5664);
#5664 = CARTESIAN_POINT('',(136.97,-92.83,1.51));
#5665 = CIRCLE('',#5666,1.5);
#5666 = AXIS2_PLACEMENT_3D('',#5667,#5668,#5669);
#5667 = CARTESIAN_POINT('',(136.97,-91.33,1.51));
#5668 = DIRECTION('',(-0.,0.,-1.));
#5669 = DIRECTION('',(-0.,-1.,0.));
#5670 = FACE_BOUND('',#5671,.T.);
#5671 = EDGE_LOOP('',(#5672));
#5672 = ORIENTED_EDGE('',*,*,#5673,.T.);
#5673 = EDGE_CURVE('',#5674,#5674,#5676,.T.);
#5674 = VERTEX_POINT('',#5675);
#5675 = CARTESIAN_POINT('',(141.97,-95.03,1.51));
#5676 = CIRCLE('',#5677,1.5);
#5677 = AXIS2_PLACEMENT_3D('',#5678,#5679,#5680);
#5678 = CARTESIAN_POINT('',(141.97,-93.53,1.51));
#5679 = DIRECTION('',(-0.,0.,-1.));
#5680 = DIRECTION('',(-0.,-1.,0.));
#5681 = FACE_BOUND('',#5682,.T.);
#5682 = EDGE_LOOP('',(#5683));
#5683 = ORIENTED_EDGE('',*,*,#5684,.T.);
#5684 = EDGE_CURVE('',#5685,#5685,#5687,.T.);
#5685 = VERTEX_POINT('',#5686);
#5686 = CARTESIAN_POINT('',(122.92,-87.775,1.51));
#5687 = CIRCLE('',#5688,2.05);
#5688 = AXIS2_PLACEMENT_3D('',#5689,#5690,#5691);
#5689 = CARTESIAN_POINT('',(122.92,-85.725,1.51));
#5690 = DIRECTION('',(-0.,0.,-1.));
#5691 = DIRECTION('',(-0.,-1.,0.));
#5692 = FACE_BOUND('',#5693,.T.);
#5693 = EDGE_LOOP('',(#5694,#5705,#5714,#5723));
#5694 = ORIENTED_EDGE('',*,*,#5695,.T.);
#5695 = EDGE_CURVE('',#5696,#5698,#5700,.T.);
#5696 = VERTEX_POINT('',#5697);
#5697 = CARTESIAN_POINT('',(128.21,-84.79850121424,1.51));
#5698 = VERTEX_POINT('',#5699);
#5699 = CARTESIAN_POINT('',(128.42,-86.675,1.51));
#5700 = CIRCLE('',#5701,0.95);
#5701 = AXIS2_PLACEMENT_3D('',#5702,#5703,#5704);
#5702 = CARTESIAN_POINT('',(128.42,-85.725,1.51));
#5703 = DIRECTION('',(-0.,0.,-1.));
#5704 = DIRECTION('',(-2.991758887411E-14,-1.,0.));
#5705 = ORIENTED_EDGE('',*,*,#5706,.T.);
#5706 = EDGE_CURVE('',#5698,#5707,#5709,.T.);
#5707 = VERTEX_POINT('',#5708);
#5708 = CARTESIAN_POINT('',(128.21,-86.65149878575,1.51));
#5709 = CIRCLE('',#5710,0.95);
#5710 = AXIS2_PLACEMENT_3D('',#5711,#5712,#5713);
#5711 = CARTESIAN_POINT('',(128.42,-85.725,1.51));
#5712 = DIRECTION('',(-0.,0.,-1.));
#5713 = DIRECTION('',(-2.991758887411E-14,-1.,0.));
#5714 = ORIENTED_EDGE('',*,*,#5715,.T.);
#5715 = EDGE_CURVE('',#5707,#5716,#5718,.T.);
#5716 = VERTEX_POINT('',#5717);
#5717 = CARTESIAN_POINT('',(128.,-86.675,1.51));
#5718 = CIRCLE('',#5719,0.95);
#5719 = AXIS2_PLACEMENT_3D('',#5720,#5721,#5722);
#5720 = CARTESIAN_POINT('',(128.,-85.725,1.51));
#5721 = DIRECTION('',(-0.,0.,-1.));
#5722 = DIRECTION('',(-0.,-1.,0.));
#5723 = ORIENTED_EDGE('',*,*,#5724,.T.);
#5724 = EDGE_CURVE('',#5716,#5696,#5725,.T.);
#5725 = CIRCLE('',#5726,0.95);
#5726 = AXIS2_PLACEMENT_3D('',#5727,#5728,#5729);
#5727 = CARTESIAN_POINT('',(128.,-85.725,1.51));
#5728 = DIRECTION('',(-0.,0.,-1.));
#5729 = DIRECTION('',(-0.,-1.,0.));
#5730 = FACE_BOUND('',#5731,.T.);
#5731 = EDGE_LOOP('',(#5732,#5743,#5752,#5761));
#5732 = ORIENTED_EDGE('',*,*,#5733,.T.);
#5733 = EDGE_CURVE('',#5734,#5736,#5738,.T.);
#5734 = VERTEX_POINT('',#5735);
#5735 = CARTESIAN_POINT('',(136.68,-86.70350121424,1.51));
#5736 = VERTEX_POINT('',#5737);
#5737 = CARTESIAN_POINT('',(136.89,-88.58,1.51));
#5738 = CIRCLE('',#5739,0.95);
#5739 = AXIS2_PLACEMENT_3D('',#5740,#5741,#5742);
#5740 = CARTESIAN_POINT('',(136.89,-87.63,1.51));
#5741 = DIRECTION('',(-0.,0.,-1.));
#5742 = DIRECTION('',(-0.,-1.,0.));
#5743 = ORIENTED_EDGE('',*,*,#5744,.T.);
#5744 = EDGE_CURVE('',#5736,#5745,#5747,.T.);
#5745 = VERTEX_POINT('',#5746);
#5746 = CARTESIAN_POINT('',(136.68,-88.55649878575,1.51));
#5747 = CIRCLE('',#5748,0.95);
#5748 = AXIS2_PLACEMENT_3D('',#5749,#5750,#5751);
#5749 = CARTESIAN_POINT('',(136.89,-87.63,1.51));
#5750 = DIRECTION('',(-0.,0.,-1.));
#5751 = DIRECTION('',(-0.,-1.,0.));
#5752 = ORIENTED_EDGE('',*,*,#5753,.T.);
#5753 = EDGE_CURVE('',#5745,#5754,#5756,.T.);
#5754 = VERTEX_POINT('',#5755);
#5755 = CARTESIAN_POINT('',(136.47,-88.58,1.51));
#5756 = CIRCLE('',#5757,0.95);
#5757 = AXIS2_PLACEMENT_3D('',#5758,#5759,#5760);
#5758 = CARTESIAN_POINT('',(136.47,-87.63,1.51));
#5759 = DIRECTION('',(-0.,0.,-1.));
#5760 = DIRECTION('',(-0.,-1.,0.));
#5761 = ORIENTED_EDGE('',*,*,#5762,.T.);
#5762 = EDGE_CURVE('',#5754,#5734,#5763,.T.);
#5763 = CIRCLE('',#5764,0.95);
#5764 = AXIS2_PLACEMENT_3D('',#5765,#5766,#5767);
#5765 = CARTESIAN_POINT('',(136.47,-87.63,1.51));
#5766 = DIRECTION('',(-0.,0.,-1.));
#5767 = DIRECTION('',(-0.,-1.,0.));
#5768 = FACE_BOUND('',#5769,.T.);
#5769 = EDGE_LOOP('',(#5770));
#5770 = ORIENTED_EDGE('',*,*,#5771,.T.);
#5771 = EDGE_CURVE('',#5772,#5772,#5774,.T.);
#5772 = VERTEX_POINT('',#5773);
#5773 = CARTESIAN_POINT('',(125.46,-82.145,1.51));
#5774 = CIRCLE('',#5775,1.5);
#5775 = AXIS2_PLACEMENT_3D('',#5776,#5777,#5778);
#5776 = CARTESIAN_POINT('',(125.46,-80.645,1.51));
#5777 = DIRECTION('',(-0.,0.,-1.));
#5778 = DIRECTION('',(-0.,-1.,0.));
#5779 = FACE_BOUND('',#5780,.T.);
#5780 = EDGE_LOOP('',(#5781));
#5781 = ORIENTED_EDGE('',*,*,#5782,.T.);
#5782 = EDGE_CURVE('',#5783,#5783,#5785,.T.);
#5783 = VERTEX_POINT('',#5784);
#5784 = CARTESIAN_POINT('',(141.97,-89.68,1.51));
#5785 = CIRCLE('',#5786,2.05);
#5786 = AXIS2_PLACEMENT_3D('',#5787,#5788,#5789);
#5787 = CARTESIAN_POINT('',(141.97,-87.63,1.51));
#5788 = DIRECTION('',(-0.,0.,-1.));
#5789 = DIRECTION('',(-0.,-1.,0.));
#5790 = FACE_BOUND('',#5791,.T.);
#5791 = EDGE_LOOP('',(#5792));
#5792 = ORIENTED_EDGE('',*,*,#5793,.T.);
#5793 = EDGE_CURVE('',#5794,#5794,#5796,.T.);
#5794 = VERTEX_POINT('',#5795);
#5795 = CARTESIAN_POINT('',(138.16,-86.59,1.51));
#5796 = CIRCLE('',#5797,1.5);
#5797 = AXIS2_PLACEMENT_3D('',#5798,#5799,#5800);
#5798 = CARTESIAN_POINT('',(138.16,-85.09,1.51));
#5799 = DIRECTION('',(-0.,0.,-1.));
#5800 = DIRECTION('',(-0.,-1.,0.));
#5801 = FACE_BOUND('',#5802,.T.);
#5802 = EDGE_LOOP('',(#5803,#5814,#5823,#5832));
#5803 = ORIENTED_EDGE('',*,*,#5804,.T.);
#5804 = EDGE_CURVE('',#5805,#5807,#5809,.T.);
#5805 = VERTEX_POINT('',#5806);
#5806 = CARTESIAN_POINT('',(147.26,-86.70350121424,1.51));
#5807 = VERTEX_POINT('',#5808);
#5808 = CARTESIAN_POINT('',(147.47,-88.58,1.51));
#5809 = CIRCLE('',#5810,0.95);
#5810 = AXIS2_PLACEMENT_3D('',#5811,#5812,#5813);
#5811 = CARTESIAN_POINT('',(147.47,-87.63,1.51));
#5812 = DIRECTION('',(-0.,0.,-1.));
#5813 = DIRECTION('',(-0.,-1.,0.));
#5814 = ORIENTED_EDGE('',*,*,#5815,.T.);
#5815 = EDGE_CURVE('',#5807,#5816,#5818,.T.);
#5816 = VERTEX_POINT('',#5817);
#5817 = CARTESIAN_POINT('',(147.26,-88.55649878575,1.51));
#5818 = CIRCLE('',#5819,0.95);
#5819 = AXIS2_PLACEMENT_3D('',#5820,#5821,#5822);
#5820 = CARTESIAN_POINT('',(147.47,-87.63,1.51));
#5821 = DIRECTION('',(-0.,0.,-1.));
#5822 = DIRECTION('',(-0.,-1.,0.));
#5823 = ORIENTED_EDGE('',*,*,#5824,.T.);
#5824 = EDGE_CURVE('',#5816,#5825,#5827,.T.);
#5825 = VERTEX_POINT('',#5826);
#5826 = CARTESIAN_POINT('',(147.05,-88.58,1.51));
#5827 = CIRCLE('',#5828,0.95);
#5828 = AXIS2_PLACEMENT_3D('',#5829,#5830,#5831);
#5829 = CARTESIAN_POINT('',(147.05,-87.63,1.51));
#5830 = DIRECTION('',(-0.,0.,-1.));
#5831 = DIRECTION('',(-0.,-1.,0.));
#5832 = ORIENTED_EDGE('',*,*,#5833,.T.);
#5833 = EDGE_CURVE('',#5825,#5805,#5834,.T.);
#5834 = CIRCLE('',#5835,0.95);
#5835 = AXIS2_PLACEMENT_3D('',#5836,#5837,#5838);
#5836 = CARTESIAN_POINT('',(147.05,-87.63,1.51));
#5837 = DIRECTION('',(-0.,0.,-1.));
#5838 = DIRECTION('',(-0.,-1.,0.));
#5839 = FACE_BOUND('',#5840,.T.);
#5840 = EDGE_LOOP('',(#5841));
#5841 = ORIENTED_EDGE('',*,*,#5842,.T.);
#5842 = EDGE_CURVE('',#5843,#5843,#5845,.T.);
#5843 = VERTEX_POINT('',#5844);
#5844 = CARTESIAN_POINT('',(144.51,-84.05,1.51));
#5845 = CIRCLE('',#5846,1.5);
#5846 = AXIS2_PLACEMENT_3D('',#5847,#5848,#5849);
#5847 = CARTESIAN_POINT('',(144.51,-82.55,1.51));
#5848 = DIRECTION('',(-0.,0.,-1.));
#5849 = DIRECTION('',(-0.,-1.,0.));
#5850 = FACE_BOUND('',#5851,.T.);
#5851 = EDGE_LOOP('',(#5852));
#5852 = ORIENTED_EDGE('',*,*,#5853,.T.);
#5853 = EDGE_CURVE('',#5854,#5854,#5856,.T.);
#5854 = VERTEX_POINT('',#5855);
#5855 = CARTESIAN_POINT('',(161.02,-102.65,1.51));
#5856 = CIRCLE('',#5857,1.5);
#5857 = AXIS2_PLACEMENT_3D('',#5858,#5859,#5860);
#5858 = CARTESIAN_POINT('',(161.02,-101.15,1.51));
#5859 = DIRECTION('',(-0.,0.,-1.));
#5860 = DIRECTION('',(-0.,-1.,0.));
#5861 = FACE_BOUND('',#5862,.T.);
#5862 = EDGE_LOOP('',(#5863));
#5863 = ORIENTED_EDGE('',*,*,#5864,.T.);
#5864 = EDGE_CURVE('',#5865,#5865,#5867,.T.);
#5865 = VERTEX_POINT('',#5866);
#5866 = CARTESIAN_POINT('',(156.02,-100.45,1.51));
#5867 = CIRCLE('',#5868,1.5);
#5868 = AXIS2_PLACEMENT_3D('',#5869,#5870,#5871);
#5869 = CARTESIAN_POINT('',(156.02,-98.95,1.51));
#5870 = DIRECTION('',(-0.,0.,-1.));
#5871 = DIRECTION('',(-0.,-1.,0.));
#5872 = FACE_BOUND('',#5873,.T.);
#5873 = EDGE_LOOP('',(#5874,#5885,#5894,#5903));
#5874 = ORIENTED_EDGE('',*,*,#5875,.T.);
#5875 = EDGE_CURVE('',#5876,#5878,#5880,.T.);
#5876 = VERTEX_POINT('',#5877);
#5877 = CARTESIAN_POINT('',(155.73,-94.32350121424,1.51));
#5878 = VERTEX_POINT('',#5879);
#5879 = CARTESIAN_POINT('',(155.94,-96.2,1.51));
#5880 = CIRCLE('',#5881,0.95);
#5881 = AXIS2_PLACEMENT_3D('',#5882,#5883,#5884);
#5882 = CARTESIAN_POINT('',(155.94,-95.25,1.51));
#5883 = DIRECTION('',(-0.,0.,-1.));
#5884 = DIRECTION('',(-0.,-1.,0.));
#5885 = ORIENTED_EDGE('',*,*,#5886,.T.);
#5886 = EDGE_CURVE('',#5878,#5887,#5889,.T.);
#5887 = VERTEX_POINT('',#5888);
#5888 = CARTESIAN_POINT('',(155.73,-96.17649878575,1.51));
#5889 = CIRCLE('',#5890,0.95);
#5890 = AXIS2_PLACEMENT_3D('',#5891,#5892,#5893);
#5891 = CARTESIAN_POINT('',(155.94,-95.25,1.51));
#5892 = DIRECTION('',(-0.,0.,-1.));
#5893 = DIRECTION('',(-0.,-1.,0.));
#5894 = ORIENTED_EDGE('',*,*,#5895,.T.);
#5895 = EDGE_CURVE('',#5887,#5896,#5898,.T.);
#5896 = VERTEX_POINT('',#5897);
#5897 = CARTESIAN_POINT('',(155.52,-96.2,1.51));
#5898 = CIRCLE('',#5899,0.95);
#5899 = AXIS2_PLACEMENT_3D('',#5900,#5901,#5902);
#5900 = CARTESIAN_POINT('',(155.52,-95.25,1.51));
#5901 = DIRECTION('',(-0.,0.,-1.));
#5902 = DIRECTION('',(2.991758887411E-14,-1.,-0.));
#5903 = ORIENTED_EDGE('',*,*,#5904,.T.);
#5904 = EDGE_CURVE('',#5896,#5876,#5905,.T.);
#5905 = CIRCLE('',#5906,0.95);
#5906 = AXIS2_PLACEMENT_3D('',#5907,#5908,#5909);
#5907 = CARTESIAN_POINT('',(155.52,-95.25,1.51));
#5908 = DIRECTION('',(-0.,0.,-1.));
#5909 = DIRECTION('',(2.991758887411E-14,-1.,-0.));
#5910 = FACE_BOUND('',#5911,.T.);
#5911 = EDGE_LOOP('',(#5912));
#5912 = ORIENTED_EDGE('',*,*,#5913,.T.);
#5913 = EDGE_CURVE('',#5914,#5914,#5916,.T.);
#5914 = VERTEX_POINT('',#5915);
#5915 = CARTESIAN_POINT('',(161.02,-97.3,1.51));
#5916 = CIRCLE('',#5917,2.05);
#5917 = AXIS2_PLACEMENT_3D('',#5918,#5919,#5920);
#5918 = CARTESIAN_POINT('',(161.02,-95.25,1.51));
#5919 = DIRECTION('',(-0.,0.,-1.));
#5920 = DIRECTION('',(1.386424850264E-14,-1.,-0.));
#5921 = FACE_BOUND('',#5922,.T.);
#5922 = EDGE_LOOP('',(#5923));
#5923 = ORIENTED_EDGE('',*,*,#5924,.T.);
#5924 = EDGE_CURVE('',#5925,#5925,#5927,.T.);
#5925 = VERTEX_POINT('',#5926);
#5926 = CARTESIAN_POINT('',(157.21,-94.21,1.51));
#5927 = CIRCLE('',#5928,1.5);
#5928 = AXIS2_PLACEMENT_3D('',#5929,#5930,#5931);
#5929 = CARTESIAN_POINT('',(157.21,-92.71,1.51));
#5930 = DIRECTION('',(-0.,0.,-1.));
#5931 = DIRECTION('',(-0.,-1.,0.));
#5932 = FACE_BOUND('',#5933,.T.);
#5933 = EDGE_LOOP('',(#5934,#5945,#5954,#5963));
#5934 = ORIENTED_EDGE('',*,*,#5935,.T.);
#5935 = EDGE_CURVE('',#5936,#5938,#5940,.T.);
#5936 = VERTEX_POINT('',#5937);
#5937 = CARTESIAN_POINT('',(166.31,-94.32350121424,1.51));
#5938 = VERTEX_POINT('',#5939);
#5939 = CARTESIAN_POINT('',(166.52,-96.2,1.51));
#5940 = CIRCLE('',#5941,0.95);
#5941 = AXIS2_PLACEMENT_3D('',#5942,#5943,#5944);
#5942 = CARTESIAN_POINT('',(166.52,-95.25,1.51));
#5943 = DIRECTION('',(-0.,0.,-1.));
#5944 = DIRECTION('',(2.991758887411E-14,-1.,-0.));
#5945 = ORIENTED_EDGE('',*,*,#5946,.T.);
#5946 = EDGE_CURVE('',#5938,#5947,#5949,.T.);
#5947 = VERTEX_POINT('',#5948);
#5948 = CARTESIAN_POINT('',(166.31,-96.17649878575,1.51));
#5949 = CIRCLE('',#5950,0.95);
#5950 = AXIS2_PLACEMENT_3D('',#5951,#5952,#5953);
#5951 = CARTESIAN_POINT('',(166.52,-95.25,1.51));
#5952 = DIRECTION('',(-0.,0.,-1.));
#5953 = DIRECTION('',(2.991758887411E-14,-1.,-0.));
#5954 = ORIENTED_EDGE('',*,*,#5955,.T.);
#5955 = EDGE_CURVE('',#5947,#5956,#5958,.T.);
#5956 = VERTEX_POINT('',#5957);
#5957 = CARTESIAN_POINT('',(166.1,-96.2,1.51));
#5958 = CIRCLE('',#5959,0.95);
#5959 = AXIS2_PLACEMENT_3D('',#5960,#5961,#5962);
#5960 = CARTESIAN_POINT('',(166.1,-95.25,1.51));
#5961 = DIRECTION('',(-0.,0.,-1.));
#5962 = DIRECTION('',(-2.991758887411E-14,-1.,0.));
#5963 = ORIENTED_EDGE('',*,*,#5964,.T.);
#5964 = EDGE_CURVE('',#5956,#5936,#5965,.T.);
#5965 = CIRCLE('',#5966,0.95);
#5966 = AXIS2_PLACEMENT_3D('',#5967,#5968,#5969);
#5967 = CARTESIAN_POINT('',(166.1,-95.25,1.51));
#5968 = DIRECTION('',(-0.,0.,-1.));
#5969 = DIRECTION('',(-2.991758887411E-14,-1.,0.));
#5970 = FACE_BOUND('',#5971,.T.);
#5971 = EDGE_LOOP('',(#5972));
#5972 = ORIENTED_EDGE('',*,*,#5973,.T.);
#5973 = EDGE_CURVE('',#5974,#5974,#5976,.T.);
#5974 = VERTEX_POINT('',#5975);
#5975 = CARTESIAN_POINT('',(163.56,-91.67,1.51));
#5976 = CIRCLE('',#5977,1.5);
#5977 = AXIS2_PLACEMENT_3D('',#5978,#5979,#5980);
#5978 = CARTESIAN_POINT('',(163.56,-90.17,1.51));
#5979 = DIRECTION('',(-0.,0.,-1.));
#5980 = DIRECTION('',(-0.,-1.,0.));
#5981 = FACE_BOUND('',#5982,.T.);
#5982 = EDGE_LOOP('',(#5983));
#5983 = ORIENTED_EDGE('',*,*,#5984,.T.);
#5984 = EDGE_CURVE('',#5985,#5985,#5987,.T.);
#5985 = VERTEX_POINT('',#5986);
#5986 = CARTESIAN_POINT('',(175.07,-100.45,1.51));
#5987 = CIRCLE('',#5988,1.5);
#5988 = AXIS2_PLACEMENT_3D('',#5989,#5990,#5991);
#5989 = CARTESIAN_POINT('',(175.07,-98.95,1.51));
#5990 = DIRECTION('',(-0.,0.,-1.));
#5991 = DIRECTION('',(-0.,-1.,0.));
#5992 = FACE_BOUND('',#5993,.T.);
#5993 = EDGE_LOOP('',(#5994));
#5994 = ORIENTED_EDGE('',*,*,#5995,.T.);
#5995 = EDGE_CURVE('',#5996,#5996,#5998,.T.);
#5996 = VERTEX_POINT('',#5997);
#5997 = CARTESIAN_POINT('',(180.07,-102.65,1.51));
#5998 = CIRCLE('',#5999,1.5);
#5999 = AXIS2_PLACEMENT_3D('',#6000,#6001,#6002);
#6000 = CARTESIAN_POINT('',(180.07,-101.15,1.51));
#6001 = DIRECTION('',(-0.,0.,-1.));
#6002 = DIRECTION('',(-0.,-1.,0.));
#6003 = FACE_BOUND('',#6004,.T.);
#6004 = EDGE_LOOP('',(#6005,#6016,#6025,#6034));
#6005 = ORIENTED_EDGE('',*,*,#6006,.T.);
#6006 = EDGE_CURVE('',#6007,#6009,#6011,.T.);
#6007 = VERTEX_POINT('',#6008);
#6008 = CARTESIAN_POINT('',(174.78,-94.32350121424,1.51));
#6009 = VERTEX_POINT('',#6010);
#6010 = CARTESIAN_POINT('',(174.99,-96.2,1.51));
#6011 = CIRCLE('',#6012,0.95);
#6012 = AXIS2_PLACEMENT_3D('',#6013,#6014,#6015);
#6013 = CARTESIAN_POINT('',(174.99,-95.25,1.51));
#6014 = DIRECTION('',(-0.,0.,-1.));
#6015 = DIRECTION('',(-0.,-1.,0.));
#6016 = ORIENTED_EDGE('',*,*,#6017,.T.);
#6017 = EDGE_CURVE('',#6009,#6018,#6020,.T.);
#6018 = VERTEX_POINT('',#6019);
#6019 = CARTESIAN_POINT('',(174.78,-96.17649878575,1.51));
#6020 = CIRCLE('',#6021,0.95);
#6021 = AXIS2_PLACEMENT_3D('',#6022,#6023,#6024);
#6022 = CARTESIAN_POINT('',(174.99,-95.25,1.51));
#6023 = DIRECTION('',(-0.,0.,-1.));
#6024 = DIRECTION('',(-0.,-1.,0.));
#6025 = ORIENTED_EDGE('',*,*,#6026,.T.);
#6026 = EDGE_CURVE('',#6018,#6027,#6029,.T.);
#6027 = VERTEX_POINT('',#6028);
#6028 = CARTESIAN_POINT('',(174.57,-96.2,1.51));
#6029 = CIRCLE('',#6030,0.95);
#6030 = AXIS2_PLACEMENT_3D('',#6031,#6032,#6033);
#6031 = CARTESIAN_POINT('',(174.57,-95.25,1.51));
#6032 = DIRECTION('',(-0.,0.,-1.));
#6033 = DIRECTION('',(-0.,-1.,0.));
#6034 = ORIENTED_EDGE('',*,*,#6035,.T.);
#6035 = EDGE_CURVE('',#6027,#6007,#6036,.T.);
#6036 = CIRCLE('',#6037,0.95);
#6037 = AXIS2_PLACEMENT_3D('',#6038,#6039,#6040);
#6038 = CARTESIAN_POINT('',(174.57,-95.25,1.51));
#6039 = DIRECTION('',(-0.,0.,-1.));
#6040 = DIRECTION('',(-0.,-1.,0.));
#6041 = FACE_BOUND('',#6042,.T.);
#6042 = EDGE_LOOP('',(#6043));
#6043 = ORIENTED_EDGE('',*,*,#6044,.T.);
#6044 = EDGE_CURVE('',#6045,#6045,#6047,.T.);
#6045 = VERTEX_POINT('',#6046);
#6046 = CARTESIAN_POINT('',(176.26,-94.21,1.51));
#6047 = CIRCLE('',#6048,1.5);
#6048 = AXIS2_PLACEMENT_3D('',#6049,#6050,#6051);
#6049 = CARTESIAN_POINT('',(176.26,-92.71,1.51));
#6050 = DIRECTION('',(-0.,0.,-1.));
#6051 = DIRECTION('',(-0.,-1.,0.));
#6052 = FACE_BOUND('',#6053,.T.);
#6053 = EDGE_LOOP('',(#6054));
#6054 = ORIENTED_EDGE('',*,*,#6055,.T.);
#6055 = EDGE_CURVE('',#6056,#6056,#6058,.T.);
#6056 = VERTEX_POINT('',#6057);
#6057 = CARTESIAN_POINT('',(180.07,-97.3,1.51));
#6058 = CIRCLE('',#6059,2.05);
#6059 = AXIS2_PLACEMENT_3D('',#6060,#6061,#6062);
#6060 = CARTESIAN_POINT('',(180.07,-95.25,1.51));
#6061 = DIRECTION('',(-0.,0.,-1.));
#6062 = DIRECTION('',(-0.,-1.,0.));
#6063 = FACE_BOUND('',#6064,.T.);
#6064 = EDGE_LOOP('',(#6065,#6076,#6085,#6094));
#6065 = ORIENTED_EDGE('',*,*,#6066,.T.);
#6066 = EDGE_CURVE('',#6067,#6069,#6071,.T.);
#6067 = VERTEX_POINT('',#6068);
#6068 = CARTESIAN_POINT('',(185.36,-94.32350121424,1.51));
#6069 = VERTEX_POINT('',#6070);
#6070 = CARTESIAN_POINT('',(185.57,-96.2,1.51));
#6071 = CIRCLE('',#6072,0.95);
#6072 = AXIS2_PLACEMENT_3D('',#6073,#6074,#6075);
#6073 = CARTESIAN_POINT('',(185.57,-95.25,1.51));
#6074 = DIRECTION('',(-0.,0.,-1.));
#6075 = DIRECTION('',(-0.,-1.,0.));
#6076 = ORIENTED_EDGE('',*,*,#6077,.T.);
#6077 = EDGE_CURVE('',#6069,#6078,#6080,.T.);
#6078 = VERTEX_POINT('',#6079);
#6079 = CARTESIAN_POINT('',(185.36,-96.17649878575,1.51));
#6080 = CIRCLE('',#6081,0.95);
#6081 = AXIS2_PLACEMENT_3D('',#6082,#6083,#6084);
#6082 = CARTESIAN_POINT('',(185.57,-95.25,1.51));
#6083 = DIRECTION('',(-0.,0.,-1.));
#6084 = DIRECTION('',(-0.,-1.,0.));
#6085 = ORIENTED_EDGE('',*,*,#6086,.T.);
#6086 = EDGE_CURVE('',#6078,#6087,#6089,.T.);
#6087 = VERTEX_POINT('',#6088);
#6088 = CARTESIAN_POINT('',(185.15,-96.2,1.51));
#6089 = CIRCLE('',#6090,0.95);
#6090 = AXIS2_PLACEMENT_3D('',#6091,#6092,#6093);
#6091 = CARTESIAN_POINT('',(185.15,-95.25,1.51));
#6092 = DIRECTION('',(-0.,0.,-1.));
#6093 = DIRECTION('',(2.991758887411E-14,-1.,-0.));
#6094 = ORIENTED_EDGE('',*,*,#6095,.T.);
#6095 = EDGE_CURVE('',#6087,#6067,#6096,.T.);
#6096 = CIRCLE('',#6097,0.95);
#6097 = AXIS2_PLACEMENT_3D('',#6098,#6099,#6100);
#6098 = CARTESIAN_POINT('',(185.15,-95.25,1.51));
#6099 = DIRECTION('',(-0.,0.,-1.));
#6100 = DIRECTION('',(2.991758887411E-14,-1.,-0.));
#6101 = FACE_BOUND('',#6102,.T.);
#6102 = EDGE_LOOP('',(#6103));
#6103 = ORIENTED_EDGE('',*,*,#6104,.T.);
#6104 = EDGE_CURVE('',#6105,#6105,#6107,.T.);
#6105 = VERTEX_POINT('',#6106);
#6106 = CARTESIAN_POINT('',(182.61,-91.67,1.51));
#6107 = CIRCLE('',#6108,1.5);
#6108 = AXIS2_PLACEMENT_3D('',#6109,#6110,#6111);
#6109 = CARTESIAN_POINT('',(182.61,-90.17,1.51));
#6110 = DIRECTION('',(-0.,0.,-1.));
#6111 = DIRECTION('',(-0.,-1.,0.));
#6112 = FACE_BOUND('',#6113,.T.);
#6113 = EDGE_LOOP('',(#6114));
#6114 = ORIENTED_EDGE('',*,*,#6115,.T.);
#6115 = EDGE_CURVE('',#6116,#6116,#6118,.T.);
#6116 = VERTEX_POINT('',#6117);
#6117 = CARTESIAN_POINT('',(156.02,-81.4,1.51));
#6118 = CIRCLE('',#6119,1.5);
#6119 = AXIS2_PLACEMENT_3D('',#6120,#6121,#6122);
#6120 = CARTESIAN_POINT('',(156.02,-79.9,1.51));
#6121 = DIRECTION('',(-0.,0.,-1.));
#6122 = DIRECTION('',(-0.,-1.,0.));
#6123 = FACE_BOUND('',#6124,.T.);
#6124 = EDGE_LOOP('',(#6125));
#6125 = ORIENTED_EDGE('',*,*,#6126,.T.);
#6126 = EDGE_CURVE('',#6127,#6127,#6129,.T.);
#6127 = VERTEX_POINT('',#6128);
#6128 = CARTESIAN_POINT('',(161.02,-83.6,1.51));
#6129 = CIRCLE('',#6130,1.5);
#6130 = AXIS2_PLACEMENT_3D('',#6131,#6132,#6133);
#6131 = CARTESIAN_POINT('',(161.02,-82.1,1.51));
#6132 = DIRECTION('',(-0.,0.,-1.));
#6133 = DIRECTION('',(-0.,-1.,0.));
#6134 = FACE_BOUND('',#6135,.T.);
#6135 = EDGE_LOOP('',(#6136));
#6136 = ORIENTED_EDGE('',*,*,#6137,.T.);
#6137 = EDGE_CURVE('',#6138,#6138,#6140,.T.);
#6138 = VERTEX_POINT('',#6139);
#6139 = CARTESIAN_POINT('',(175.07,-81.4,1.51));
#6140 = CIRCLE('',#6141,1.5);
#6141 = AXIS2_PLACEMENT_3D('',#6142,#6143,#6144);
#6142 = CARTESIAN_POINT('',(175.07,-79.9,1.51));
#6143 = DIRECTION('',(-0.,0.,-1.));
#6144 = DIRECTION('',(-0.,-1.,0.));
#6145 = FACE_BOUND('',#6146,.T.);
#6146 = EDGE_LOOP('',(#6147));
#6147 = ORIENTED_EDGE('',*,*,#6148,.T.);
#6148 = EDGE_CURVE('',#6149,#6149,#6151,.T.);
#6149 = VERTEX_POINT('',#6150);
#6150 = CARTESIAN_POINT('',(180.07,-83.6,1.51));
#6151 = CIRCLE('',#6152,1.5);
#6152 = AXIS2_PLACEMENT_3D('',#6153,#6154,#6155);
#6153 = CARTESIAN_POINT('',(180.07,-82.1,1.51));
#6154 = DIRECTION('',(-0.,0.,-1.));
#6155 = DIRECTION('',(-0.,-1.,0.));
#6156 = FACE_BOUND('',#6157,.T.);
#6157 = EDGE_LOOP('',(#6158));
#6158 = ORIENTED_EDGE('',*,*,#6159,.T.);
#6159 = EDGE_CURVE('',#6160,#6160,#6162,.T.);
#6160 = VERTEX_POINT('',#6161);
#6161 = CARTESIAN_POINT('',(60.77,-74.7325,1.51));
#6162 = CIRCLE('',#6163,1.5);
#6163 = AXIS2_PLACEMENT_3D('',#6164,#6165,#6166);
#6164 = CARTESIAN_POINT('',(60.77,-73.2325,1.51));
#6165 = DIRECTION('',(-0.,0.,-1.));
#6166 = DIRECTION('',(-0.,-1.,0.));
#6167 = FACE_BOUND('',#6168,.T.);
#6168 = EDGE_LOOP('',(#6169,#6180,#6189,#6198));
#6169 = ORIENTED_EDGE('',*,*,#6170,.T.);
#6170 = EDGE_CURVE('',#6171,#6173,#6175,.T.);
#6171 = VERTEX_POINT('',#6172);
#6172 = CARTESIAN_POINT('',(60.48,-68.60600121424,1.51));
#6173 = VERTEX_POINT('',#6174);
#6174 = CARTESIAN_POINT('',(60.69,-70.4825,1.51));
#6175 = CIRCLE('',#6176,0.95);
#6176 = AXIS2_PLACEMENT_3D('',#6177,#6178,#6179);
#6177 = CARTESIAN_POINT('',(60.69,-69.5325,1.51));
#6178 = DIRECTION('',(-0.,0.,-1.));
#6179 = DIRECTION('',(-0.,-1.,0.));
#6180 = ORIENTED_EDGE('',*,*,#6181,.T.);
#6181 = EDGE_CURVE('',#6173,#6182,#6184,.T.);
#6182 = VERTEX_POINT('',#6183);
#6183 = CARTESIAN_POINT('',(60.48,-70.45899878575,1.51));
#6184 = CIRCLE('',#6185,0.95);
#6185 = AXIS2_PLACEMENT_3D('',#6186,#6187,#6188);
#6186 = CARTESIAN_POINT('',(60.69,-69.5325,1.51));
#6187 = DIRECTION('',(-0.,0.,-1.));
#6188 = DIRECTION('',(-0.,-1.,0.));
#6189 = ORIENTED_EDGE('',*,*,#6190,.T.);
#6190 = EDGE_CURVE('',#6182,#6191,#6193,.T.);
#6191 = VERTEX_POINT('',#6192);
#6192 = CARTESIAN_POINT('',(60.27,-70.4825,1.51));
#6193 = CIRCLE('',#6194,0.95);
#6194 = AXIS2_PLACEMENT_3D('',#6195,#6196,#6197);
#6195 = CARTESIAN_POINT('',(60.27,-69.5325,1.51));
#6196 = DIRECTION('',(-0.,0.,-1.));
#6197 = DIRECTION('',(7.479397218527E-15,-1.,-0.));
#6198 = ORIENTED_EDGE('',*,*,#6199,.T.);
#6199 = EDGE_CURVE('',#6191,#6171,#6200,.T.);
#6200 = CIRCLE('',#6201,0.95);
#6201 = AXIS2_PLACEMENT_3D('',#6202,#6203,#6204);
#6202 = CARTESIAN_POINT('',(60.27,-69.5325,1.51));
#6203 = DIRECTION('',(-0.,0.,-1.));
#6204 = DIRECTION('',(7.479397218527E-15,-1.,-0.));
#6205 = FACE_BOUND('',#6206,.T.);
#6206 = EDGE_LOOP('',(#6207));
#6207 = ORIENTED_EDGE('',*,*,#6208,.T.);
#6208 = EDGE_CURVE('',#6209,#6209,#6211,.T.);
#6209 = VERTEX_POINT('',#6210);
#6210 = CARTESIAN_POINT('',(65.77,-76.9325,1.51));
#6211 = CIRCLE('',#6212,1.5);
#6212 = AXIS2_PLACEMENT_3D('',#6213,#6214,#6215);
#6213 = CARTESIAN_POINT('',(65.77,-75.4325,1.51));
#6214 = DIRECTION('',(-0.,0.,-1.));
#6215 = DIRECTION('',(-0.,-1.,0.));
#6216 = FACE_BOUND('',#6217,.T.);
#6217 = EDGE_LOOP('',(#6218));
#6218 = ORIENTED_EDGE('',*,*,#6219,.T.);
#6219 = EDGE_CURVE('',#6220,#6220,#6222,.T.);
#6220 = VERTEX_POINT('',#6221);
#6221 = CARTESIAN_POINT('',(65.77,-71.5825,1.51));
#6222 = CIRCLE('',#6223,2.05);
#6223 = AXIS2_PLACEMENT_3D('',#6224,#6225,#6226);
#6224 = CARTESIAN_POINT('',(65.77,-69.5325,1.51));
#6225 = DIRECTION('',(-0.,0.,-1.));
#6226 = DIRECTION('',(-0.,-1.,0.));
#6227 = FACE_BOUND('',#6228,.T.);
#6228 = EDGE_LOOP('',(#6229,#6240,#6249,#6258));
#6229 = ORIENTED_EDGE('',*,*,#6230,.T.);
#6230 = EDGE_CURVE('',#6231,#6233,#6235,.T.);
#6231 = VERTEX_POINT('',#6232);
#6232 = CARTESIAN_POINT('',(71.06,-68.60600121424,1.51));
#6233 = VERTEX_POINT('',#6234);
#6234 = CARTESIAN_POINT('',(71.27,-70.4825,1.51));
#6235 = CIRCLE('',#6236,0.95);
#6236 = AXIS2_PLACEMENT_3D('',#6237,#6238,#6239);
#6237 = CARTESIAN_POINT('',(71.27,-69.5325,1.51));
#6238 = DIRECTION('',(-0.,0.,-1.));
#6239 = DIRECTION('',(-0.,-1.,0.));
#6240 = ORIENTED_EDGE('',*,*,#6241,.T.);
#6241 = EDGE_CURVE('',#6233,#6242,#6244,.T.);
#6242 = VERTEX_POINT('',#6243);
#6243 = CARTESIAN_POINT('',(71.06,-70.45899878575,1.51));
#6244 = CIRCLE('',#6245,0.95);
#6245 = AXIS2_PLACEMENT_3D('',#6246,#6247,#6248);
#6246 = CARTESIAN_POINT('',(71.27,-69.5325,1.51));
#6247 = DIRECTION('',(-0.,0.,-1.));
#6248 = DIRECTION('',(-0.,-1.,0.));
#6249 = ORIENTED_EDGE('',*,*,#6250,.T.);
#6250 = EDGE_CURVE('',#6242,#6251,#6253,.T.);
#6251 = VERTEX_POINT('',#6252);
#6252 = CARTESIAN_POINT('',(70.85,-70.4825,1.51));
#6253 = CIRCLE('',#6254,0.95);
#6254 = AXIS2_PLACEMENT_3D('',#6255,#6256,#6257);
#6255 = CARTESIAN_POINT('',(70.85,-69.5325,1.51));
#6256 = DIRECTION('',(-0.,0.,-1.));
#6257 = DIRECTION('',(-0.,-1.,0.));
#6258 = ORIENTED_EDGE('',*,*,#6259,.T.);
#6259 = EDGE_CURVE('',#6251,#6231,#6260,.T.);
#6260 = CIRCLE('',#6261,0.95);
#6261 = AXIS2_PLACEMENT_3D('',#6262,#6263,#6264);
#6262 = CARTESIAN_POINT('',(70.85,-69.5325,1.51));
#6263 = DIRECTION('',(-0.,0.,-1.));
#6264 = DIRECTION('',(-0.,-1.,0.));
#6265 = FACE_BOUND('',#6266,.T.);
#6266 = EDGE_LOOP('',(#6267));
#6267 = ORIENTED_EDGE('',*,*,#6268,.T.);
#6268 = EDGE_CURVE('',#6269,#6269,#6271,.T.);
#6269 = VERTEX_POINT('',#6270);
#6270 = CARTESIAN_POINT('',(61.96,-68.4925,1.51));
#6271 = CIRCLE('',#6272,1.5);
#6272 = AXIS2_PLACEMENT_3D('',#6273,#6274,#6275);
#6273 = CARTESIAN_POINT('',(61.96,-66.9925,1.51));
#6274 = DIRECTION('',(-0.,0.,-1.));
#6275 = DIRECTION('',(-0.,-1.,0.));
#6276 = FACE_BOUND('',#6277,.T.);
#6277 = EDGE_LOOP('',(#6278));
#6278 = ORIENTED_EDGE('',*,*,#6279,.T.);
#6279 = EDGE_CURVE('',#6280,#6280,#6282,.T.);
#6280 = VERTEX_POINT('',#6281);
#6281 = CARTESIAN_POINT('',(68.31,-65.9525,1.51));
#6282 = CIRCLE('',#6283,1.5);
#6283 = AXIS2_PLACEMENT_3D('',#6284,#6285,#6286);
#6284 = CARTESIAN_POINT('',(68.31,-64.4525,1.51));
#6285 = DIRECTION('',(-0.,0.,-1.));
#6286 = DIRECTION('',(-0.,-1.,0.));
#6287 = FACE_BOUND('',#6288,.T.);
#6288 = EDGE_LOOP('',(#6289,#6300,#6309,#6318));
#6289 = ORIENTED_EDGE('',*,*,#6290,.T.);
#6290 = EDGE_CURVE('',#6291,#6293,#6295,.T.);
#6291 = VERTEX_POINT('',#6292);
#6292 = CARTESIAN_POINT('',(79.53,-72.41600121424,1.51));
#6293 = VERTEX_POINT('',#6294);
#6294 = CARTESIAN_POINT('',(79.74,-74.2925,1.51));
#6295 = CIRCLE('',#6296,0.95);
#6296 = AXIS2_PLACEMENT_3D('',#6297,#6298,#6299);
#6297 = CARTESIAN_POINT('',(79.74,-73.3425,1.51));
#6298 = DIRECTION('',(-0.,0.,-1.));
#6299 = DIRECTION('',(-1.495879443705E-14,-1.,0.));
#6300 = ORIENTED_EDGE('',*,*,#6301,.T.);
#6301 = EDGE_CURVE('',#6293,#6302,#6304,.T.);
#6302 = VERTEX_POINT('',#6303);
#6303 = CARTESIAN_POINT('',(79.53,-74.26899878575,1.51));
#6304 = CIRCLE('',#6305,0.95);
#6305 = AXIS2_PLACEMENT_3D('',#6306,#6307,#6308);
#6306 = CARTESIAN_POINT('',(79.74,-73.3425,1.51));
#6307 = DIRECTION('',(-0.,0.,-1.));
#6308 = DIRECTION('',(-1.495879443705E-14,-1.,0.));
#6309 = ORIENTED_EDGE('',*,*,#6310,.T.);
#6310 = EDGE_CURVE('',#6302,#6311,#6313,.T.);
#6311 = VERTEX_POINT('',#6312);
#6312 = CARTESIAN_POINT('',(79.32,-74.2925,1.51));
#6313 = CIRCLE('',#6314,0.95);
#6314 = AXIS2_PLACEMENT_3D('',#6315,#6316,#6317);
#6315 = CARTESIAN_POINT('',(79.32,-73.3425,1.51));
#6316 = DIRECTION('',(-0.,0.,-1.));
#6317 = DIRECTION('',(-0.,-1.,0.));
#6318 = ORIENTED_EDGE('',*,*,#6319,.T.);
#6319 = EDGE_CURVE('',#6311,#6291,#6320,.T.);
#6320 = CIRCLE('',#6321,0.95);
#6321 = AXIS2_PLACEMENT_3D('',#6322,#6323,#6324);
#6322 = CARTESIAN_POINT('',(79.32,-73.3425,1.51));
#6323 = DIRECTION('',(-0.,0.,-1.));
#6324 = DIRECTION('',(-0.,-1.,0.));
#6325 = FACE_BOUND('',#6326,.T.);
#6326 = EDGE_LOOP('',(#6327));
#6327 = ORIENTED_EDGE('',*,*,#6328,.T.);
#6328 = EDGE_CURVE('',#6329,#6329,#6331,.T.);
#6329 = VERTEX_POINT('',#6330);
#6330 = CARTESIAN_POINT('',(81.01,-72.3025,1.51));
#6331 = CIRCLE('',#6332,1.5);
#6332 = AXIS2_PLACEMENT_3D('',#6333,#6334,#6335);
#6333 = CARTESIAN_POINT('',(81.01,-70.8025,1.51));
#6334 = DIRECTION('',(-0.,0.,-1.));
#6335 = DIRECTION('',(-0.,-1.,0.));
#6336 = FACE_BOUND('',#6337,.T.);
#6337 = EDGE_LOOP('',(#6338));
#6338 = ORIENTED_EDGE('',*,*,#6339,.T.);
#6339 = EDGE_CURVE('',#6340,#6340,#6342,.T.);
#6340 = VERTEX_POINT('',#6341);
#6341 = CARTESIAN_POINT('',(84.82,-75.3925,1.51));
#6342 = CIRCLE('',#6343,2.05);
#6343 = AXIS2_PLACEMENT_3D('',#6344,#6345,#6346);
#6344 = CARTESIAN_POINT('',(84.82,-73.3425,1.51));
#6345 = DIRECTION('',(-0.,0.,-1.));
#6346 = DIRECTION('',(-0.,-1.,0.));
#6347 = FACE_BOUND('',#6348,.T.);
#6348 = EDGE_LOOP('',(#6349));
#6349 = ORIENTED_EDGE('',*,*,#6350,.T.);
#6350 = EDGE_CURVE('',#6351,#6351,#6353,.T.);
#6351 = VERTEX_POINT('',#6352);
#6352 = CARTESIAN_POINT('',(87.36,-69.7625,1.51));
#6353 = CIRCLE('',#6354,1.5);
#6354 = AXIS2_PLACEMENT_3D('',#6355,#6356,#6357);
#6355 = CARTESIAN_POINT('',(87.36,-68.2625,1.51));
#6356 = DIRECTION('',(-0.,0.,-1.));
#6357 = DIRECTION('',(-0.,-1.,0.));
#6358 = FACE_BOUND('',#6359,.T.);
#6359 = EDGE_LOOP('',(#6360));
#6360 = ORIENTED_EDGE('',*,*,#6361,.T.);
#6361 = EDGE_CURVE('',#6362,#6362,#6364,.T.);
#6362 = VERTEX_POINT('',#6363);
#6363 = CARTESIAN_POINT('',(57.412,-57.904,1.51));
#6364 = CIRCLE('',#6365,0.5);
#6365 = AXIS2_PLACEMENT_3D('',#6366,#6367,#6368);
#6366 = CARTESIAN_POINT('',(57.412,-57.404,1.51));
#6367 = DIRECTION('',(-0.,0.,-1.));
#6368 = DIRECTION('',(-0.,-1.,0.));
#6369 = FACE_BOUND('',#6370,.T.);
#6370 = EDGE_LOOP('',(#6371));
#6371 = ORIENTED_EDGE('',*,*,#6372,.T.);
#6372 = EDGE_CURVE('',#6373,#6373,#6375,.T.);
#6373 = VERTEX_POINT('',#6374);
#6374 = CARTESIAN_POINT('',(57.412,-55.364,1.51));
#6375 = CIRCLE('',#6376,0.5);
#6376 = AXIS2_PLACEMENT_3D('',#6377,#6378,#6379);
#6377 = CARTESIAN_POINT('',(57.412,-54.864,1.51));
#6378 = DIRECTION('',(-0.,0.,-1.));
#6379 = DIRECTION('',(-0.,-1.,0.));
#6380 = FACE_BOUND('',#6381,.T.);
#6381 = EDGE_LOOP('',(#6382));
#6382 = ORIENTED_EDGE('',*,*,#6383,.T.);
#6383 = EDGE_CURVE('',#6384,#6384,#6386,.T.);
#6384 = VERTEX_POINT('',#6385);
#6385 = CARTESIAN_POINT('',(61.742,-55.927,1.51));
#6386 = CIRCLE('',#6387,0.375);
#6387 = AXIS2_PLACEMENT_3D('',#6388,#6389,#6390);
#6388 = CARTESIAN_POINT('',(61.742,-55.552,1.51));
#6389 = DIRECTION('',(-0.,0.,-1.));
#6390 = DIRECTION('',(-0.,-1.,0.));
#6391 = FACE_BOUND('',#6392,.T.);
#6392 = EDGE_LOOP('',(#6393));
#6393 = ORIENTED_EDGE('',*,*,#6394,.T.);
#6394 = EDGE_CURVE('',#6395,#6395,#6397,.T.);
#6395 = VERTEX_POINT('',#6396);
#6396 = CARTESIAN_POINT('',(61.742,-53.927,1.51));
#6397 = CIRCLE('',#6398,0.375);
#6398 = AXIS2_PLACEMENT_3D('',#6399,#6400,#6401);
#6399 = CARTESIAN_POINT('',(61.742,-53.552,1.51));
#6400 = DIRECTION('',(-0.,0.,-1.));
#6401 = DIRECTION('',(-0.,-1.,0.));
#6402 = FACE_BOUND('',#6403,.T.);
#6403 = EDGE_LOOP('',(#6404));
#6404 = ORIENTED_EDGE('',*,*,#6405,.T.);
#6405 = EDGE_CURVE('',#6406,#6406,#6408,.T.);
#6406 = VERTEX_POINT('',#6407);
#6407 = CARTESIAN_POINT('',(57.412,-52.824,1.51));
#6408 = CIRCLE('',#6409,0.5);
#6409 = AXIS2_PLACEMENT_3D('',#6410,#6411,#6412);
#6410 = CARTESIAN_POINT('',(57.412,-52.324,1.51));
#6411 = DIRECTION('',(-0.,0.,-1.));
#6412 = DIRECTION('',(-0.,-1.,0.));
#6413 = FACE_BOUND('',#6414,.T.);
#6414 = EDGE_LOOP('',(#6415));
#6415 = ORIENTED_EDGE('',*,*,#6416,.T.);
#6416 = EDGE_CURVE('',#6417,#6417,#6419,.T.);
#6417 = VERTEX_POINT('',#6418);
#6418 = CARTESIAN_POINT('',(79.82,-59.4925,1.51));
#6419 = CIRCLE('',#6420,1.5);
#6420 = AXIS2_PLACEMENT_3D('',#6421,#6422,#6423);
#6421 = CARTESIAN_POINT('',(79.82,-57.9925,1.51));
#6422 = DIRECTION('',(-0.,0.,-1.));
#6423 = DIRECTION('',(-0.,-1.,0.));
#6424 = FACE_BOUND('',#6425,.T.);
#6425 = EDGE_LOOP('',(#6426));
#6426 = ORIENTED_EDGE('',*,*,#6427,.T.);
#6427 = EDGE_CURVE('',#6428,#6428,#6430,.T.);
#6428 = VERTEX_POINT('',#6429);
#6429 = CARTESIAN_POINT('',(84.82,-61.6925,1.51));
#6430 = CIRCLE('',#6431,1.5);
#6431 = AXIS2_PLACEMENT_3D('',#6432,#6433,#6434);
#6432 = CARTESIAN_POINT('',(84.82,-60.1925,1.51));
#6433 = DIRECTION('',(-0.,0.,-1.));
#6434 = DIRECTION('',(-0.,-1.,0.));
#6435 = FACE_BOUND('',#6436,.T.);
#6436 = EDGE_LOOP('',(#6437,#6448,#6457,#6466));
#6437 = ORIENTED_EDGE('',*,*,#6438,.T.);
#6438 = EDGE_CURVE('',#6439,#6441,#6443,.T.);
#6439 = VERTEX_POINT('',#6440);
#6440 = CARTESIAN_POINT('',(79.53,-53.36600121424,1.51));
#6441 = VERTEX_POINT('',#6442);
#6442 = CARTESIAN_POINT('',(79.74,-55.2425,1.51));
#6443 = CIRCLE('',#6444,0.95);
#6444 = AXIS2_PLACEMENT_3D('',#6445,#6446,#6447);
#6445 = CARTESIAN_POINT('',(79.74,-54.2925,1.51));
#6446 = DIRECTION('',(-0.,0.,-1.));
#6447 = DIRECTION('',(-1.495879443705E-14,-1.,0.));
#6448 = ORIENTED_EDGE('',*,*,#6449,.T.);
#6449 = EDGE_CURVE('',#6441,#6450,#6452,.T.);
#6450 = VERTEX_POINT('',#6451);
#6451 = CARTESIAN_POINT('',(79.53,-55.21899878575,1.51));
#6452 = CIRCLE('',#6453,0.95);
#6453 = AXIS2_PLACEMENT_3D('',#6454,#6455,#6456);
#6454 = CARTESIAN_POINT('',(79.74,-54.2925,1.51));
#6455 = DIRECTION('',(-0.,0.,-1.));
#6456 = DIRECTION('',(-1.495879443705E-14,-1.,0.));
#6457 = ORIENTED_EDGE('',*,*,#6458,.T.);
#6458 = EDGE_CURVE('',#6450,#6459,#6461,.T.);
#6459 = VERTEX_POINT('',#6460);
#6460 = CARTESIAN_POINT('',(79.32,-55.2425,1.51));
#6461 = CIRCLE('',#6462,0.95);
#6462 = AXIS2_PLACEMENT_3D('',#6463,#6464,#6465);
#6463 = CARTESIAN_POINT('',(79.32,-54.2925,1.51));
#6464 = DIRECTION('',(-0.,0.,-1.));
#6465 = DIRECTION('',(-0.,-1.,0.));
#6466 = ORIENTED_EDGE('',*,*,#6467,.T.);
#6467 = EDGE_CURVE('',#6459,#6439,#6468,.T.);
#6468 = CIRCLE('',#6469,0.95);
#6469 = AXIS2_PLACEMENT_3D('',#6470,#6471,#6472);
#6470 = CARTESIAN_POINT('',(79.32,-54.2925,1.51));
#6471 = DIRECTION('',(-0.,0.,-1.));
#6472 = DIRECTION('',(-0.,-1.,0.));
#6473 = FACE_BOUND('',#6474,.T.);
#6474 = EDGE_LOOP('',(#6475));
#6475 = ORIENTED_EDGE('',*,*,#6476,.T.);
#6476 = EDGE_CURVE('',#6477,#6477,#6479,.T.);
#6477 = VERTEX_POINT('',#6478);
#6478 = CARTESIAN_POINT('',(81.01,-53.2525,1.51));
#6479 = CIRCLE('',#6480,1.5);
#6480 = AXIS2_PLACEMENT_3D('',#6481,#6482,#6483);
#6481 = CARTESIAN_POINT('',(81.01,-51.7525,1.51));
#6482 = DIRECTION('',(-0.,0.,-1.));
#6483 = DIRECTION('',(-0.,-1.,0.));
#6484 = FACE_BOUND('',#6485,.T.);
#6485 = EDGE_LOOP('',(#6486));
#6486 = ORIENTED_EDGE('',*,*,#6487,.T.);
#6487 = EDGE_CURVE('',#6488,#6488,#6490,.T.);
#6488 = VERTEX_POINT('',#6489);
#6489 = CARTESIAN_POINT('',(84.82,-56.3425,1.51));
#6490 = CIRCLE('',#6491,2.05);
#6491 = AXIS2_PLACEMENT_3D('',#6492,#6493,#6494);
#6492 = CARTESIAN_POINT('',(84.82,-54.2925,1.51));
#6493 = DIRECTION('',(-0.,0.,-1.));
#6494 = DIRECTION('',(-0.,-1.,0.));
#6495 = FACE_BOUND('',#6496,.T.);
#6496 = EDGE_LOOP('',(#6497));
#6497 = ORIENTED_EDGE('',*,*,#6498,.T.);
#6498 = EDGE_CURVE('',#6499,#6499,#6501,.T.);
#6499 = VERTEX_POINT('',#6500);
#6500 = CARTESIAN_POINT('',(87.36,-50.7125,1.51));
#6501 = CIRCLE('',#6502,1.5);
#6502 = AXIS2_PLACEMENT_3D('',#6503,#6504,#6505);
#6503 = CARTESIAN_POINT('',(87.36,-49.2125,1.51));
#6504 = DIRECTION('',(-0.,0.,-1.));
#6505 = DIRECTION('',(-0.,-1.,0.));
#6506 = FACE_BOUND('',#6507,.T.);
#6507 = EDGE_LOOP('',(#6508,#6519,#6528,#6537));
#6508 = ORIENTED_EDGE('',*,*,#6509,.T.);
#6509 = EDGE_CURVE('',#6510,#6512,#6514,.T.);
#6510 = VERTEX_POINT('',#6511);
#6511 = CARTESIAN_POINT('',(90.11,-72.41600121424,1.51));
#6512 = VERTEX_POINT('',#6513);
#6513 = CARTESIAN_POINT('',(90.32,-74.2925,1.51));
#6514 = CIRCLE('',#6515,0.95);
#6515 = AXIS2_PLACEMENT_3D('',#6516,#6517,#6518);
#6516 = CARTESIAN_POINT('',(90.32,-73.3425,1.51));
#6517 = DIRECTION('',(-0.,0.,-1.));
#6518 = DIRECTION('',(-0.,-1.,0.));
#6519 = ORIENTED_EDGE('',*,*,#6520,.T.);
#6520 = EDGE_CURVE('',#6512,#6521,#6523,.T.);
#6521 = VERTEX_POINT('',#6522);
#6522 = CARTESIAN_POINT('',(90.11,-74.26899878575,1.51));
#6523 = CIRCLE('',#6524,0.95);
#6524 = AXIS2_PLACEMENT_3D('',#6525,#6526,#6527);
#6525 = CARTESIAN_POINT('',(90.32,-73.3425,1.51));
#6526 = DIRECTION('',(-0.,0.,-1.));
#6527 = DIRECTION('',(-0.,-1.,0.));
#6528 = ORIENTED_EDGE('',*,*,#6529,.T.);
#6529 = EDGE_CURVE('',#6521,#6530,#6532,.T.);
#6530 = VERTEX_POINT('',#6531);
#6531 = CARTESIAN_POINT('',(89.9,-74.2925,1.51));
#6532 = CIRCLE('',#6533,0.95);
#6533 = AXIS2_PLACEMENT_3D('',#6534,#6535,#6536);
#6534 = CARTESIAN_POINT('',(89.9,-73.3425,1.51));
#6535 = DIRECTION('',(-0.,0.,-1.));
#6536 = DIRECTION('',(-0.,-1.,0.));
#6537 = ORIENTED_EDGE('',*,*,#6538,.T.);
#6538 = EDGE_CURVE('',#6530,#6510,#6539,.T.);
#6539 = CIRCLE('',#6540,0.95);
#6540 = AXIS2_PLACEMENT_3D('',#6541,#6542,#6543);
#6541 = CARTESIAN_POINT('',(89.9,-73.3425,1.51));
#6542 = DIRECTION('',(-0.,0.,-1.));
#6543 = DIRECTION('',(-0.,-1.,0.));
#6544 = FACE_BOUND('',#6545,.T.);
#6545 = EDGE_LOOP('',(#6546));
#6546 = ORIENTED_EDGE('',*,*,#6547,.T.);
#6547 = EDGE_CURVE('',#6548,#6548,#6550,.T.);
#6548 = VERTEX_POINT('',#6549);
#6549 = CARTESIAN_POINT('',(98.87,-74.7325,1.51));
#6550 = CIRCLE('',#6551,1.5);
#6551 = AXIS2_PLACEMENT_3D('',#6552,#6553,#6554);
#6552 = CARTESIAN_POINT('',(98.87,-73.2325,1.51));
#6553 = DIRECTION('',(-0.,0.,-1.));
#6554 = DIRECTION('',(-0.,-1.,0.));
#6555 = FACE_BOUND('',#6556,.T.);
#6556 = EDGE_LOOP('',(#6557));
#6557 = ORIENTED_EDGE('',*,*,#6558,.T.);
#6558 = EDGE_CURVE('',#6559,#6559,#6561,.T.);
#6559 = VERTEX_POINT('',#6560);
#6560 = CARTESIAN_POINT('',(103.87,-76.9325,1.51));
#6561 = CIRCLE('',#6562,1.5);
#6562 = AXIS2_PLACEMENT_3D('',#6563,#6564,#6565);
#6563 = CARTESIAN_POINT('',(103.87,-75.4325,1.51));
#6564 = DIRECTION('',(-0.,0.,-1.));
#6565 = DIRECTION('',(-0.,-1.,0.));
#6566 = FACE_BOUND('',#6567,.T.);
#6567 = EDGE_LOOP('',(#6568,#6579,#6588,#6597));
#6568 = ORIENTED_EDGE('',*,*,#6569,.T.);
#6569 = EDGE_CURVE('',#6570,#6572,#6574,.T.);
#6570 = VERTEX_POINT('',#6571);
#6571 = CARTESIAN_POINT('',(98.58,-68.60600121424,1.51));
#6572 = VERTEX_POINT('',#6573);
#6573 = CARTESIAN_POINT('',(98.79,-70.4825,1.51));
#6574 = CIRCLE('',#6575,0.95);
#6575 = AXIS2_PLACEMENT_3D('',#6576,#6577,#6578);
#6576 = CARTESIAN_POINT('',(98.79,-69.5325,1.51));
#6577 = DIRECTION('',(-0.,0.,-1.));
#6578 = DIRECTION('',(1.495879443705E-14,-1.,-0.));
#6579 = ORIENTED_EDGE('',*,*,#6580,.T.);
#6580 = EDGE_CURVE('',#6572,#6581,#6583,.T.);
#6581 = VERTEX_POINT('',#6582);
#6582 = CARTESIAN_POINT('',(98.58,-70.45899878575,1.51));
#6583 = CIRCLE('',#6584,0.95);
#6584 = AXIS2_PLACEMENT_3D('',#6585,#6586,#6587);
#6585 = CARTESIAN_POINT('',(98.79,-69.5325,1.51));
#6586 = DIRECTION('',(-0.,0.,-1.));
#6587 = DIRECTION('',(1.495879443705E-14,-1.,-0.));
#6588 = ORIENTED_EDGE('',*,*,#6589,.T.);
#6589 = EDGE_CURVE('',#6581,#6590,#6592,.T.);
#6590 = VERTEX_POINT('',#6591);
#6591 = CARTESIAN_POINT('',(98.37,-70.4825,1.51));
#6592 = CIRCLE('',#6593,0.95);
#6593 = AXIS2_PLACEMENT_3D('',#6594,#6595,#6596);
#6594 = CARTESIAN_POINT('',(98.37,-69.5325,1.51));
#6595 = DIRECTION('',(-0.,0.,-1.));
#6596 = DIRECTION('',(-0.,-1.,0.));
#6597 = ORIENTED_EDGE('',*,*,#6598,.T.);
#6598 = EDGE_CURVE('',#6590,#6570,#6599,.T.);
#6599 = CIRCLE('',#6600,0.95);
#6600 = AXIS2_PLACEMENT_3D('',#6601,#6602,#6603);
#6601 = CARTESIAN_POINT('',(98.37,-69.5325,1.51));
#6602 = DIRECTION('',(-0.,0.,-1.));
#6603 = DIRECTION('',(-0.,-1.,0.));
#6604 = FACE_BOUND('',#6605,.T.);
#6605 = EDGE_LOOP('',(#6606));
#6606 = ORIENTED_EDGE('',*,*,#6607,.T.);
#6607 = EDGE_CURVE('',#6608,#6608,#6610,.T.);
#6608 = VERTEX_POINT('',#6609);
#6609 = CARTESIAN_POINT('',(103.87,-71.5825,1.51));
#6610 = CIRCLE('',#6611,2.05);
#6611 = AXIS2_PLACEMENT_3D('',#6612,#6613,#6614);
#6612 = CARTESIAN_POINT('',(103.87,-69.5325,1.51));
#6613 = DIRECTION('',(-0.,0.,-1.));
#6614 = DIRECTION('',(-0.,-1.,0.));
#6615 = FACE_BOUND('',#6616,.T.);
#6616 = EDGE_LOOP('',(#6617));
#6617 = ORIENTED_EDGE('',*,*,#6618,.T.);
#6618 = EDGE_CURVE('',#6619,#6619,#6621,.T.);
#6619 = VERTEX_POINT('',#6620);
#6620 = CARTESIAN_POINT('',(100.06,-68.4925,1.51));
#6621 = CIRCLE('',#6622,1.5);
#6622 = AXIS2_PLACEMENT_3D('',#6623,#6624,#6625);
#6623 = CARTESIAN_POINT('',(100.06,-66.9925,1.51));
#6624 = DIRECTION('',(-0.,0.,-1.));
#6625 = DIRECTION('',(-0.,-1.,0.));
#6626 = FACE_BOUND('',#6627,.T.);
#6627 = EDGE_LOOP('',(#6628,#6639,#6648,#6657));
#6628 = ORIENTED_EDGE('',*,*,#6629,.T.);
#6629 = EDGE_CURVE('',#6630,#6632,#6634,.T.);
#6630 = VERTEX_POINT('',#6631);
#6631 = CARTESIAN_POINT('',(109.16,-68.60600121424,1.51));
#6632 = VERTEX_POINT('',#6633);
#6633 = CARTESIAN_POINT('',(109.37,-70.4825,1.51));
#6634 = CIRCLE('',#6635,0.95);
#6635 = AXIS2_PLACEMENT_3D('',#6636,#6637,#6638);
#6636 = CARTESIAN_POINT('',(109.37,-69.5325,1.51));
#6637 = DIRECTION('',(-0.,0.,-1.));
#6638 = DIRECTION('',(-0.,-1.,0.));
#6639 = ORIENTED_EDGE('',*,*,#6640,.T.);
#6640 = EDGE_CURVE('',#6632,#6641,#6643,.T.);
#6641 = VERTEX_POINT('',#6642);
#6642 = CARTESIAN_POINT('',(109.16,-70.45899878575,1.51));
#6643 = CIRCLE('',#6644,0.95);
#6644 = AXIS2_PLACEMENT_3D('',#6645,#6646,#6647);
#6645 = CARTESIAN_POINT('',(109.37,-69.5325,1.51));
#6646 = DIRECTION('',(-0.,0.,-1.));
#6647 = DIRECTION('',(-0.,-1.,0.));
#6648 = ORIENTED_EDGE('',*,*,#6649,.T.);
#6649 = EDGE_CURVE('',#6641,#6650,#6652,.T.);
#6650 = VERTEX_POINT('',#6651);
#6651 = CARTESIAN_POINT('',(108.95,-70.4825,1.51));
#6652 = CIRCLE('',#6653,0.95);
#6653 = AXIS2_PLACEMENT_3D('',#6654,#6655,#6656);
#6654 = CARTESIAN_POINT('',(108.95,-69.5325,1.51));
#6655 = DIRECTION('',(-0.,0.,-1.));
#6656 = DIRECTION('',(-0.,-1.,0.));
#6657 = ORIENTED_EDGE('',*,*,#6658,.T.);
#6658 = EDGE_CURVE('',#6650,#6630,#6659,.T.);
#6659 = CIRCLE('',#6660,0.95);
#6660 = AXIS2_PLACEMENT_3D('',#6661,#6662,#6663);
#6661 = CARTESIAN_POINT('',(108.95,-69.5325,1.51));
#6662 = DIRECTION('',(-0.,0.,-1.));
#6663 = DIRECTION('',(-0.,-1.,0.));
#6664 = FACE_BOUND('',#6665,.T.);
#6665 = EDGE_LOOP('',(#6666));
#6666 = ORIENTED_EDGE('',*,*,#6667,.T.);
#6667 = EDGE_CURVE('',#6668,#6668,#6670,.T.);
#6668 = VERTEX_POINT('',#6669);
#6669 = CARTESIAN_POINT('',(117.92,-71.875,1.51));
#6670 = CIRCLE('',#6671,1.5);
#6671 = AXIS2_PLACEMENT_3D('',#6672,#6673,#6674);
#6672 = CARTESIAN_POINT('',(117.92,-70.375,1.51));
#6673 = DIRECTION('',(-0.,0.,-1.));
#6674 = DIRECTION('',(-0.,-1.,0.));
#6675 = FACE_BOUND('',#6676,.T.);
#6676 = EDGE_LOOP('',(#6677));
#6677 = ORIENTED_EDGE('',*,*,#6678,.T.);
#6678 = EDGE_CURVE('',#6679,#6679,#6681,.T.);
#6679 = VERTEX_POINT('',#6680);
#6680 = CARTESIAN_POINT('',(106.41,-65.9525,1.51));
#6681 = CIRCLE('',#6682,1.5);
#6682 = AXIS2_PLACEMENT_3D('',#6683,#6684,#6685);
#6683 = CARTESIAN_POINT('',(106.41,-64.4525,1.51));
#6684 = DIRECTION('',(-0.,0.,-1.));
#6685 = DIRECTION('',(-0.,-1.,0.));
#6686 = FACE_BOUND('',#6687,.T.);
#6687 = EDGE_LOOP('',(#6688,#6699,#6708,#6717));
#6688 = ORIENTED_EDGE('',*,*,#6689,.T.);
#6689 = EDGE_CURVE('',#6690,#6692,#6694,.T.);
#6690 = VERTEX_POINT('',#6691);
#6691 = CARTESIAN_POINT('',(117.63,-65.74850121424,1.51));
#6692 = VERTEX_POINT('',#6693);
#6693 = CARTESIAN_POINT('',(117.84,-67.625,1.51));
#6694 = CIRCLE('',#6695,0.95);
#6695 = AXIS2_PLACEMENT_3D('',#6696,#6697,#6698);
#6696 = CARTESIAN_POINT('',(117.84,-66.675,1.51));
#6697 = DIRECTION('',(-0.,0.,-1.));
#6698 = DIRECTION('',(-0.,-1.,0.));
#6699 = ORIENTED_EDGE('',*,*,#6700,.T.);
#6700 = EDGE_CURVE('',#6692,#6701,#6703,.T.);
#6701 = VERTEX_POINT('',#6702);
#6702 = CARTESIAN_POINT('',(117.63,-67.60149878575,1.51));
#6703 = CIRCLE('',#6704,0.95);
#6704 = AXIS2_PLACEMENT_3D('',#6705,#6706,#6707);
#6705 = CARTESIAN_POINT('',(117.84,-66.675,1.51));
#6706 = DIRECTION('',(-0.,0.,-1.));
#6707 = DIRECTION('',(-0.,-1.,0.));
#6708 = ORIENTED_EDGE('',*,*,#6709,.T.);
#6709 = EDGE_CURVE('',#6701,#6710,#6712,.T.);
#6710 = VERTEX_POINT('',#6711);
#6711 = CARTESIAN_POINT('',(117.42,-67.625,1.51));
#6712 = CIRCLE('',#6713,0.95);
#6713 = AXIS2_PLACEMENT_3D('',#6714,#6715,#6716);
#6714 = CARTESIAN_POINT('',(117.42,-66.675,1.51));
#6715 = DIRECTION('',(-0.,0.,-1.));
#6716 = DIRECTION('',(-0.,-1.,0.));
#6717 = ORIENTED_EDGE('',*,*,#6718,.T.);
#6718 = EDGE_CURVE('',#6710,#6690,#6719,.T.);
#6719 = CIRCLE('',#6720,0.95);
#6720 = AXIS2_PLACEMENT_3D('',#6721,#6722,#6723);
#6721 = CARTESIAN_POINT('',(117.42,-66.675,1.51));
#6722 = DIRECTION('',(-0.,0.,-1.));
#6723 = DIRECTION('',(-0.,-1.,0.));
#6724 = FACE_BOUND('',#6725,.T.);
#6725 = EDGE_LOOP('',(#6726));
#6726 = ORIENTED_EDGE('',*,*,#6727,.T.);
#6727 = EDGE_CURVE('',#6728,#6728,#6730,.T.);
#6728 = VERTEX_POINT('',#6729);
#6729 = CARTESIAN_POINT('',(119.11,-65.635,1.51));
#6730 = CIRCLE('',#6731,1.5);
#6731 = AXIS2_PLACEMENT_3D('',#6732,#6733,#6734);
#6732 = CARTESIAN_POINT('',(119.11,-64.135,1.51));
#6733 = DIRECTION('',(-0.,0.,-1.));
#6734 = DIRECTION('',(-0.,-1.,0.));
#6735 = FACE_BOUND('',#6736,.T.);
#6736 = EDGE_LOOP('',(#6737));
#6737 = ORIENTED_EDGE('',*,*,#6738,.T.);
#6738 = EDGE_CURVE('',#6739,#6739,#6741,.T.);
#6739 = VERTEX_POINT('',#6740);
#6740 = CARTESIAN_POINT('',(103.87,-57.8825,1.51));
#6741 = CIRCLE('',#6742,1.5);
#6742 = AXIS2_PLACEMENT_3D('',#6743,#6744,#6745);
#6743 = CARTESIAN_POINT('',(103.87,-56.3825,1.51));
#6744 = DIRECTION('',(-0.,0.,-1.));
#6745 = DIRECTION('',(-0.,-1.,0.));
#6746 = FACE_BOUND('',#6747,.T.);
#6747 = EDGE_LOOP('',(#6748,#6759,#6768,#6777));
#6748 = ORIENTED_EDGE('',*,*,#6749,.T.);
#6749 = EDGE_CURVE('',#6750,#6752,#6754,.T.);
#6750 = VERTEX_POINT('',#6751);
#6751 = CARTESIAN_POINT('',(90.11,-53.36600121424,1.51));
#6752 = VERTEX_POINT('',#6753);
#6753 = CARTESIAN_POINT('',(90.32,-55.2425,1.51));
#6754 = CIRCLE('',#6755,0.95);
#6755 = AXIS2_PLACEMENT_3D('',#6756,#6757,#6758);
#6756 = CARTESIAN_POINT('',(90.32,-54.2925,1.51));
#6757 = DIRECTION('',(-0.,0.,-1.));
#6758 = DIRECTION('',(-0.,-1.,0.));
#6759 = ORIENTED_EDGE('',*,*,#6760,.T.);
#6760 = EDGE_CURVE('',#6752,#6761,#6763,.T.);
#6761 = VERTEX_POINT('',#6762);
#6762 = CARTESIAN_POINT('',(90.11,-55.21899878575,1.51));
#6763 = CIRCLE('',#6764,0.95);
#6764 = AXIS2_PLACEMENT_3D('',#6765,#6766,#6767);
#6765 = CARTESIAN_POINT('',(90.32,-54.2925,1.51));
#6766 = DIRECTION('',(-0.,0.,-1.));
#6767 = DIRECTION('',(-0.,-1.,0.));
#6768 = ORIENTED_EDGE('',*,*,#6769,.T.);
#6769 = EDGE_CURVE('',#6761,#6770,#6772,.T.);
#6770 = VERTEX_POINT('',#6771);
#6771 = CARTESIAN_POINT('',(89.9,-55.2425,1.51));
#6772 = CIRCLE('',#6773,0.95);
#6773 = AXIS2_PLACEMENT_3D('',#6774,#6775,#6776);
#6774 = CARTESIAN_POINT('',(89.9,-54.2925,1.51));
#6775 = DIRECTION('',(-0.,0.,-1.));
#6776 = DIRECTION('',(-0.,-1.,0.));
#6777 = ORIENTED_EDGE('',*,*,#6778,.T.);
#6778 = EDGE_CURVE('',#6770,#6750,#6779,.T.);
#6779 = CIRCLE('',#6780,0.95);
#6780 = AXIS2_PLACEMENT_3D('',#6781,#6782,#6783);
#6781 = CARTESIAN_POINT('',(89.9,-54.2925,1.51));
#6782 = DIRECTION('',(-0.,0.,-1.));
#6783 = DIRECTION('',(-0.,-1.,0.));
#6784 = FACE_BOUND('',#6785,.T.);
#6785 = EDGE_LOOP('',(#6786));
#6786 = ORIENTED_EDGE('',*,*,#6787,.T.);
#6787 = EDGE_CURVE('',#6788,#6788,#6790,.T.);
#6788 = VERTEX_POINT('',#6789);
#6789 = CARTESIAN_POINT('',(98.87,-55.6825,1.51));
#6790 = CIRCLE('',#6791,1.5);
#6791 = AXIS2_PLACEMENT_3D('',#6792,#6793,#6794);
#6792 = CARTESIAN_POINT('',(98.87,-54.1825,1.51));
#6793 = DIRECTION('',(-0.,0.,-1.));
#6794 = DIRECTION('',(-0.,-1.,0.));
#6795 = FACE_BOUND('',#6796,.T.);
#6796 = EDGE_LOOP('',(#6797,#6808,#6817,#6826));
#6797 = ORIENTED_EDGE('',*,*,#6798,.T.);
#6798 = EDGE_CURVE('',#6799,#6801,#6803,.T.);
#6799 = VERTEX_POINT('',#6800);
#6800 = CARTESIAN_POINT('',(98.58,-49.55600121424,1.51));
#6801 = VERTEX_POINT('',#6802);
#6802 = CARTESIAN_POINT('',(98.79,-51.4325,1.51));
#6803 = CIRCLE('',#6804,0.95);
#6804 = AXIS2_PLACEMENT_3D('',#6805,#6806,#6807);
#6805 = CARTESIAN_POINT('',(98.79,-50.4825,1.51));
#6806 = DIRECTION('',(-0.,0.,-1.));
#6807 = DIRECTION('',(1.495879443705E-14,-1.,-0.));
#6808 = ORIENTED_EDGE('',*,*,#6809,.T.);
#6809 = EDGE_CURVE('',#6801,#6810,#6812,.T.);
#6810 = VERTEX_POINT('',#6811);
#6811 = CARTESIAN_POINT('',(98.58,-51.40899878575,1.51));
#6812 = CIRCLE('',#6813,0.95);
#6813 = AXIS2_PLACEMENT_3D('',#6814,#6815,#6816);
#6814 = CARTESIAN_POINT('',(98.79,-50.4825,1.51));
#6815 = DIRECTION('',(-0.,0.,-1.));
#6816 = DIRECTION('',(1.495879443705E-14,-1.,-0.));
#6817 = ORIENTED_EDGE('',*,*,#6818,.T.);
#6818 = EDGE_CURVE('',#6810,#6819,#6821,.T.);
#6819 = VERTEX_POINT('',#6820);
#6820 = CARTESIAN_POINT('',(98.37,-51.4325,1.51));
#6821 = CIRCLE('',#6822,0.95);
#6822 = AXIS2_PLACEMENT_3D('',#6823,#6824,#6825);
#6823 = CARTESIAN_POINT('',(98.37,-50.4825,1.51));
#6824 = DIRECTION('',(-0.,0.,-1.));
#6825 = DIRECTION('',(-0.,-1.,0.));
#6826 = ORIENTED_EDGE('',*,*,#6827,.T.);
#6827 = EDGE_CURVE('',#6819,#6799,#6828,.T.);
#6828 = CIRCLE('',#6829,0.95);
#6829 = AXIS2_PLACEMENT_3D('',#6830,#6831,#6832);
#6830 = CARTESIAN_POINT('',(98.37,-50.4825,1.51));
#6831 = DIRECTION('',(-0.,0.,-1.));
#6832 = DIRECTION('',(-0.,-1.,0.));
#6833 = FACE_BOUND('',#6834,.T.);
#6834 = EDGE_LOOP('',(#6835));
#6835 = ORIENTED_EDGE('',*,*,#6836,.T.);
#6836 = EDGE_CURVE('',#6837,#6837,#6839,.T.);
#6837 = VERTEX_POINT('',#6838);
#6838 = CARTESIAN_POINT('',(103.87,-52.5325,1.51));
#6839 = CIRCLE('',#6840,2.05);
#6840 = AXIS2_PLACEMENT_3D('',#6841,#6842,#6843);
#6841 = CARTESIAN_POINT('',(103.87,-50.4825,1.51));
#6842 = DIRECTION('',(-0.,0.,-1.));
#6843 = DIRECTION('',(-0.,-1.,0.));
#6844 = FACE_BOUND('',#6845,.T.);
#6845 = EDGE_LOOP('',(#6846,#6857,#6866,#6875));
#6846 = ORIENTED_EDGE('',*,*,#6847,.T.);
#6847 = EDGE_CURVE('',#6848,#6850,#6852,.T.);
#6848 = VERTEX_POINT('',#6849);
#6849 = CARTESIAN_POINT('',(109.16,-49.55600121424,1.51));
#6850 = VERTEX_POINT('',#6851);
#6851 = CARTESIAN_POINT('',(109.37,-51.4325,1.51));
#6852 = CIRCLE('',#6853,0.95);
#6853 = AXIS2_PLACEMENT_3D('',#6854,#6855,#6856);
#6854 = CARTESIAN_POINT('',(109.37,-50.4825,1.51));
#6855 = DIRECTION('',(-0.,0.,-1.));
#6856 = DIRECTION('',(-0.,-1.,0.));
#6857 = ORIENTED_EDGE('',*,*,#6858,.T.);
#6858 = EDGE_CURVE('',#6850,#6859,#6861,.T.);
#6859 = VERTEX_POINT('',#6860);
#6860 = CARTESIAN_POINT('',(109.16,-51.40899878575,1.51));
#6861 = CIRCLE('',#6862,0.95);
#6862 = AXIS2_PLACEMENT_3D('',#6863,#6864,#6865);
#6863 = CARTESIAN_POINT('',(109.37,-50.4825,1.51));
#6864 = DIRECTION('',(-0.,0.,-1.));
#6865 = DIRECTION('',(-0.,-1.,0.));
#6866 = ORIENTED_EDGE('',*,*,#6867,.T.);
#6867 = EDGE_CURVE('',#6859,#6868,#6870,.T.);
#6868 = VERTEX_POINT('',#6869);
#6869 = CARTESIAN_POINT('',(108.95,-51.4325,1.51));
#6870 = CIRCLE('',#6871,0.95);
#6871 = AXIS2_PLACEMENT_3D('',#6872,#6873,#6874);
#6872 = CARTESIAN_POINT('',(108.95,-50.4825,1.51));
#6873 = DIRECTION('',(-0.,0.,-1.));
#6874 = DIRECTION('',(-0.,-1.,0.));
#6875 = ORIENTED_EDGE('',*,*,#6876,.T.);
#6876 = EDGE_CURVE('',#6868,#6848,#6877,.T.);
#6877 = CIRCLE('',#6878,0.95);
#6878 = AXIS2_PLACEMENT_3D('',#6879,#6880,#6881);
#6879 = CARTESIAN_POINT('',(108.95,-50.4825,1.51));
#6880 = DIRECTION('',(-0.,0.,-1.));
#6881 = DIRECTION('',(-0.,-1.,0.));
#6882 = FACE_BOUND('',#6883,.T.);
#6883 = EDGE_LOOP('',(#6884));
#6884 = ORIENTED_EDGE('',*,*,#6885,.T.);
#6885 = EDGE_CURVE('',#6886,#6886,#6888,.T.);
#6886 = VERTEX_POINT('',#6887);
#6887 = CARTESIAN_POINT('',(117.92,-52.825,1.51));
#6888 = CIRCLE('',#6889,1.5);
#6889 = AXIS2_PLACEMENT_3D('',#6890,#6891,#6892);
#6890 = CARTESIAN_POINT('',(117.92,-51.325,1.51));
#6891 = DIRECTION('',(-0.,0.,-1.));
#6892 = DIRECTION('',(-0.,-1.,0.));
#6893 = FACE_BOUND('',#6894,.T.);
#6894 = EDGE_LOOP('',(#6895));
#6895 = ORIENTED_EDGE('',*,*,#6896,.T.);
#6896 = EDGE_CURVE('',#6897,#6897,#6899,.T.);
#6897 = VERTEX_POINT('',#6898);
#6898 = CARTESIAN_POINT('',(57.2115,-47.1675,1.51));
#6899 = CIRCLE('',#6900,0.4445);
#6900 = AXIS2_PLACEMENT_3D('',#6901,#6902,#6903);
#6901 = CARTESIAN_POINT('',(57.2115,-46.723,1.51));
#6902 = DIRECTION('',(-0.,0.,-1.));
#6903 = DIRECTION('',(-0.,-1.,0.));
#6904 = FACE_BOUND('',#6905,.T.);
#6905 = EDGE_LOOP('',(#6906));
#6906 = ORIENTED_EDGE('',*,*,#6907,.T.);
#6907 = EDGE_CURVE('',#6908,#6908,#6910,.T.);
#6908 = VERTEX_POINT('',#6909);
#6909 = CARTESIAN_POINT('',(57.2115,-44.6275,1.51));
#6910 = CIRCLE('',#6911,0.4445);
#6911 = AXIS2_PLACEMENT_3D('',#6912,#6913,#6914);
#6912 = CARTESIAN_POINT('',(57.2115,-44.183,1.51));
#6913 = DIRECTION('',(-0.,0.,-1.));
#6914 = DIRECTION('',(-0.,-1.,0.));
#6915 = FACE_BOUND('',#6916,.T.);
#6916 = EDGE_LOOP('',(#6917));
#6917 = ORIENTED_EDGE('',*,*,#6918,.T.);
#6918 = EDGE_CURVE('',#6919,#6919,#6921,.T.);
#6919 = VERTEX_POINT('',#6920);
#6920 = CARTESIAN_POINT('',(72.4515,-47.1675,1.51));
#6921 = CIRCLE('',#6922,0.4445);
#6922 = AXIS2_PLACEMENT_3D('',#6923,#6924,#6925);
#6923 = CARTESIAN_POINT('',(72.4515,-46.723,1.51));
#6924 = DIRECTION('',(-0.,0.,-1.));
#6925 = DIRECTION('',(-3.197042680585E-14,-1.,0.));
#6926 = FACE_BOUND('',#6927,.T.);
#6927 = EDGE_LOOP('',(#6928));
#6928 = ORIENTED_EDGE('',*,*,#6929,.T.);
#6929 = EDGE_CURVE('',#6930,#6930,#6932,.T.);
#6930 = VERTEX_POINT('',#6931);
#6931 = CARTESIAN_POINT('',(72.4515,-44.6275,1.51));
#6932 = CIRCLE('',#6933,0.4445);
#6933 = AXIS2_PLACEMENT_3D('',#6934,#6935,#6936);
#6934 = CARTESIAN_POINT('',(72.4515,-44.183,1.51));
#6935 = DIRECTION('',(-0.,0.,-1.));
#6936 = DIRECTION('',(-3.197042680585E-14,-1.,0.));
#6937 = FACE_BOUND('',#6938,.T.);
#6938 = EDGE_LOOP('',(#6939));
#6939 = ORIENTED_EDGE('',*,*,#6940,.T.);
#6940 = EDGE_CURVE('',#6941,#6941,#6943,.T.);
#6941 = VERTEX_POINT('',#6942);
#6942 = CARTESIAN_POINT('',(57.2115,-42.0875,1.51));
#6943 = CIRCLE('',#6944,0.4445);
#6944 = AXIS2_PLACEMENT_3D('',#6945,#6946,#6947);
#6945 = CARTESIAN_POINT('',(57.2115,-41.643,1.51));
#6946 = DIRECTION('',(-0.,0.,-1.));
#6947 = DIRECTION('',(-0.,-1.,0.));
#6948 = FACE_BOUND('',#6949,.T.);
#6949 = EDGE_LOOP('',(#6950));
#6950 = ORIENTED_EDGE('',*,*,#6951,.T.);
#6951 = EDGE_CURVE('',#6952,#6952,#6954,.T.);
#6952 = VERTEX_POINT('',#6953);
#6953 = CARTESIAN_POINT('',(57.2115,-39.5475,1.51));
#6954 = CIRCLE('',#6955,0.4445);
#6955 = AXIS2_PLACEMENT_3D('',#6956,#6957,#6958);
#6956 = CARTESIAN_POINT('',(57.2115,-39.103,1.51));
#6957 = DIRECTION('',(-0.,0.,-1.));
#6958 = DIRECTION('',(-0.,-1.,0.));
#6959 = FACE_BOUND('',#6960,.T.);
#6960 = EDGE_LOOP('',(#6961,#6972,#6980,#6989,#6997,#7006,#7014,#7023,
    #7032,#7040,#7049,#7058,#7066,#7075));
#6961 = ORIENTED_EDGE('',*,*,#6962,.F.);
#6962 = EDGE_CURVE('',#6963,#6965,#6967,.T.);
#6963 = VERTEX_POINT('',#6964);
#6964 = CARTESIAN_POINT('',(60.8315,-39.102999,1.51));
#6965 = VERTEX_POINT('',#6966);
#6966 = CARTESIAN_POINT('',(60.331501,-39.602999,1.51));
#6967 = CIRCLE('',#6968,0.499999626462);
#6968 = AXIS2_PLACEMENT_3D('',#6969,#6970,#6971);
#6969 = CARTESIAN_POINT('',(60.831500626462,-39.60299862646,1.51));
#6970 = DIRECTION('',(0.,0.,1.));
#6971 = DIRECTION('',(-1.252924219376E-06,0.999999999999,0.));
#6972 = ORIENTED_EDGE('',*,*,#6973,.F.);
#6973 = EDGE_CURVE('',#6974,#6963,#6976,.T.);
#6974 = VERTEX_POINT('',#6975);
#6975 = CARTESIAN_POINT('',(68.8315,-39.103,1.51));
#6976 = LINE('',#6977,#6978);
#6977 = CARTESIAN_POINT('',(68.8315,-39.103,1.51));
#6978 = VECTOR('',#6979,1.);
#6979 = DIRECTION('',(-1.,1.250000005726E-07,0.));
#6980 = ORIENTED_EDGE('',*,*,#6981,.F.);
#6981 = EDGE_CURVE('',#6982,#6974,#6984,.T.);
#6982 = VERTEX_POINT('',#6983);
#6983 = CARTESIAN_POINT('',(69.331499,-39.603,1.51));
#6984 = CIRCLE('',#6985,0.499999626462);
#6985 = AXIS2_PLACEMENT_3D('',#6986,#6987,#6988);
#6986 = CARTESIAN_POINT('',(68.831499373538,-39.60299962646,1.51));
#6987 = DIRECTION('',(0.,0.,1.));
#6988 = DIRECTION('',(1.,-7.470777813197E-07,0.));
#6989 = ORIENTED_EDGE('',*,*,#6990,.F.);
#6990 = EDGE_CURVE('',#6991,#6982,#6993,.T.);
#6991 = VERTEX_POINT('',#6992);
#6992 = CARTESIAN_POINT('',(69.331499,-44.003,1.51));
#6993 = LINE('',#6994,#6995);
#6994 = CARTESIAN_POINT('',(69.331499,-44.003,1.51));
#6995 = VECTOR('',#6996,1.);
#6996 = DIRECTION('',(0.,1.,0.));
#6997 = ORIENTED_EDGE('',*,*,#6998,.F.);
#6998 = EDGE_CURVE('',#6999,#6991,#7001,.T.);
#6999 = VERTEX_POINT('',#7000);
#7000 = CARTESIAN_POINT('',(68.8315,-44.502999,1.51));
#7001 = CIRCLE('',#7002,0.499997919359);
#7002 = AXIS2_PLACEMENT_3D('',#7003,#7004,#7005);
#7003 = CARTESIAN_POINT('',(68.831501080642,-44.00300108064,1.51));
#7004 = DIRECTION('',(0.,0.,1.));
#7005 = DIRECTION('',(-2.161292725286E-06,-0.999999999998,0.));
#7006 = ORIENTED_EDGE('',*,*,#7007,.F.);
#7007 = EDGE_CURVE('',#7008,#6999,#7010,.T.);
#7008 = VERTEX_POINT('',#7009);
#7009 = CARTESIAN_POINT('',(66.323431237141,-44.502999,1.51));
#7010 = LINE('',#7011,#7012);
#7011 = CARTESIAN_POINT('',(60.8315,-44.502999,1.51));
#7012 = VECTOR('',#7013,1.);
#7013 = DIRECTION('',(1.,0.,0.));
#7014 = ORIENTED_EDGE('',*,*,#7015,.T.);
#7015 = EDGE_CURVE('',#7008,#7016,#7018,.T.);
#7016 = VERTEX_POINT('',#7017);
#7017 = CARTESIAN_POINT('',(65.837512,-45.120823,1.51));
#7018 = CIRCLE('',#7019,0.5);
#7019 = AXIS2_PLACEMENT_3D('',#7020,#7021,#7022);
#7020 = CARTESIAN_POINT('',(65.837512,-44.620823,1.51));
#7021 = DIRECTION('',(-0.,0.,-1.));
#7022 = DIRECTION('',(-0.,-1.,0.));
#7023 = ORIENTED_EDGE('',*,*,#7024,.T.);
#7024 = EDGE_CURVE('',#7016,#7025,#7027,.T.);
#7025 = VERTEX_POINT('',#7026);
#7026 = CARTESIAN_POINT('',(65.351592762859,-44.502999,1.51));
#7027 = CIRCLE('',#7028,0.5);
#7028 = AXIS2_PLACEMENT_3D('',#7029,#7030,#7031);
#7029 = CARTESIAN_POINT('',(65.837512,-44.620823,1.51));
#7030 = DIRECTION('',(-0.,0.,-1.));
#7031 = DIRECTION('',(-0.,-1.,0.));
#7032 = ORIENTED_EDGE('',*,*,#7033,.F.);
#7033 = EDGE_CURVE('',#7034,#7025,#7036,.T.);
#7034 = VERTEX_POINT('',#7035);
#7035 = CARTESIAN_POINT('',(64.323431237142,-44.502999,1.51));
#7036 = LINE('',#7037,#7038);
#7037 = CARTESIAN_POINT('',(60.8315,-44.502999,1.51));
#7038 = VECTOR('',#7039,1.);
#7039 = DIRECTION('',(1.,0.,0.));
#7040 = ORIENTED_EDGE('',*,*,#7041,.T.);
#7041 = EDGE_CURVE('',#7034,#7042,#7044,.T.);
#7042 = VERTEX_POINT('',#7043);
#7043 = CARTESIAN_POINT('',(63.837512,-45.120823,1.51));
#7044 = CIRCLE('',#7045,0.5);
#7045 = AXIS2_PLACEMENT_3D('',#7046,#7047,#7048);
#7046 = CARTESIAN_POINT('',(63.837512,-44.620823,1.51));
#7047 = DIRECTION('',(-0.,0.,-1.));
#7048 = DIRECTION('',(-1.42108547152E-14,-1.,0.));
#7049 = ORIENTED_EDGE('',*,*,#7050,.T.);
#7050 = EDGE_CURVE('',#7042,#7051,#7053,.T.);
#7051 = VERTEX_POINT('',#7052);
#7052 = CARTESIAN_POINT('',(63.351592762858,-44.502999,1.51));
#7053 = CIRCLE('',#7054,0.5);
#7054 = AXIS2_PLACEMENT_3D('',#7055,#7056,#7057);
#7055 = CARTESIAN_POINT('',(63.837512,-44.620823,1.51));
#7056 = DIRECTION('',(-0.,0.,-1.));
#7057 = DIRECTION('',(-1.42108547152E-14,-1.,0.));
#7058 = ORIENTED_EDGE('',*,*,#7059,.F.);
#7059 = EDGE_CURVE('',#7060,#7051,#7062,.T.);
#7060 = VERTEX_POINT('',#7061);
#7061 = CARTESIAN_POINT('',(60.8315,-44.502999,1.51));
#7062 = LINE('',#7063,#7064);
#7063 = CARTESIAN_POINT('',(60.8315,-44.502999,1.51));
#7064 = VECTOR('',#7065,1.);
#7065 = DIRECTION('',(1.,0.,0.));
#7066 = ORIENTED_EDGE('',*,*,#7067,.F.);
#7067 = EDGE_CURVE('',#7068,#7060,#7070,.T.);
#7068 = VERTEX_POINT('',#7069);
#7069 = CARTESIAN_POINT('',(60.3315,-44.002999,1.51));
#7070 = CIRCLE('',#7071,0.500001333575);
#7071 = AXIS2_PLACEMENT_3D('',#7072,#7073,#7074);
#7072 = CARTESIAN_POINT('',(60.831501333573,-44.00299766642,1.51));
#7073 = DIRECTION('',(0.,0.,1.));
#7074 = DIRECTION('',(-0.999999999996,-2.667139191042E-06,0.));
#7075 = ORIENTED_EDGE('',*,*,#7076,.F.);
#7076 = EDGE_CURVE('',#6965,#7068,#7077,.T.);
#7077 = LINE('',#7078,#7079);
#7078 = CARTESIAN_POINT('',(60.331501,-39.602999,1.51));
#7079 = VECTOR('',#7080,1.);
#7080 = DIRECTION('',(-2.272727283138E-07,-1.,0.));
#7081 = FACE_BOUND('',#7082,.T.);
#7082 = EDGE_LOOP('',(#7083));
#7083 = ORIENTED_EDGE('',*,*,#7084,.T.);
#7084 = EDGE_CURVE('',#7085,#7085,#7087,.T.);
#7085 = VERTEX_POINT('',#7086);
#7086 = CARTESIAN_POINT('',(57.2115,-37.0075,1.51));
#7087 = CIRCLE('',#7088,0.4445);
#7088 = AXIS2_PLACEMENT_3D('',#7089,#7090,#7091);
#7089 = CARTESIAN_POINT('',(57.2115,-36.563,1.51));
#7090 = DIRECTION('',(-0.,0.,-1.));
#7091 = DIRECTION('',(-0.,-1.,0.));
#7092 = FACE_BOUND('',#7093,.T.);
#7093 = EDGE_LOOP('',(#7094));
#7094 = ORIENTED_EDGE('',*,*,#7095,.T.);
#7095 = EDGE_CURVE('',#7096,#7096,#7098,.T.);
#7096 = VERTEX_POINT('',#7097);
#7097 = CARTESIAN_POINT('',(72.4515,-42.0875,1.51));
#7098 = CIRCLE('',#7099,0.4445);
#7099 = AXIS2_PLACEMENT_3D('',#7100,#7101,#7102);
#7100 = CARTESIAN_POINT('',(72.4515,-41.643,1.51));
#7101 = DIRECTION('',(-0.,0.,-1.));
#7102 = DIRECTION('',(-3.197042680585E-14,-1.,0.));
#7103 = FACE_BOUND('',#7104,.T.);
#7104 = EDGE_LOOP('',(#7105));
#7105 = ORIENTED_EDGE('',*,*,#7106,.T.);
#7106 = EDGE_CURVE('',#7107,#7107,#7109,.T.);
#7107 = VERTEX_POINT('',#7108);
#7108 = CARTESIAN_POINT('',(72.4515,-39.5475,1.51));
#7109 = CIRCLE('',#7110,0.4445);
#7110 = AXIS2_PLACEMENT_3D('',#7111,#7112,#7113);
#7111 = CARTESIAN_POINT('',(72.4515,-39.103,1.51));
#7112 = DIRECTION('',(-0.,0.,-1.));
#7113 = DIRECTION('',(-3.197042680585E-14,-1.,0.));
#7114 = FACE_BOUND('',#7115,.T.);
#7115 = EDGE_LOOP('',(#7116));
#7116 = ORIENTED_EDGE('',*,*,#7117,.T.);
#7117 = EDGE_CURVE('',#7118,#7118,#7120,.T.);
#7118 = VERTEX_POINT('',#7119);
#7119 = CARTESIAN_POINT('',(72.4515,-37.0075,1.51));
#7120 = CIRCLE('',#7121,0.4445);
#7121 = AXIS2_PLACEMENT_3D('',#7122,#7123,#7124);
#7122 = CARTESIAN_POINT('',(72.4515,-36.563,1.51));
#7123 = DIRECTION('',(-0.,0.,-1.));
#7124 = DIRECTION('',(-3.197042680585E-14,-1.,0.));
#7125 = FACE_BOUND('',#7126,.T.);
#7126 = EDGE_LOOP('',(#7127));
#7127 = ORIENTED_EDGE('',*,*,#7128,.T.);
#7128 = EDGE_CURVE('',#7129,#7129,#7131,.T.);
#7129 = VERTEX_POINT('',#7130);
#7130 = CARTESIAN_POINT('',(79.82,-40.4425,1.51));
#7131 = CIRCLE('',#7132,1.5);
#7132 = AXIS2_PLACEMENT_3D('',#7133,#7134,#7135);
#7133 = CARTESIAN_POINT('',(79.82,-38.9425,1.51));
#7134 = DIRECTION('',(-0.,0.,-1.));
#7135 = DIRECTION('',(-0.,-1.,0.));
#7136 = FACE_BOUND('',#7137,.T.);
#7137 = EDGE_LOOP('',(#7138));
#7138 = ORIENTED_EDGE('',*,*,#7139,.T.);
#7139 = EDGE_CURVE('',#7140,#7140,#7142,.T.);
#7140 = VERTEX_POINT('',#7141);
#7141 = CARTESIAN_POINT('',(84.82,-42.6425,1.51));
#7142 = CIRCLE('',#7143,1.5);
#7143 = AXIS2_PLACEMENT_3D('',#7144,#7145,#7146);
#7144 = CARTESIAN_POINT('',(84.82,-41.1425,1.51));
#7145 = DIRECTION('',(-0.,0.,-1.));
#7146 = DIRECTION('',(-0.,-1.,0.));
#7147 = FACE_BOUND('',#7148,.T.);
#7148 = EDGE_LOOP('',(#7149));
#7149 = ORIENTED_EDGE('',*,*,#7150,.T.);
#7150 = EDGE_CURVE('',#7151,#7151,#7153,.T.);
#7151 = VERTEX_POINT('',#7152);
#7152 = CARTESIAN_POINT('',(57.2115,-34.4675,1.51));
#7153 = CIRCLE('',#7154,0.4445);
#7154 = AXIS2_PLACEMENT_3D('',#7155,#7156,#7157);
#7155 = CARTESIAN_POINT('',(57.2115,-34.023,1.51));
#7156 = DIRECTION('',(-0.,0.,-1.));
#7157 = DIRECTION('',(-0.,-1.,0.));
#7158 = FACE_BOUND('',#7159,.T.);
#7159 = EDGE_LOOP('',(#7160));
#7160 = ORIENTED_EDGE('',*,*,#7161,.T.);
#7161 = EDGE_CURVE('',#7162,#7162,#7164,.T.);
#7162 = VERTEX_POINT('',#7163);
#7163 = CARTESIAN_POINT('',(57.2115,-31.9275,1.51));
#7164 = CIRCLE('',#7165,0.4445);
#7165 = AXIS2_PLACEMENT_3D('',#7166,#7167,#7168);
#7166 = CARTESIAN_POINT('',(57.2115,-31.483,1.51));
#7167 = DIRECTION('',(-0.,0.,-1.));
#7168 = DIRECTION('',(-0.,-1.,0.));
#7169 = FACE_BOUND('',#7170,.T.);
#7170 = EDGE_LOOP('',(#7171));
#7171 = ORIENTED_EDGE('',*,*,#7172,.T.);
#7172 = EDGE_CURVE('',#7173,#7173,#7175,.T.);
#7173 = VERTEX_POINT('',#7174);
#7174 = CARTESIAN_POINT('',(72.4515,-34.4675,1.51));
#7175 = CIRCLE('',#7176,0.4445);
#7176 = AXIS2_PLACEMENT_3D('',#7177,#7178,#7179);
#7177 = CARTESIAN_POINT('',(72.4515,-34.023,1.51));
#7178 = DIRECTION('',(-0.,0.,-1.));
#7179 = DIRECTION('',(-3.197042680585E-14,-1.,0.));
#7180 = FACE_BOUND('',#7181,.T.);
#7181 = EDGE_LOOP('',(#7182));
#7182 = ORIENTED_EDGE('',*,*,#7183,.T.);
#7183 = EDGE_CURVE('',#7184,#7184,#7186,.T.);
#7184 = VERTEX_POINT('',#7185);
#7185 = CARTESIAN_POINT('',(72.4515,-31.9275,1.51));
#7186 = CIRCLE('',#7187,0.4445);
#7187 = AXIS2_PLACEMENT_3D('',#7188,#7189,#7190);
#7188 = CARTESIAN_POINT('',(72.4515,-31.483,1.51));
#7189 = DIRECTION('',(-0.,0.,-1.));
#7190 = DIRECTION('',(-3.197042680585E-14,-1.,0.));
#7191 = FACE_BOUND('',#7192,.T.);
#7192 = EDGE_LOOP('',(#7193,#7204,#7213,#7222));
#7193 = ORIENTED_EDGE('',*,*,#7194,.T.);
#7194 = EDGE_CURVE('',#7195,#7197,#7199,.T.);
#7195 = VERTEX_POINT('',#7196);
#7196 = CARTESIAN_POINT('',(79.53,-34.31600121424,1.51));
#7197 = VERTEX_POINT('',#7198);
#7198 = CARTESIAN_POINT('',(79.74,-36.1925,1.51));
#7199 = CIRCLE('',#7200,0.95);
#7200 = AXIS2_PLACEMENT_3D('',#7201,#7202,#7203);
#7201 = CARTESIAN_POINT('',(79.74,-35.2425,1.51));
#7202 = DIRECTION('',(-0.,0.,-1.));
#7203 = DIRECTION('',(-1.495879443705E-14,-1.,0.));
#7204 = ORIENTED_EDGE('',*,*,#7205,.T.);
#7205 = EDGE_CURVE('',#7197,#7206,#7208,.T.);
#7206 = VERTEX_POINT('',#7207);
#7207 = CARTESIAN_POINT('',(79.53,-36.16899878575,1.51));
#7208 = CIRCLE('',#7209,0.95);
#7209 = AXIS2_PLACEMENT_3D('',#7210,#7211,#7212);
#7210 = CARTESIAN_POINT('',(79.74,-35.2425,1.51));
#7211 = DIRECTION('',(-0.,0.,-1.));
#7212 = DIRECTION('',(-1.495879443705E-14,-1.,0.));
#7213 = ORIENTED_EDGE('',*,*,#7214,.T.);
#7214 = EDGE_CURVE('',#7206,#7215,#7217,.T.);
#7215 = VERTEX_POINT('',#7216);
#7216 = CARTESIAN_POINT('',(79.32,-36.1925,1.51));
#7217 = CIRCLE('',#7218,0.95);
#7218 = AXIS2_PLACEMENT_3D('',#7219,#7220,#7221);
#7219 = CARTESIAN_POINT('',(79.32,-35.2425,1.51));
#7220 = DIRECTION('',(-0.,0.,-1.));
#7221 = DIRECTION('',(-0.,-1.,0.));
#7222 = ORIENTED_EDGE('',*,*,#7223,.T.);
#7223 = EDGE_CURVE('',#7215,#7195,#7224,.T.);
#7224 = CIRCLE('',#7225,0.95);
#7225 = AXIS2_PLACEMENT_3D('',#7226,#7227,#7228);
#7226 = CARTESIAN_POINT('',(79.32,-35.2425,1.51));
#7227 = DIRECTION('',(-0.,0.,-1.));
#7228 = DIRECTION('',(-0.,-1.,0.));
#7229 = FACE_BOUND('',#7230,.T.);
#7230 = EDGE_LOOP('',(#7231));
#7231 = ORIENTED_EDGE('',*,*,#7232,.T.);
#7232 = EDGE_CURVE('',#7233,#7233,#7235,.T.);
#7233 = VERTEX_POINT('',#7234);
#7234 = CARTESIAN_POINT('',(81.01,-34.2025,1.51));
#7235 = CIRCLE('',#7236,1.5);
#7236 = AXIS2_PLACEMENT_3D('',#7237,#7238,#7239);
#7237 = CARTESIAN_POINT('',(81.01,-32.7025,1.51));
#7238 = DIRECTION('',(-0.,0.,-1.));
#7239 = DIRECTION('',(-0.,-1.,0.));
#7240 = FACE_BOUND('',#7241,.T.);
#7241 = EDGE_LOOP('',(#7242));
#7242 = ORIENTED_EDGE('',*,*,#7243,.T.);
#7243 = EDGE_CURVE('',#7244,#7244,#7246,.T.);
#7244 = VERTEX_POINT('',#7245);
#7245 = CARTESIAN_POINT('',(84.82,-37.2925,1.51));
#7246 = CIRCLE('',#7247,2.05);
#7247 = AXIS2_PLACEMENT_3D('',#7248,#7249,#7250);
#7248 = CARTESIAN_POINT('',(84.82,-35.2425,1.51));
#7249 = DIRECTION('',(-0.,0.,-1.));
#7250 = DIRECTION('',(-0.,-1.,0.));
#7251 = FACE_BOUND('',#7252,.T.);
#7252 = EDGE_LOOP('',(#7253));
#7253 = ORIENTED_EDGE('',*,*,#7254,.T.);
#7254 = EDGE_CURVE('',#7255,#7255,#7257,.T.);
#7255 = VERTEX_POINT('',#7256);
#7256 = CARTESIAN_POINT('',(87.36,-31.6625,1.51));
#7257 = CIRCLE('',#7258,1.5);
#7258 = AXIS2_PLACEMENT_3D('',#7259,#7260,#7261);
#7259 = CARTESIAN_POINT('',(87.36,-30.1625,1.51));
#7260 = DIRECTION('',(-0.,0.,-1.));
#7261 = DIRECTION('',(-0.,-1.,0.));
#7262 = FACE_BOUND('',#7263,.T.);
#7263 = EDGE_LOOP('',(#7264));
#7264 = ORIENTED_EDGE('',*,*,#7265,.T.);
#7265 = EDGE_CURVE('',#7266,#7266,#7268,.T.);
#7266 = VERTEX_POINT('',#7267);
#7267 = CARTESIAN_POINT('',(100.06,-49.4425,1.51));
#7268 = CIRCLE('',#7269,1.5);
#7269 = AXIS2_PLACEMENT_3D('',#7270,#7271,#7272);
#7270 = CARTESIAN_POINT('',(100.06,-47.9425,1.51));
#7271 = DIRECTION('',(-0.,0.,-1.));
#7272 = DIRECTION('',(-0.,-1.,0.));
#7273 = FACE_BOUND('',#7274,.T.);
#7274 = EDGE_LOOP('',(#7275));
#7275 = ORIENTED_EDGE('',*,*,#7276,.T.);
#7276 = EDGE_CURVE('',#7277,#7277,#7279,.T.);
#7277 = VERTEX_POINT('',#7278);
#7278 = CARTESIAN_POINT('',(103.87,-38.8325,1.51));
#7279 = CIRCLE('',#7280,1.5);
#7280 = AXIS2_PLACEMENT_3D('',#7281,#7282,#7283);
#7281 = CARTESIAN_POINT('',(103.87,-37.3325,1.51));
#7282 = DIRECTION('',(-0.,0.,-1.));
#7283 = DIRECTION('',(-0.,-1.,0.));
#7284 = FACE_BOUND('',#7285,.T.);
#7285 = EDGE_LOOP('',(#7286));
#7286 = ORIENTED_EDGE('',*,*,#7287,.T.);
#7287 = EDGE_CURVE('',#7288,#7288,#7290,.T.);
#7288 = VERTEX_POINT('',#7289);
#7289 = CARTESIAN_POINT('',(106.41,-46.9025,1.51));
#7290 = CIRCLE('',#7291,1.5);
#7291 = AXIS2_PLACEMENT_3D('',#7292,#7293,#7294);
#7292 = CARTESIAN_POINT('',(106.41,-45.4025,1.51));
#7293 = DIRECTION('',(-0.,0.,-1.));
#7294 = DIRECTION('',(-0.,-1.,0.));
#7295 = FACE_BOUND('',#7296,.T.);
#7296 = EDGE_LOOP('',(#7297,#7308,#7317,#7326));
#7297 = ORIENTED_EDGE('',*,*,#7298,.T.);
#7298 = EDGE_CURVE('',#7299,#7301,#7303,.T.);
#7299 = VERTEX_POINT('',#7300);
#7300 = CARTESIAN_POINT('',(117.63,-46.69850121424,1.51));
#7301 = VERTEX_POINT('',#7302);
#7302 = CARTESIAN_POINT('',(117.84,-48.575,1.51));
#7303 = CIRCLE('',#7304,0.95);
#7304 = AXIS2_PLACEMENT_3D('',#7305,#7306,#7307);
#7305 = CARTESIAN_POINT('',(117.84,-47.625,1.51));
#7306 = DIRECTION('',(-0.,0.,-1.));
#7307 = DIRECTION('',(-0.,-1.,0.));
#7308 = ORIENTED_EDGE('',*,*,#7309,.T.);
#7309 = EDGE_CURVE('',#7301,#7310,#7312,.T.);
#7310 = VERTEX_POINT('',#7311);
#7311 = CARTESIAN_POINT('',(117.63,-48.55149878575,1.51));
#7312 = CIRCLE('',#7313,0.95);
#7313 = AXIS2_PLACEMENT_3D('',#7314,#7315,#7316);
#7314 = CARTESIAN_POINT('',(117.84,-47.625,1.51));
#7315 = DIRECTION('',(-0.,0.,-1.));
#7316 = DIRECTION('',(-0.,-1.,0.));
#7317 = ORIENTED_EDGE('',*,*,#7318,.T.);
#7318 = EDGE_CURVE('',#7310,#7319,#7321,.T.);
#7319 = VERTEX_POINT('',#7320);
#7320 = CARTESIAN_POINT('',(117.42,-48.575,1.51));
#7321 = CIRCLE('',#7322,0.95);
#7322 = AXIS2_PLACEMENT_3D('',#7323,#7324,#7325);
#7323 = CARTESIAN_POINT('',(117.42,-47.625,1.51));
#7324 = DIRECTION('',(-0.,0.,-1.));
#7325 = DIRECTION('',(-0.,-1.,0.));
#7326 = ORIENTED_EDGE('',*,*,#7327,.T.);
#7327 = EDGE_CURVE('',#7319,#7299,#7328,.T.);
#7328 = CIRCLE('',#7329,0.95);
#7329 = AXIS2_PLACEMENT_3D('',#7330,#7331,#7332);
#7330 = CARTESIAN_POINT('',(117.42,-47.625,1.51));
#7331 = DIRECTION('',(-0.,0.,-1.));
#7332 = DIRECTION('',(-0.,-1.,0.));
#7333 = FACE_BOUND('',#7334,.T.);
#7334 = EDGE_LOOP('',(#7335));
#7335 = ORIENTED_EDGE('',*,*,#7336,.T.);
#7336 = EDGE_CURVE('',#7337,#7337,#7339,.T.);
#7337 = VERTEX_POINT('',#7338);
#7338 = CARTESIAN_POINT('',(119.11,-46.585,1.51));
#7339 = CIRCLE('',#7340,1.5);
#7340 = AXIS2_PLACEMENT_3D('',#7341,#7342,#7343);
#7341 = CARTESIAN_POINT('',(119.11,-45.085,1.51));
#7342 = DIRECTION('',(-0.,0.,-1.));
#7343 = DIRECTION('',(-0.,-1.,0.));
#7344 = FACE_BOUND('',#7345,.T.);
#7345 = EDGE_LOOP('',(#7346,#7357,#7366,#7375));
#7346 = ORIENTED_EDGE('',*,*,#7347,.T.);
#7347 = EDGE_CURVE('',#7348,#7350,#7352,.T.);
#7348 = VERTEX_POINT('',#7349);
#7349 = CARTESIAN_POINT('',(90.11,-34.31600121424,1.51));
#7350 = VERTEX_POINT('',#7351);
#7351 = CARTESIAN_POINT('',(90.32,-36.1925,1.51));
#7352 = CIRCLE('',#7353,0.95);
#7353 = AXIS2_PLACEMENT_3D('',#7354,#7355,#7356);
#7354 = CARTESIAN_POINT('',(90.32,-35.2425,1.51));
#7355 = DIRECTION('',(-0.,0.,-1.));
#7356 = DIRECTION('',(-0.,-1.,0.));
#7357 = ORIENTED_EDGE('',*,*,#7358,.T.);
#7358 = EDGE_CURVE('',#7350,#7359,#7361,.T.);
#7359 = VERTEX_POINT('',#7360);
#7360 = CARTESIAN_POINT('',(90.11,-36.16899878575,1.51));
#7361 = CIRCLE('',#7362,0.95);
#7362 = AXIS2_PLACEMENT_3D('',#7363,#7364,#7365);
#7363 = CARTESIAN_POINT('',(90.32,-35.2425,1.51));
#7364 = DIRECTION('',(-0.,0.,-1.));
#7365 = DIRECTION('',(-0.,-1.,0.));
#7366 = ORIENTED_EDGE('',*,*,#7367,.T.);
#7367 = EDGE_CURVE('',#7359,#7368,#7370,.T.);
#7368 = VERTEX_POINT('',#7369);
#7369 = CARTESIAN_POINT('',(89.9,-36.1925,1.51));
#7370 = CIRCLE('',#7371,0.95);
#7371 = AXIS2_PLACEMENT_3D('',#7372,#7373,#7374);
#7372 = CARTESIAN_POINT('',(89.9,-35.2425,1.51));
#7373 = DIRECTION('',(-0.,0.,-1.));
#7374 = DIRECTION('',(-0.,-1.,0.));
#7375 = ORIENTED_EDGE('',*,*,#7376,.T.);
#7376 = EDGE_CURVE('',#7368,#7348,#7377,.T.);
#7377 = CIRCLE('',#7378,0.95);
#7378 = AXIS2_PLACEMENT_3D('',#7379,#7380,#7381);
#7379 = CARTESIAN_POINT('',(89.9,-35.2425,1.51));
#7380 = DIRECTION('',(-0.,0.,-1.));
#7381 = DIRECTION('',(-0.,-1.,0.));
#7382 = FACE_BOUND('',#7383,.T.);
#7383 = EDGE_LOOP('',(#7384));
#7384 = ORIENTED_EDGE('',*,*,#7385,.T.);
#7385 = EDGE_CURVE('',#7386,#7386,#7388,.T.);
#7386 = VERTEX_POINT('',#7387);
#7387 = CARTESIAN_POINT('',(98.87,-36.6325,1.51));
#7388 = CIRCLE('',#7389,1.5);
#7389 = AXIS2_PLACEMENT_3D('',#7390,#7391,#7392);
#7390 = CARTESIAN_POINT('',(98.87,-35.1325,1.51));
#7391 = DIRECTION('',(-0.,0.,-1.));
#7392 = DIRECTION('',(-0.,-1.,0.));
#7393 = FACE_BOUND('',#7394,.T.);
#7394 = EDGE_LOOP('',(#7395,#7406,#7415,#7424));
#7395 = ORIENTED_EDGE('',*,*,#7396,.T.);
#7396 = EDGE_CURVE('',#7397,#7399,#7401,.T.);
#7397 = VERTEX_POINT('',#7398);
#7398 = CARTESIAN_POINT('',(98.58,-30.50600121424,1.51));
#7399 = VERTEX_POINT('',#7400);
#7400 = CARTESIAN_POINT('',(98.79,-32.3825,1.51));
#7401 = CIRCLE('',#7402,0.95);
#7402 = AXIS2_PLACEMENT_3D('',#7403,#7404,#7405);
#7403 = CARTESIAN_POINT('',(98.79,-31.4325,1.51));
#7404 = DIRECTION('',(-0.,0.,-1.));
#7405 = DIRECTION('',(1.495879443705E-14,-1.,-0.));
#7406 = ORIENTED_EDGE('',*,*,#7407,.T.);
#7407 = EDGE_CURVE('',#7399,#7408,#7410,.T.);
#7408 = VERTEX_POINT('',#7409);
#7409 = CARTESIAN_POINT('',(98.58,-32.35899878575,1.51));
#7410 = CIRCLE('',#7411,0.95);
#7411 = AXIS2_PLACEMENT_3D('',#7412,#7413,#7414);
#7412 = CARTESIAN_POINT('',(98.79,-31.4325,1.51));
#7413 = DIRECTION('',(-0.,0.,-1.));
#7414 = DIRECTION('',(1.495879443705E-14,-1.,-0.));
#7415 = ORIENTED_EDGE('',*,*,#7416,.T.);
#7416 = EDGE_CURVE('',#7408,#7417,#7419,.T.);
#7417 = VERTEX_POINT('',#7418);
#7418 = CARTESIAN_POINT('',(98.37,-32.3825,1.51));
#7419 = CIRCLE('',#7420,0.95);
#7420 = AXIS2_PLACEMENT_3D('',#7421,#7422,#7423);
#7421 = CARTESIAN_POINT('',(98.37,-31.4325,1.51));
#7422 = DIRECTION('',(-0.,0.,-1.));
#7423 = DIRECTION('',(-0.,-1.,0.));
#7424 = ORIENTED_EDGE('',*,*,#7425,.T.);
#7425 = EDGE_CURVE('',#7417,#7397,#7426,.T.);
#7426 = CIRCLE('',#7427,0.95);
#7427 = AXIS2_PLACEMENT_3D('',#7428,#7429,#7430);
#7428 = CARTESIAN_POINT('',(98.37,-31.4325,1.51));
#7429 = DIRECTION('',(-0.,0.,-1.));
#7430 = DIRECTION('',(-0.,-1.,0.));
#7431 = FACE_BOUND('',#7432,.T.);
#7432 = EDGE_LOOP('',(#7433));
#7433 = ORIENTED_EDGE('',*,*,#7434,.T.);
#7434 = EDGE_CURVE('',#7435,#7435,#7437,.T.);
#7435 = VERTEX_POINT('',#7436);
#7436 = CARTESIAN_POINT('',(100.06,-30.3925,1.51));
#7437 = CIRCLE('',#7438,1.5);
#7438 = AXIS2_PLACEMENT_3D('',#7439,#7440,#7441);
#7439 = CARTESIAN_POINT('',(100.06,-28.8925,1.51));
#7440 = DIRECTION('',(-0.,0.,-1.));
#7441 = DIRECTION('',(-0.,-1.,0.));
#7442 = FACE_BOUND('',#7443,.T.);
#7443 = EDGE_LOOP('',(#7444));
#7444 = ORIENTED_EDGE('',*,*,#7445,.T.);
#7445 = EDGE_CURVE('',#7446,#7446,#7448,.T.);
#7446 = VERTEX_POINT('',#7447);
#7447 = CARTESIAN_POINT('',(103.87,-33.4825,1.51));
#7448 = CIRCLE('',#7449,2.05);
#7449 = AXIS2_PLACEMENT_3D('',#7450,#7451,#7452);
#7450 = CARTESIAN_POINT('',(103.87,-31.4325,1.51));
#7451 = DIRECTION('',(-0.,0.,-1.));
#7452 = DIRECTION('',(-0.,-1.,0.));
#7453 = FACE_BOUND('',#7454,.T.);
#7454 = EDGE_LOOP('',(#7455,#7466,#7475,#7484));
#7455 = ORIENTED_EDGE('',*,*,#7456,.T.);
#7456 = EDGE_CURVE('',#7457,#7459,#7461,.T.);
#7457 = VERTEX_POINT('',#7458);
#7458 = CARTESIAN_POINT('',(109.16,-30.50600121424,1.51));
#7459 = VERTEX_POINT('',#7460);
#7460 = CARTESIAN_POINT('',(109.37,-32.3825,1.51));
#7461 = CIRCLE('',#7462,0.95);
#7462 = AXIS2_PLACEMENT_3D('',#7463,#7464,#7465);
#7463 = CARTESIAN_POINT('',(109.37,-31.4325,1.51));
#7464 = DIRECTION('',(-0.,0.,-1.));
#7465 = DIRECTION('',(-0.,-1.,0.));
#7466 = ORIENTED_EDGE('',*,*,#7467,.T.);
#7467 = EDGE_CURVE('',#7459,#7468,#7470,.T.);
#7468 = VERTEX_POINT('',#7469);
#7469 = CARTESIAN_POINT('',(109.16,-32.35899878575,1.51));
#7470 = CIRCLE('',#7471,0.95);
#7471 = AXIS2_PLACEMENT_3D('',#7472,#7473,#7474);
#7472 = CARTESIAN_POINT('',(109.37,-31.4325,1.51));
#7473 = DIRECTION('',(-0.,0.,-1.));
#7474 = DIRECTION('',(-0.,-1.,0.));
#7475 = ORIENTED_EDGE('',*,*,#7476,.T.);
#7476 = EDGE_CURVE('',#7468,#7477,#7479,.T.);
#7477 = VERTEX_POINT('',#7478);
#7478 = CARTESIAN_POINT('',(108.95,-32.3825,1.51));
#7479 = CIRCLE('',#7480,0.95);
#7480 = AXIS2_PLACEMENT_3D('',#7481,#7482,#7483);
#7481 = CARTESIAN_POINT('',(108.95,-31.4325,1.51));
#7482 = DIRECTION('',(-0.,0.,-1.));
#7483 = DIRECTION('',(-0.,-1.,0.));
#7484 = ORIENTED_EDGE('',*,*,#7485,.T.);
#7485 = EDGE_CURVE('',#7477,#7457,#7486,.T.);
#7486 = CIRCLE('',#7487,0.95);
#7487 = AXIS2_PLACEMENT_3D('',#7488,#7489,#7490);
#7488 = CARTESIAN_POINT('',(108.95,-31.4325,1.51));
#7489 = DIRECTION('',(-0.,0.,-1.));
#7490 = DIRECTION('',(-0.,-1.,0.));
#7491 = FACE_BOUND('',#7492,.T.);
#7492 = EDGE_LOOP('',(#7493));
#7493 = ORIENTED_EDGE('',*,*,#7494,.T.);
#7494 = EDGE_CURVE('',#7495,#7495,#7497,.T.);
#7495 = VERTEX_POINT('',#7496);
#7496 = CARTESIAN_POINT('',(117.92,-33.775,1.51));
#7497 = CIRCLE('',#7498,1.5);
#7498 = AXIS2_PLACEMENT_3D('',#7499,#7500,#7501);
#7499 = CARTESIAN_POINT('',(117.92,-32.275,1.51));
#7500 = DIRECTION('',(-0.,0.,-1.));
#7501 = DIRECTION('',(-0.,-1.,0.));
#7502 = FACE_BOUND('',#7503,.T.);
#7503 = EDGE_LOOP('',(#7504));
#7504 = ORIENTED_EDGE('',*,*,#7505,.T.);
#7505 = EDGE_CURVE('',#7506,#7506,#7508,.T.);
#7506 = VERTEX_POINT('',#7507);
#7507 = CARTESIAN_POINT('',(106.41,-27.8525,1.51));
#7508 = CIRCLE('',#7509,1.5);
#7509 = AXIS2_PLACEMENT_3D('',#7510,#7511,#7512);
#7510 = CARTESIAN_POINT('',(106.41,-26.3525,1.51));
#7511 = DIRECTION('',(-0.,0.,-1.));
#7512 = DIRECTION('',(-0.,-1.,0.));
#7513 = FACE_BOUND('',#7514,.T.);
#7514 = EDGE_LOOP('',(#7515,#7526,#7535,#7544));
#7515 = ORIENTED_EDGE('',*,*,#7516,.T.);
#7516 = EDGE_CURVE('',#7517,#7519,#7521,.T.);
#7517 = VERTEX_POINT('',#7518);
#7518 = CARTESIAN_POINT('',(117.63,-27.64850121424,1.51));
#7519 = VERTEX_POINT('',#7520);
#7520 = CARTESIAN_POINT('',(117.84,-29.525,1.51));
#7521 = CIRCLE('',#7522,0.95);
#7522 = AXIS2_PLACEMENT_3D('',#7523,#7524,#7525);
#7523 = CARTESIAN_POINT('',(117.84,-28.575,1.51));
#7524 = DIRECTION('',(-0.,0.,-1.));
#7525 = DIRECTION('',(-0.,-1.,0.));
#7526 = ORIENTED_EDGE('',*,*,#7527,.T.);
#7527 = EDGE_CURVE('',#7519,#7528,#7530,.T.);
#7528 = VERTEX_POINT('',#7529);
#7529 = CARTESIAN_POINT('',(117.63,-29.50149878575,1.51));
#7530 = CIRCLE('',#7531,0.95);
#7531 = AXIS2_PLACEMENT_3D('',#7532,#7533,#7534);
#7532 = CARTESIAN_POINT('',(117.84,-28.575,1.51));
#7533 = DIRECTION('',(-0.,0.,-1.));
#7534 = DIRECTION('',(-0.,-1.,0.));
#7535 = ORIENTED_EDGE('',*,*,#7536,.T.);
#7536 = EDGE_CURVE('',#7528,#7537,#7539,.T.);
#7537 = VERTEX_POINT('',#7538);
#7538 = CARTESIAN_POINT('',(117.42,-29.525,1.51));
#7539 = CIRCLE('',#7540,0.95);
#7540 = AXIS2_PLACEMENT_3D('',#7541,#7542,#7543);
#7541 = CARTESIAN_POINT('',(117.42,-28.575,1.51));
#7542 = DIRECTION('',(-0.,0.,-1.));
#7543 = DIRECTION('',(-0.,-1.,0.));
#7544 = ORIENTED_EDGE('',*,*,#7545,.T.);
#7545 = EDGE_CURVE('',#7537,#7517,#7546,.T.);
#7546 = CIRCLE('',#7547,0.95);
#7547 = AXIS2_PLACEMENT_3D('',#7548,#7549,#7550);
#7548 = CARTESIAN_POINT('',(117.42,-28.575,1.51));
#7549 = DIRECTION('',(-0.,0.,-1.));
#7550 = DIRECTION('',(-0.,-1.,0.));
#7551 = FACE_BOUND('',#7552,.T.);
#7552 = EDGE_LOOP('',(#7553));
#7553 = ORIENTED_EDGE('',*,*,#7554,.T.);
#7554 = EDGE_CURVE('',#7555,#7555,#7557,.T.);
#7555 = VERTEX_POINT('',#7556);
#7556 = CARTESIAN_POINT('',(119.11,-27.535,1.51));
#7557 = CIRCLE('',#7558,1.5);
#7558 = AXIS2_PLACEMENT_3D('',#7559,#7560,#7561);
#7559 = CARTESIAN_POINT('',(119.11,-26.035,1.51));
#7560 = DIRECTION('',(-0.,0.,-1.));
#7561 = DIRECTION('',(-0.,-1.,0.));
#7562 = FACE_BOUND('',#7563,.T.);
#7563 = EDGE_LOOP('',(#7564));
#7564 = ORIENTED_EDGE('',*,*,#7565,.T.);
#7565 = EDGE_CURVE('',#7566,#7566,#7568,.T.);
#7566 = VERTEX_POINT('',#7567);
#7567 = CARTESIAN_POINT('',(122.92,-74.075,1.51));
#7568 = CIRCLE('',#7569,1.5);
#7569 = AXIS2_PLACEMENT_3D('',#7570,#7571,#7572);
#7570 = CARTESIAN_POINT('',(122.92,-72.575,1.51));
#7571 = DIRECTION('',(-0.,0.,-1.));
#7572 = DIRECTION('',(-0.,-1.,0.));
#7573 = FACE_BOUND('',#7574,.T.);
#7574 = EDGE_LOOP('',(#7575));
#7575 = ORIENTED_EDGE('',*,*,#7576,.T.);
#7576 = EDGE_CURVE('',#7577,#7577,#7579,.T.);
#7577 = VERTEX_POINT('',#7578);
#7578 = CARTESIAN_POINT('',(136.97,-73.78,1.51));
#7579 = CIRCLE('',#7580,1.5);
#7580 = AXIS2_PLACEMENT_3D('',#7581,#7582,#7583);
#7581 = CARTESIAN_POINT('',(136.97,-72.28,1.51));
#7582 = DIRECTION('',(-0.,0.,-1.));
#7583 = DIRECTION('',(-0.,-1.,0.));
#7584 = FACE_BOUND('',#7585,.T.);
#7585 = EDGE_LOOP('',(#7586));
#7586 = ORIENTED_EDGE('',*,*,#7587,.T.);
#7587 = EDGE_CURVE('',#7588,#7588,#7590,.T.);
#7588 = VERTEX_POINT('',#7589);
#7589 = CARTESIAN_POINT('',(122.92,-68.725,1.51));
#7590 = CIRCLE('',#7591,2.05);
#7591 = AXIS2_PLACEMENT_3D('',#7592,#7593,#7594);
#7592 = CARTESIAN_POINT('',(122.92,-66.675,1.51));
#7593 = DIRECTION('',(-0.,0.,-1.));
#7594 = DIRECTION('',(-0.,-1.,0.));
#7595 = FACE_BOUND('',#7596,.T.);
#7596 = EDGE_LOOP('',(#7597,#7608,#7617,#7626));
#7597 = ORIENTED_EDGE('',*,*,#7598,.T.);
#7598 = EDGE_CURVE('',#7599,#7601,#7603,.T.);
#7599 = VERTEX_POINT('',#7600);
#7600 = CARTESIAN_POINT('',(128.21,-65.74850121424,1.51));
#7601 = VERTEX_POINT('',#7602);
#7602 = CARTESIAN_POINT('',(128.42,-67.625,1.51));
#7603 = CIRCLE('',#7604,0.95);
#7604 = AXIS2_PLACEMENT_3D('',#7605,#7606,#7607);
#7605 = CARTESIAN_POINT('',(128.42,-66.675,1.51));
#7606 = DIRECTION('',(-0.,0.,-1.));
#7607 = DIRECTION('',(-2.991758887411E-14,-1.,0.));
#7608 = ORIENTED_EDGE('',*,*,#7609,.T.);
#7609 = EDGE_CURVE('',#7601,#7610,#7612,.T.);
#7610 = VERTEX_POINT('',#7611);
#7611 = CARTESIAN_POINT('',(128.21,-67.60149878575,1.51));
#7612 = CIRCLE('',#7613,0.95);
#7613 = AXIS2_PLACEMENT_3D('',#7614,#7615,#7616);
#7614 = CARTESIAN_POINT('',(128.42,-66.675,1.51));
#7615 = DIRECTION('',(-0.,0.,-1.));
#7616 = DIRECTION('',(-2.991758887411E-14,-1.,0.));
#7617 = ORIENTED_EDGE('',*,*,#7618,.T.);
#7618 = EDGE_CURVE('',#7610,#7619,#7621,.T.);
#7619 = VERTEX_POINT('',#7620);
#7620 = CARTESIAN_POINT('',(128.,-67.625,1.51));
#7621 = CIRCLE('',#7622,0.95);
#7622 = AXIS2_PLACEMENT_3D('',#7623,#7624,#7625);
#7623 = CARTESIAN_POINT('',(128.,-66.675,1.51));
#7624 = DIRECTION('',(-0.,0.,-1.));
#7625 = DIRECTION('',(-0.,-1.,0.));
#7626 = ORIENTED_EDGE('',*,*,#7627,.T.);
#7627 = EDGE_CURVE('',#7619,#7599,#7628,.T.);
#7628 = CIRCLE('',#7629,0.95);
#7629 = AXIS2_PLACEMENT_3D('',#7630,#7631,#7632);
#7630 = CARTESIAN_POINT('',(128.,-66.675,1.51));
#7631 = DIRECTION('',(-0.,0.,-1.));
#7632 = DIRECTION('',(-0.,-1.,0.));
#7633 = FACE_BOUND('',#7634,.T.);
#7634 = EDGE_LOOP('',(#7635,#7646,#7655,#7664));
#7635 = ORIENTED_EDGE('',*,*,#7636,.T.);
#7636 = EDGE_CURVE('',#7637,#7639,#7641,.T.);
#7637 = VERTEX_POINT('',#7638);
#7638 = CARTESIAN_POINT('',(136.68,-67.65350121424,1.51));
#7639 = VERTEX_POINT('',#7640);
#7640 = CARTESIAN_POINT('',(136.89,-69.53,1.51));
#7641 = CIRCLE('',#7642,0.95);
#7642 = AXIS2_PLACEMENT_3D('',#7643,#7644,#7645);
#7643 = CARTESIAN_POINT('',(136.89,-68.58,1.51));
#7644 = DIRECTION('',(-0.,0.,-1.));
#7645 = DIRECTION('',(-0.,-1.,0.));
#7646 = ORIENTED_EDGE('',*,*,#7647,.T.);
#7647 = EDGE_CURVE('',#7639,#7648,#7650,.T.);
#7648 = VERTEX_POINT('',#7649);
#7649 = CARTESIAN_POINT('',(136.68,-69.50649878575,1.51));
#7650 = CIRCLE('',#7651,0.95);
#7651 = AXIS2_PLACEMENT_3D('',#7652,#7653,#7654);
#7652 = CARTESIAN_POINT('',(136.89,-68.58,1.51));
#7653 = DIRECTION('',(-0.,0.,-1.));
#7654 = DIRECTION('',(-0.,-1.,0.));
#7655 = ORIENTED_EDGE('',*,*,#7656,.T.);
#7656 = EDGE_CURVE('',#7648,#7657,#7659,.T.);
#7657 = VERTEX_POINT('',#7658);
#7658 = CARTESIAN_POINT('',(136.47,-69.53,1.51));
#7659 = CIRCLE('',#7660,0.95);
#7660 = AXIS2_PLACEMENT_3D('',#7661,#7662,#7663);
#7661 = CARTESIAN_POINT('',(136.47,-68.58,1.51));
#7662 = DIRECTION('',(-0.,0.,-1.));
#7663 = DIRECTION('',(-0.,-1.,0.));
#7664 = ORIENTED_EDGE('',*,*,#7665,.T.);
#7665 = EDGE_CURVE('',#7657,#7637,#7666,.T.);
#7666 = CIRCLE('',#7667,0.95);
#7667 = AXIS2_PLACEMENT_3D('',#7668,#7669,#7670);
#7668 = CARTESIAN_POINT('',(136.47,-68.58,1.51));
#7669 = DIRECTION('',(-0.,0.,-1.));
#7670 = DIRECTION('',(-0.,-1.,0.));
#7671 = FACE_BOUND('',#7672,.T.);
#7672 = EDGE_LOOP('',(#7673));
#7673 = ORIENTED_EDGE('',*,*,#7674,.T.);
#7674 = EDGE_CURVE('',#7675,#7675,#7677,.T.);
#7675 = VERTEX_POINT('',#7676);
#7676 = CARTESIAN_POINT('',(141.97,-75.98,1.51));
#7677 = CIRCLE('',#7678,1.5);
#7678 = AXIS2_PLACEMENT_3D('',#7679,#7680,#7681);
#7679 = CARTESIAN_POINT('',(141.97,-74.48,1.51));
#7680 = DIRECTION('',(-0.,0.,-1.));
#7681 = DIRECTION('',(-0.,-1.,0.));
#7682 = FACE_BOUND('',#7683,.T.);
#7683 = EDGE_LOOP('',(#7684));
#7684 = ORIENTED_EDGE('',*,*,#7685,.T.);
#7685 = EDGE_CURVE('',#7686,#7686,#7688,.T.);
#7686 = VERTEX_POINT('',#7687);
#7687 = CARTESIAN_POINT('',(141.97,-70.63,1.51));
#7688 = CIRCLE('',#7689,2.05);
#7689 = AXIS2_PLACEMENT_3D('',#7690,#7691,#7692);
#7690 = CARTESIAN_POINT('',(141.97,-68.58,1.51));
#7691 = DIRECTION('',(-0.,0.,-1.));
#7692 = DIRECTION('',(-0.,-1.,0.));
#7693 = FACE_BOUND('',#7694,.T.);
#7694 = EDGE_LOOP('',(#7695));
#7695 = ORIENTED_EDGE('',*,*,#7696,.T.);
#7696 = EDGE_CURVE('',#7697,#7697,#7699,.T.);
#7697 = VERTEX_POINT('',#7698);
#7698 = CARTESIAN_POINT('',(138.16,-67.54,1.51));
#7699 = CIRCLE('',#7700,1.5);
#7700 = AXIS2_PLACEMENT_3D('',#7701,#7702,#7703);
#7701 = CARTESIAN_POINT('',(138.16,-66.04,1.51));
#7702 = DIRECTION('',(-0.,0.,-1.));
#7703 = DIRECTION('',(-0.,-1.,0.));
#7704 = FACE_BOUND('',#7705,.T.);
#7705 = EDGE_LOOP('',(#7706));
#7706 = ORIENTED_EDGE('',*,*,#7707,.T.);
#7707 = EDGE_CURVE('',#7708,#7708,#7710,.T.);
#7708 = VERTEX_POINT('',#7709);
#7709 = CARTESIAN_POINT('',(144.51,-65.,1.51));
#7710 = CIRCLE('',#7711,1.5);
#7711 = AXIS2_PLACEMENT_3D('',#7712,#7713,#7714);
#7712 = CARTESIAN_POINT('',(144.51,-63.5,1.51));
#7713 = DIRECTION('',(-0.,0.,-1.));
#7714 = DIRECTION('',(-0.,-1.,0.));
#7715 = FACE_BOUND('',#7716,.T.);
#7716 = EDGE_LOOP('',(#7717,#7728,#7737,#7746));
#7717 = ORIENTED_EDGE('',*,*,#7718,.T.);
#7718 = EDGE_CURVE('',#7719,#7721,#7723,.T.);
#7719 = VERTEX_POINT('',#7720);
#7720 = CARTESIAN_POINT('',(147.26,-67.65350121424,1.51));
#7721 = VERTEX_POINT('',#7722);
#7722 = CARTESIAN_POINT('',(147.47,-69.53,1.51));
#7723 = CIRCLE('',#7724,0.95);
#7724 = AXIS2_PLACEMENT_3D('',#7725,#7726,#7727);
#7725 = CARTESIAN_POINT('',(147.47,-68.58,1.51));
#7726 = DIRECTION('',(-0.,0.,-1.));
#7727 = DIRECTION('',(-0.,-1.,0.));
#7728 = ORIENTED_EDGE('',*,*,#7729,.T.);
#7729 = EDGE_CURVE('',#7721,#7730,#7732,.T.);
#7730 = VERTEX_POINT('',#7731);
#7731 = CARTESIAN_POINT('',(147.26,-69.50649878575,1.51));
#7732 = CIRCLE('',#7733,0.95);
#7733 = AXIS2_PLACEMENT_3D('',#7734,#7735,#7736);
#7734 = CARTESIAN_POINT('',(147.47,-68.58,1.51));
#7735 = DIRECTION('',(-0.,0.,-1.));
#7736 = DIRECTION('',(-0.,-1.,0.));
#7737 = ORIENTED_EDGE('',*,*,#7738,.T.);
#7738 = EDGE_CURVE('',#7730,#7739,#7741,.T.);
#7739 = VERTEX_POINT('',#7740);
#7740 = CARTESIAN_POINT('',(147.05,-69.53,1.51));
#7741 = CIRCLE('',#7742,0.95);
#7742 = AXIS2_PLACEMENT_3D('',#7743,#7744,#7745);
#7743 = CARTESIAN_POINT('',(147.05,-68.58,1.51));
#7744 = DIRECTION('',(-0.,0.,-1.));
#7745 = DIRECTION('',(-0.,-1.,0.));
#7746 = ORIENTED_EDGE('',*,*,#7747,.T.);
#7747 = EDGE_CURVE('',#7739,#7719,#7748,.T.);
#7748 = CIRCLE('',#7749,0.95);
#7749 = AXIS2_PLACEMENT_3D('',#7750,#7751,#7752);
#7750 = CARTESIAN_POINT('',(147.05,-68.58,1.51));
#7751 = DIRECTION('',(-0.,0.,-1.));
#7752 = DIRECTION('',(-0.,-1.,0.));
#7753 = FACE_BOUND('',#7754,.T.);
#7754 = EDGE_LOOP('',(#7755));
#7755 = ORIENTED_EDGE('',*,*,#7756,.T.);
#7756 = EDGE_CURVE('',#7757,#7757,#7759,.T.);
#7757 = VERTEX_POINT('',#7758);
#7758 = CARTESIAN_POINT('',(125.46,-63.095,1.51));
#7759 = CIRCLE('',#7760,1.5);
#7760 = AXIS2_PLACEMENT_3D('',#7761,#7762,#7763);
#7761 = CARTESIAN_POINT('',(125.46,-61.595,1.51));
#7762 = DIRECTION('',(-0.,0.,-1.));
#7763 = DIRECTION('',(-0.,-1.,0.));
#7764 = FACE_BOUND('',#7765,.T.);
#7765 = EDGE_LOOP('',(#7766));
#7766 = ORIENTED_EDGE('',*,*,#7767,.T.);
#7767 = EDGE_CURVE('',#7768,#7768,#7770,.T.);
#7768 = VERTEX_POINT('',#7769);
#7769 = CARTESIAN_POINT('',(122.92,-55.025,1.51));
#7770 = CIRCLE('',#7771,1.5);
#7771 = AXIS2_PLACEMENT_3D('',#7772,#7773,#7774);
#7772 = CARTESIAN_POINT('',(122.92,-53.525,1.51));
#7773 = DIRECTION('',(-0.,0.,-1.));
#7774 = DIRECTION('',(-0.,-1.,0.));
#7775 = FACE_BOUND('',#7776,.T.);
#7776 = EDGE_LOOP('',(#7777));
#7777 = ORIENTED_EDGE('',*,*,#7778,.T.);
#7778 = EDGE_CURVE('',#7779,#7779,#7781,.T.);
#7779 = VERTEX_POINT('',#7780);
#7780 = CARTESIAN_POINT('',(136.97,-54.73,1.51));
#7781 = CIRCLE('',#7782,1.5);
#7782 = AXIS2_PLACEMENT_3D('',#7783,#7784,#7785);
#7783 = CARTESIAN_POINT('',(136.97,-53.23,1.51));
#7784 = DIRECTION('',(-0.,0.,-1.));
#7785 = DIRECTION('',(-0.,-1.,0.));
#7786 = FACE_BOUND('',#7787,.T.);
#7787 = EDGE_LOOP('',(#7788,#7799,#7808,#7817));
#7788 = ORIENTED_EDGE('',*,*,#7789,.T.);
#7789 = EDGE_CURVE('',#7790,#7792,#7794,.T.);
#7790 = VERTEX_POINT('',#7791);
#7791 = CARTESIAN_POINT('',(136.68,-48.60350121424,1.51));
#7792 = VERTEX_POINT('',#7793);
#7793 = CARTESIAN_POINT('',(136.89,-50.48,1.51));
#7794 = CIRCLE('',#7795,0.95);
#7795 = AXIS2_PLACEMENT_3D('',#7796,#7797,#7798);
#7796 = CARTESIAN_POINT('',(136.89,-49.53,1.51));
#7797 = DIRECTION('',(-0.,0.,-1.));
#7798 = DIRECTION('',(-0.,-1.,0.));
#7799 = ORIENTED_EDGE('',*,*,#7800,.T.);
#7800 = EDGE_CURVE('',#7792,#7801,#7803,.T.);
#7801 = VERTEX_POINT('',#7802);
#7802 = CARTESIAN_POINT('',(136.68,-50.45649878575,1.51));
#7803 = CIRCLE('',#7804,0.95);
#7804 = AXIS2_PLACEMENT_3D('',#7805,#7806,#7807);
#7805 = CARTESIAN_POINT('',(136.89,-49.53,1.51));
#7806 = DIRECTION('',(-0.,0.,-1.));
#7807 = DIRECTION('',(-0.,-1.,0.));
#7808 = ORIENTED_EDGE('',*,*,#7809,.T.);
#7809 = EDGE_CURVE('',#7801,#7810,#7812,.T.);
#7810 = VERTEX_POINT('',#7811);
#7811 = CARTESIAN_POINT('',(136.47,-50.48,1.51));
#7812 = CIRCLE('',#7813,0.95);
#7813 = AXIS2_PLACEMENT_3D('',#7814,#7815,#7816);
#7814 = CARTESIAN_POINT('',(136.47,-49.53,1.51));
#7815 = DIRECTION('',(-0.,0.,-1.));
#7816 = DIRECTION('',(-0.,-1.,0.));
#7817 = ORIENTED_EDGE('',*,*,#7818,.T.);
#7818 = EDGE_CURVE('',#7810,#7790,#7819,.T.);
#7819 = CIRCLE('',#7820,0.95);
#7820 = AXIS2_PLACEMENT_3D('',#7821,#7822,#7823);
#7821 = CARTESIAN_POINT('',(136.47,-49.53,1.51));
#7822 = DIRECTION('',(-0.,0.,-1.));
#7823 = DIRECTION('',(-0.,-1.,0.));
#7824 = FACE_BOUND('',#7825,.T.);
#7825 = EDGE_LOOP('',(#7826));
#7826 = ORIENTED_EDGE('',*,*,#7827,.T.);
#7827 = EDGE_CURVE('',#7828,#7828,#7830,.T.);
#7828 = VERTEX_POINT('',#7829);
#7829 = CARTESIAN_POINT('',(141.97,-56.93,1.51));
#7830 = CIRCLE('',#7831,1.5);
#7831 = AXIS2_PLACEMENT_3D('',#7832,#7833,#7834);
#7832 = CARTESIAN_POINT('',(141.97,-55.43,1.51));
#7833 = DIRECTION('',(-0.,0.,-1.));
#7834 = DIRECTION('',(-0.,-1.,0.));
#7835 = FACE_BOUND('',#7836,.T.);
#7836 = EDGE_LOOP('',(#7837));
#7837 = ORIENTED_EDGE('',*,*,#7838,.T.);
#7838 = EDGE_CURVE('',#7839,#7839,#7841,.T.);
#7839 = VERTEX_POINT('',#7840);
#7840 = CARTESIAN_POINT('',(141.97,-51.58,1.51));
#7841 = CIRCLE('',#7842,2.05);
#7842 = AXIS2_PLACEMENT_3D('',#7843,#7844,#7845);
#7843 = CARTESIAN_POINT('',(141.97,-49.53,1.51));
#7844 = DIRECTION('',(-0.,0.,-1.));
#7845 = DIRECTION('',(-0.,-1.,0.));
#7846 = FACE_BOUND('',#7847,.T.);
#7847 = EDGE_LOOP('',(#7848,#7859,#7868,#7877));
#7848 = ORIENTED_EDGE('',*,*,#7849,.T.);
#7849 = EDGE_CURVE('',#7850,#7852,#7854,.T.);
#7850 = VERTEX_POINT('',#7851);
#7851 = CARTESIAN_POINT('',(147.26,-48.60350121424,1.51));
#7852 = VERTEX_POINT('',#7853);
#7853 = CARTESIAN_POINT('',(147.47,-50.48,1.51));
#7854 = CIRCLE('',#7855,0.95);
#7855 = AXIS2_PLACEMENT_3D('',#7856,#7857,#7858);
#7856 = CARTESIAN_POINT('',(147.47,-49.53,1.51));
#7857 = DIRECTION('',(-0.,0.,-1.));
#7858 = DIRECTION('',(-0.,-1.,0.));
#7859 = ORIENTED_EDGE('',*,*,#7860,.T.);
#7860 = EDGE_CURVE('',#7852,#7861,#7863,.T.);
#7861 = VERTEX_POINT('',#7862);
#7862 = CARTESIAN_POINT('',(147.26,-50.45649878575,1.51));
#7863 = CIRCLE('',#7864,0.95);
#7864 = AXIS2_PLACEMENT_3D('',#7865,#7866,#7867);
#7865 = CARTESIAN_POINT('',(147.47,-49.53,1.51));
#7866 = DIRECTION('',(-0.,0.,-1.));
#7867 = DIRECTION('',(-0.,-1.,0.));
#7868 = ORIENTED_EDGE('',*,*,#7869,.T.);
#7869 = EDGE_CURVE('',#7861,#7870,#7872,.T.);
#7870 = VERTEX_POINT('',#7871);
#7871 = CARTESIAN_POINT('',(147.05,-50.48,1.51));
#7872 = CIRCLE('',#7873,0.95);
#7873 = AXIS2_PLACEMENT_3D('',#7874,#7875,#7876);
#7874 = CARTESIAN_POINT('',(147.05,-49.53,1.51));
#7875 = DIRECTION('',(-0.,0.,-1.));
#7876 = DIRECTION('',(-0.,-1.,0.));
#7877 = ORIENTED_EDGE('',*,*,#7878,.T.);
#7878 = EDGE_CURVE('',#7870,#7850,#7879,.T.);
#7879 = CIRCLE('',#7880,0.95);
#7880 = AXIS2_PLACEMENT_3D('',#7881,#7882,#7883);
#7881 = CARTESIAN_POINT('',(147.05,-49.53,1.51));
#7882 = DIRECTION('',(-0.,0.,-1.));
#7883 = DIRECTION('',(-0.,-1.,0.));
#7884 = FACE_BOUND('',#7885,.T.);
#7885 = EDGE_LOOP('',(#7886,#7897,#7906,#7915));
#7886 = ORIENTED_EDGE('',*,*,#7887,.T.);
#7887 = EDGE_CURVE('',#7888,#7890,#7892,.T.);
#7888 = VERTEX_POINT('',#7889);
#7889 = CARTESIAN_POINT('',(155.73,-75.27350121424,1.51));
#7890 = VERTEX_POINT('',#7891);
#7891 = CARTESIAN_POINT('',(155.94,-77.15,1.51));
#7892 = CIRCLE('',#7893,0.95);
#7893 = AXIS2_PLACEMENT_3D('',#7894,#7895,#7896);
#7894 = CARTESIAN_POINT('',(155.94,-76.2,1.51));
#7895 = DIRECTION('',(-0.,0.,-1.));
#7896 = DIRECTION('',(-0.,-1.,0.));
#7897 = ORIENTED_EDGE('',*,*,#7898,.T.);
#7898 = EDGE_CURVE('',#7890,#7899,#7901,.T.);
#7899 = VERTEX_POINT('',#7900);
#7900 = CARTESIAN_POINT('',(155.73,-77.12649878575,1.51));
#7901 = CIRCLE('',#7902,0.95);
#7902 = AXIS2_PLACEMENT_3D('',#7903,#7904,#7905);
#7903 = CARTESIAN_POINT('',(155.94,-76.2,1.51));
#7904 = DIRECTION('',(-0.,0.,-1.));
#7905 = DIRECTION('',(-0.,-1.,0.));
#7906 = ORIENTED_EDGE('',*,*,#7907,.T.);
#7907 = EDGE_CURVE('',#7899,#7908,#7910,.T.);
#7908 = VERTEX_POINT('',#7909);
#7909 = CARTESIAN_POINT('',(155.52,-77.15,1.51));
#7910 = CIRCLE('',#7911,0.95);
#7911 = AXIS2_PLACEMENT_3D('',#7912,#7913,#7914);
#7912 = CARTESIAN_POINT('',(155.52,-76.2,1.51));
#7913 = DIRECTION('',(-0.,0.,-1.));
#7914 = DIRECTION('',(2.991758887411E-14,-1.,-0.));
#7915 = ORIENTED_EDGE('',*,*,#7916,.T.);
#7916 = EDGE_CURVE('',#7908,#7888,#7917,.T.);
#7917 = CIRCLE('',#7918,0.95);
#7918 = AXIS2_PLACEMENT_3D('',#7919,#7920,#7921);
#7919 = CARTESIAN_POINT('',(155.52,-76.2,1.51));
#7920 = DIRECTION('',(-0.,0.,-1.));
#7921 = DIRECTION('',(2.991758887411E-14,-1.,-0.));
#7922 = FACE_BOUND('',#7923,.T.);
#7923 = EDGE_LOOP('',(#7924));
#7924 = ORIENTED_EDGE('',*,*,#7925,.T.);
#7925 = EDGE_CURVE('',#7926,#7926,#7928,.T.);
#7926 = VERTEX_POINT('',#7927);
#7927 = CARTESIAN_POINT('',(157.21,-75.16,1.51));
#7928 = CIRCLE('',#7929,1.5);
#7929 = AXIS2_PLACEMENT_3D('',#7930,#7931,#7932);
#7930 = CARTESIAN_POINT('',(157.21,-73.66,1.51));
#7931 = DIRECTION('',(-0.,0.,-1.));
#7932 = DIRECTION('',(-0.,-1.,0.));
#7933 = FACE_BOUND('',#7934,.T.);
#7934 = EDGE_LOOP('',(#7935));
#7935 = ORIENTED_EDGE('',*,*,#7936,.T.);
#7936 = EDGE_CURVE('',#7937,#7937,#7939,.T.);
#7937 = VERTEX_POINT('',#7938);
#7938 = CARTESIAN_POINT('',(161.02,-78.25,1.51));
#7939 = CIRCLE('',#7940,2.05);
#7940 = AXIS2_PLACEMENT_3D('',#7941,#7942,#7943);
#7941 = CARTESIAN_POINT('',(161.02,-76.2,1.51));
#7942 = DIRECTION('',(-0.,0.,-1.));
#7943 = DIRECTION('',(1.386424850264E-14,-1.,-0.));
#7944 = FACE_BOUND('',#7945,.T.);
#7945 = EDGE_LOOP('',(#7946,#7957,#7966,#7975));
#7946 = ORIENTED_EDGE('',*,*,#7947,.T.);
#7947 = EDGE_CURVE('',#7948,#7950,#7952,.T.);
#7948 = VERTEX_POINT('',#7949);
#7949 = CARTESIAN_POINT('',(166.31,-75.27350121424,1.51));
#7950 = VERTEX_POINT('',#7951);
#7951 = CARTESIAN_POINT('',(166.52,-77.15,1.51));
#7952 = CIRCLE('',#7953,0.95);
#7953 = AXIS2_PLACEMENT_3D('',#7954,#7955,#7956);
#7954 = CARTESIAN_POINT('',(166.52,-76.2,1.51));
#7955 = DIRECTION('',(-0.,0.,-1.));
#7956 = DIRECTION('',(2.991758887411E-14,-1.,-0.));
#7957 = ORIENTED_EDGE('',*,*,#7958,.T.);
#7958 = EDGE_CURVE('',#7950,#7959,#7961,.T.);
#7959 = VERTEX_POINT('',#7960);
#7960 = CARTESIAN_POINT('',(166.31,-77.12649878575,1.51));
#7961 = CIRCLE('',#7962,0.95);
#7962 = AXIS2_PLACEMENT_3D('',#7963,#7964,#7965);
#7963 = CARTESIAN_POINT('',(166.52,-76.2,1.51));
#7964 = DIRECTION('',(-0.,0.,-1.));
#7965 = DIRECTION('',(2.991758887411E-14,-1.,-0.));
#7966 = ORIENTED_EDGE('',*,*,#7967,.T.);
#7967 = EDGE_CURVE('',#7959,#7968,#7970,.T.);
#7968 = VERTEX_POINT('',#7969);
#7969 = CARTESIAN_POINT('',(166.1,-77.15,1.51));
#7970 = CIRCLE('',#7971,0.95);
#7971 = AXIS2_PLACEMENT_3D('',#7972,#7973,#7974);
#7972 = CARTESIAN_POINT('',(166.1,-76.2,1.51));
#7973 = DIRECTION('',(-0.,0.,-1.));
#7974 = DIRECTION('',(-2.991758887411E-14,-1.,0.));
#7975 = ORIENTED_EDGE('',*,*,#7976,.T.);
#7976 = EDGE_CURVE('',#7968,#7948,#7977,.T.);
#7977 = CIRCLE('',#7978,0.95);
#7978 = AXIS2_PLACEMENT_3D('',#7979,#7980,#7981);
#7979 = CARTESIAN_POINT('',(166.1,-76.2,1.51));
#7980 = DIRECTION('',(-0.,0.,-1.));
#7981 = DIRECTION('',(-2.991758887411E-14,-1.,0.));
#7982 = FACE_BOUND('',#7983,.T.);
#7983 = EDGE_LOOP('',(#7984));
#7984 = ORIENTED_EDGE('',*,*,#7985,.T.);
#7985 = EDGE_CURVE('',#7986,#7986,#7988,.T.);
#7986 = VERTEX_POINT('',#7987);
#7987 = CARTESIAN_POINT('',(163.56,-72.62,1.51));
#7988 = CIRCLE('',#7989,1.5);
#7989 = AXIS2_PLACEMENT_3D('',#7990,#7991,#7992);
#7990 = CARTESIAN_POINT('',(163.56,-71.12,1.51));
#7991 = DIRECTION('',(-0.,0.,-1.));
#7992 = DIRECTION('',(-0.,-1.,0.));
#7993 = FACE_BOUND('',#7994,.T.);
#7994 = EDGE_LOOP('',(#7995));
#7995 = ORIENTED_EDGE('',*,*,#7996,.T.);
#7996 = EDGE_CURVE('',#7997,#7997,#7999,.T.);
#7997 = VERTEX_POINT('',#7998);
#7998 = CARTESIAN_POINT('',(161.02,-64.55,1.51));
#7999 = CIRCLE('',#8000,1.5);
#8000 = AXIS2_PLACEMENT_3D('',#8001,#8002,#8003);
#8001 = CARTESIAN_POINT('',(161.02,-63.05,1.51));
#8002 = DIRECTION('',(-0.,0.,-1.));
#8003 = DIRECTION('',(-0.,-1.,0.));
#8004 = FACE_BOUND('',#8005,.T.);
#8005 = EDGE_LOOP('',(#8006,#8017,#8026,#8035));
#8006 = ORIENTED_EDGE('',*,*,#8007,.T.);
#8007 = EDGE_CURVE('',#8008,#8010,#8012,.T.);
#8008 = VERTEX_POINT('',#8009);
#8009 = CARTESIAN_POINT('',(174.78,-75.27350121424,1.51));
#8010 = VERTEX_POINT('',#8011);
#8011 = CARTESIAN_POINT('',(174.99,-77.15,1.51));
#8012 = CIRCLE('',#8013,0.95);
#8013 = AXIS2_PLACEMENT_3D('',#8014,#8015,#8016);
#8014 = CARTESIAN_POINT('',(174.99,-76.2,1.51));
#8015 = DIRECTION('',(-0.,0.,-1.));
#8016 = DIRECTION('',(-0.,-1.,0.));
#8017 = ORIENTED_EDGE('',*,*,#8018,.T.);
#8018 = EDGE_CURVE('',#8010,#8019,#8021,.T.);
#8019 = VERTEX_POINT('',#8020);
#8020 = CARTESIAN_POINT('',(174.78,-77.12649878575,1.51));
#8021 = CIRCLE('',#8022,0.95);
#8022 = AXIS2_PLACEMENT_3D('',#8023,#8024,#8025);
#8023 = CARTESIAN_POINT('',(174.99,-76.2,1.51));
#8024 = DIRECTION('',(-0.,0.,-1.));
#8025 = DIRECTION('',(-0.,-1.,0.));
#8026 = ORIENTED_EDGE('',*,*,#8027,.T.);
#8027 = EDGE_CURVE('',#8019,#8028,#8030,.T.);
#8028 = VERTEX_POINT('',#8029);
#8029 = CARTESIAN_POINT('',(174.57,-77.15,1.51));
#8030 = CIRCLE('',#8031,0.95);
#8031 = AXIS2_PLACEMENT_3D('',#8032,#8033,#8034);
#8032 = CARTESIAN_POINT('',(174.57,-76.2,1.51));
#8033 = DIRECTION('',(-0.,0.,-1.));
#8034 = DIRECTION('',(-0.,-1.,0.));
#8035 = ORIENTED_EDGE('',*,*,#8036,.T.);
#8036 = EDGE_CURVE('',#8028,#8008,#8037,.T.);
#8037 = CIRCLE('',#8038,0.95);
#8038 = AXIS2_PLACEMENT_3D('',#8039,#8040,#8041);
#8039 = CARTESIAN_POINT('',(174.57,-76.2,1.51));
#8040 = DIRECTION('',(-0.,0.,-1.));
#8041 = DIRECTION('',(-0.,-1.,0.));
#8042 = FACE_BOUND('',#8043,.T.);
#8043 = EDGE_LOOP('',(#8044));
#8044 = ORIENTED_EDGE('',*,*,#8045,.T.);
#8045 = EDGE_CURVE('',#8046,#8046,#8048,.T.);
#8046 = VERTEX_POINT('',#8047);
#8047 = CARTESIAN_POINT('',(176.26,-75.16,1.51));
#8048 = CIRCLE('',#8049,1.5);
#8049 = AXIS2_PLACEMENT_3D('',#8050,#8051,#8052);
#8050 = CARTESIAN_POINT('',(176.26,-73.66,1.51));
#8051 = DIRECTION('',(-0.,0.,-1.));
#8052 = DIRECTION('',(-0.,-1.,0.));
#8053 = FACE_BOUND('',#8054,.T.);
#8054 = EDGE_LOOP('',(#8055));
#8055 = ORIENTED_EDGE('',*,*,#8056,.T.);
#8056 = EDGE_CURVE('',#8057,#8057,#8059,.T.);
#8057 = VERTEX_POINT('',#8058);
#8058 = CARTESIAN_POINT('',(180.07,-78.25,1.51));
#8059 = CIRCLE('',#8060,2.05);
#8060 = AXIS2_PLACEMENT_3D('',#8061,#8062,#8063);
#8061 = CARTESIAN_POINT('',(180.07,-76.2,1.51));
#8062 = DIRECTION('',(-0.,0.,-1.));
#8063 = DIRECTION('',(-0.,-1.,0.));
#8064 = FACE_BOUND('',#8065,.T.);
#8065 = EDGE_LOOP('',(#8066,#8077,#8086,#8095));
#8066 = ORIENTED_EDGE('',*,*,#8067,.T.);
#8067 = EDGE_CURVE('',#8068,#8070,#8072,.T.);
#8068 = VERTEX_POINT('',#8069);
#8069 = CARTESIAN_POINT('',(185.36,-75.27350121424,1.51));
#8070 = VERTEX_POINT('',#8071);
#8071 = CARTESIAN_POINT('',(185.57,-77.15,1.51));
#8072 = CIRCLE('',#8073,0.95);
#8073 = AXIS2_PLACEMENT_3D('',#8074,#8075,#8076);
#8074 = CARTESIAN_POINT('',(185.57,-76.2,1.51));
#8075 = DIRECTION('',(-0.,0.,-1.));
#8076 = DIRECTION('',(-0.,-1.,0.));
#8077 = ORIENTED_EDGE('',*,*,#8078,.T.);
#8078 = EDGE_CURVE('',#8070,#8079,#8081,.T.);
#8079 = VERTEX_POINT('',#8080);
#8080 = CARTESIAN_POINT('',(185.36,-77.12649878575,1.51));
#8081 = CIRCLE('',#8082,0.95);
#8082 = AXIS2_PLACEMENT_3D('',#8083,#8084,#8085);
#8083 = CARTESIAN_POINT('',(185.57,-76.2,1.51));
#8084 = DIRECTION('',(-0.,0.,-1.));
#8085 = DIRECTION('',(-0.,-1.,0.));
#8086 = ORIENTED_EDGE('',*,*,#8087,.T.);
#8087 = EDGE_CURVE('',#8079,#8088,#8090,.T.);
#8088 = VERTEX_POINT('',#8089);
#8089 = CARTESIAN_POINT('',(185.15,-77.15,1.51));
#8090 = CIRCLE('',#8091,0.95);
#8091 = AXIS2_PLACEMENT_3D('',#8092,#8093,#8094);
#8092 = CARTESIAN_POINT('',(185.15,-76.2,1.51));
#8093 = DIRECTION('',(-0.,0.,-1.));
#8094 = DIRECTION('',(2.991758887411E-14,-1.,-0.));
#8095 = ORIENTED_EDGE('',*,*,#8096,.T.);
#8096 = EDGE_CURVE('',#8088,#8068,#8097,.T.);
#8097 = CIRCLE('',#8098,0.95);
#8098 = AXIS2_PLACEMENT_3D('',#8099,#8100,#8101);
#8099 = CARTESIAN_POINT('',(185.15,-76.2,1.51));
#8100 = DIRECTION('',(-0.,0.,-1.));
#8101 = DIRECTION('',(2.991758887411E-14,-1.,-0.));
#8102 = FACE_BOUND('',#8103,.T.);
#8103 = EDGE_LOOP('',(#8104));
#8104 = ORIENTED_EDGE('',*,*,#8105,.T.);
#8105 = EDGE_CURVE('',#8106,#8106,#8108,.T.);
#8106 = VERTEX_POINT('',#8107);
#8107 = CARTESIAN_POINT('',(182.61,-72.62,1.51));
#8108 = CIRCLE('',#8109,1.5);
#8109 = AXIS2_PLACEMENT_3D('',#8110,#8111,#8112);
#8110 = CARTESIAN_POINT('',(182.61,-71.12,1.51));
#8111 = DIRECTION('',(-0.,0.,-1.));
#8112 = DIRECTION('',(-0.,-1.,0.));
#8113 = FACE_BOUND('',#8114,.T.);
#8114 = EDGE_LOOP('',(#8115));
#8115 = ORIENTED_EDGE('',*,*,#8116,.T.);
#8116 = EDGE_CURVE('',#8117,#8117,#8119,.T.);
#8117 = VERTEX_POINT('',#8118);
#8118 = CARTESIAN_POINT('',(180.07,-64.55,1.51));
#8119 = CIRCLE('',#8120,1.5);
#8120 = AXIS2_PLACEMENT_3D('',#8121,#8122,#8123);
#8121 = CARTESIAN_POINT('',(180.07,-63.05,1.51));
#8122 = DIRECTION('',(-0.,0.,-1.));
#8123 = DIRECTION('',(-0.,-1.,0.));
#8124 = FACE_BOUND('',#8125,.T.);
#8125 = EDGE_LOOP('',(#8126));
#8126 = ORIENTED_EDGE('',*,*,#8127,.T.);
#8127 = EDGE_CURVE('',#8128,#8128,#8130,.T.);
#8128 = VERTEX_POINT('',#8129);
#8129 = CARTESIAN_POINT('',(156.02,-62.35,1.51));
#8130 = CIRCLE('',#8131,1.5);
#8131 = AXIS2_PLACEMENT_3D('',#8132,#8133,#8134);
#8132 = CARTESIAN_POINT('',(156.02,-60.85,1.51));
#8133 = DIRECTION('',(-0.,0.,-1.));
#8134 = DIRECTION('',(-0.,-1.,0.));
#8135 = FACE_BOUND('',#8136,.T.);
#8136 = EDGE_LOOP('',(#8137,#8148,#8157,#8166));
#8137 = ORIENTED_EDGE('',*,*,#8138,.T.);
#8138 = EDGE_CURVE('',#8139,#8141,#8143,.T.);
#8139 = VERTEX_POINT('',#8140);
#8140 = CARTESIAN_POINT('',(155.73,-56.22350121424,1.51));
#8141 = VERTEX_POINT('',#8142);
#8142 = CARTESIAN_POINT('',(155.94,-58.1,1.51));
#8143 = CIRCLE('',#8144,0.95);
#8144 = AXIS2_PLACEMENT_3D('',#8145,#8146,#8147);
#8145 = CARTESIAN_POINT('',(155.94,-57.15,1.51));
#8146 = DIRECTION('',(-0.,0.,-1.));
#8147 = DIRECTION('',(-0.,-1.,0.));
#8148 = ORIENTED_EDGE('',*,*,#8149,.T.);
#8149 = EDGE_CURVE('',#8141,#8150,#8152,.T.);
#8150 = VERTEX_POINT('',#8151);
#8151 = CARTESIAN_POINT('',(155.73,-58.07649878575,1.51));
#8152 = CIRCLE('',#8153,0.95);
#8153 = AXIS2_PLACEMENT_3D('',#8154,#8155,#8156);
#8154 = CARTESIAN_POINT('',(155.94,-57.15,1.51));
#8155 = DIRECTION('',(-0.,0.,-1.));
#8156 = DIRECTION('',(-0.,-1.,0.));
#8157 = ORIENTED_EDGE('',*,*,#8158,.T.);
#8158 = EDGE_CURVE('',#8150,#8159,#8161,.T.);
#8159 = VERTEX_POINT('',#8160);
#8160 = CARTESIAN_POINT('',(155.52,-58.1,1.51));
#8161 = CIRCLE('',#8162,0.95);
#8162 = AXIS2_PLACEMENT_3D('',#8163,#8164,#8165);
#8163 = CARTESIAN_POINT('',(155.52,-57.15,1.51));
#8164 = DIRECTION('',(-0.,0.,-1.));
#8165 = DIRECTION('',(2.991758887411E-14,-1.,-0.));
#8166 = ORIENTED_EDGE('',*,*,#8167,.T.);
#8167 = EDGE_CURVE('',#8159,#8139,#8168,.T.);
#8168 = CIRCLE('',#8169,0.95);
#8169 = AXIS2_PLACEMENT_3D('',#8170,#8171,#8172);
#8170 = CARTESIAN_POINT('',(155.52,-57.15,1.51));
#8171 = DIRECTION('',(-0.,0.,-1.));
#8172 = DIRECTION('',(2.991758887411E-14,-1.,-0.));
#8173 = FACE_BOUND('',#8174,.T.);
#8174 = EDGE_LOOP('',(#8175));
#8175 = ORIENTED_EDGE('',*,*,#8176,.T.);
#8176 = EDGE_CURVE('',#8177,#8177,#8179,.T.);
#8177 = VERTEX_POINT('',#8178);
#8178 = CARTESIAN_POINT('',(161.02,-59.2,1.51));
#8179 = CIRCLE('',#8180,2.05);
#8180 = AXIS2_PLACEMENT_3D('',#8181,#8182,#8183);
#8181 = CARTESIAN_POINT('',(161.02,-57.15,1.51));
#8182 = DIRECTION('',(-0.,0.,-1.));
#8183 = DIRECTION('',(1.386424850264E-14,-1.,-0.));
#8184 = FACE_BOUND('',#8185,.T.);
#8185 = EDGE_LOOP('',(#8186,#8197,#8206,#8215));
#8186 = ORIENTED_EDGE('',*,*,#8187,.T.);
#8187 = EDGE_CURVE('',#8188,#8190,#8192,.T.);
#8188 = VERTEX_POINT('',#8189);
#8189 = CARTESIAN_POINT('',(166.31,-56.22350121424,1.51));
#8190 = VERTEX_POINT('',#8191);
#8191 = CARTESIAN_POINT('',(166.52,-58.1,1.51));
#8192 = CIRCLE('',#8193,0.95);
#8193 = AXIS2_PLACEMENT_3D('',#8194,#8195,#8196);
#8194 = CARTESIAN_POINT('',(166.52,-57.15,1.51));
#8195 = DIRECTION('',(-0.,0.,-1.));
#8196 = DIRECTION('',(2.991758887411E-14,-1.,-0.));
#8197 = ORIENTED_EDGE('',*,*,#8198,.T.);
#8198 = EDGE_CURVE('',#8190,#8199,#8201,.T.);
#8199 = VERTEX_POINT('',#8200);
#8200 = CARTESIAN_POINT('',(166.31,-58.07649878575,1.51));
#8201 = CIRCLE('',#8202,0.95);
#8202 = AXIS2_PLACEMENT_3D('',#8203,#8204,#8205);
#8203 = CARTESIAN_POINT('',(166.52,-57.15,1.51));
#8204 = DIRECTION('',(-0.,0.,-1.));
#8205 = DIRECTION('',(2.991758887411E-14,-1.,-0.));
#8206 = ORIENTED_EDGE('',*,*,#8207,.T.);
#8207 = EDGE_CURVE('',#8199,#8208,#8210,.T.);
#8208 = VERTEX_POINT('',#8209);
#8209 = CARTESIAN_POINT('',(166.1,-58.1,1.51));
#8210 = CIRCLE('',#8211,0.95);
#8211 = AXIS2_PLACEMENT_3D('',#8212,#8213,#8214);
#8212 = CARTESIAN_POINT('',(166.1,-57.15,1.51));
#8213 = DIRECTION('',(-0.,0.,-1.));
#8214 = DIRECTION('',(-2.991758887411E-14,-1.,0.));
#8215 = ORIENTED_EDGE('',*,*,#8216,.T.);
#8216 = EDGE_CURVE('',#8208,#8188,#8217,.T.);
#8217 = CIRCLE('',#8218,0.95);
#8218 = AXIS2_PLACEMENT_3D('',#8219,#8220,#8221);
#8219 = CARTESIAN_POINT('',(166.1,-57.15,1.51));
#8220 = DIRECTION('',(-0.,0.,-1.));
#8221 = DIRECTION('',(-2.991758887411E-14,-1.,0.));
#8222 = FACE_BOUND('',#8223,.T.);
#8223 = EDGE_LOOP('',(#8224));
#8224 = ORIENTED_EDGE('',*,*,#8225,.T.);
#8225 = EDGE_CURVE('',#8226,#8226,#8228,.T.);
#8226 = VERTEX_POINT('',#8227);
#8227 = CARTESIAN_POINT('',(157.21,-56.11,1.51));
#8228 = CIRCLE('',#8229,1.5);
#8229 = AXIS2_PLACEMENT_3D('',#8230,#8231,#8232);
#8230 = CARTESIAN_POINT('',(157.21,-54.61,1.51));
#8231 = DIRECTION('',(-0.,0.,-1.));
#8232 = DIRECTION('',(-0.,-1.,0.));
#8233 = FACE_BOUND('',#8234,.T.);
#8234 = EDGE_LOOP('',(#8235));
#8235 = ORIENTED_EDGE('',*,*,#8236,.T.);
#8236 = EDGE_CURVE('',#8237,#8237,#8239,.T.);
#8237 = VERTEX_POINT('',#8238);
#8238 = CARTESIAN_POINT('',(163.56,-53.57,1.51));
#8239 = CIRCLE('',#8240,1.5);
#8240 = AXIS2_PLACEMENT_3D('',#8241,#8242,#8243);
#8241 = CARTESIAN_POINT('',(163.56,-52.07,1.51));
#8242 = DIRECTION('',(-0.,0.,-1.));
#8243 = DIRECTION('',(-0.,-1.,0.));
#8244 = FACE_BOUND('',#8245,.T.);
#8245 = EDGE_LOOP('',(#8246));
#8246 = ORIENTED_EDGE('',*,*,#8247,.T.);
#8247 = EDGE_CURVE('',#8248,#8248,#8250,.T.);
#8248 = VERTEX_POINT('',#8249);
#8249 = CARTESIAN_POINT('',(175.07,-62.35,1.51));
#8250 = CIRCLE('',#8251,1.5);
#8251 = AXIS2_PLACEMENT_3D('',#8252,#8253,#8254);
#8252 = CARTESIAN_POINT('',(175.07,-60.85,1.51));
#8253 = DIRECTION('',(-0.,0.,-1.));
#8254 = DIRECTION('',(-0.,-1.,0.));
#8255 = FACE_BOUND('',#8256,.T.);
#8256 = EDGE_LOOP('',(#8257,#8268,#8277,#8286));
#8257 = ORIENTED_EDGE('',*,*,#8258,.T.);
#8258 = EDGE_CURVE('',#8259,#8261,#8263,.T.);
#8259 = VERTEX_POINT('',#8260);
#8260 = CARTESIAN_POINT('',(174.78,-56.22350121424,1.51));
#8261 = VERTEX_POINT('',#8262);
#8262 = CARTESIAN_POINT('',(174.99,-58.1,1.51));
#8263 = CIRCLE('',#8264,0.95);
#8264 = AXIS2_PLACEMENT_3D('',#8265,#8266,#8267);
#8265 = CARTESIAN_POINT('',(174.99,-57.15,1.51));
#8266 = DIRECTION('',(-0.,0.,-1.));
#8267 = DIRECTION('',(-0.,-1.,0.));
#8268 = ORIENTED_EDGE('',*,*,#8269,.T.);
#8269 = EDGE_CURVE('',#8261,#8270,#8272,.T.);
#8270 = VERTEX_POINT('',#8271);
#8271 = CARTESIAN_POINT('',(174.78,-58.07649878575,1.51));
#8272 = CIRCLE('',#8273,0.95);
#8273 = AXIS2_PLACEMENT_3D('',#8274,#8275,#8276);
#8274 = CARTESIAN_POINT('',(174.99,-57.15,1.51));
#8275 = DIRECTION('',(-0.,0.,-1.));
#8276 = DIRECTION('',(-0.,-1.,0.));
#8277 = ORIENTED_EDGE('',*,*,#8278,.T.);
#8278 = EDGE_CURVE('',#8270,#8279,#8281,.T.);
#8279 = VERTEX_POINT('',#8280);
#8280 = CARTESIAN_POINT('',(174.57,-58.1,1.51));
#8281 = CIRCLE('',#8282,0.95);
#8282 = AXIS2_PLACEMENT_3D('',#8283,#8284,#8285);
#8283 = CARTESIAN_POINT('',(174.57,-57.15,1.51));
#8284 = DIRECTION('',(-0.,0.,-1.));
#8285 = DIRECTION('',(-0.,-1.,0.));
#8286 = ORIENTED_EDGE('',*,*,#8287,.T.);
#8287 = EDGE_CURVE('',#8279,#8259,#8288,.T.);
#8288 = CIRCLE('',#8289,0.95);
#8289 = AXIS2_PLACEMENT_3D('',#8290,#8291,#8292);
#8290 = CARTESIAN_POINT('',(174.57,-57.15,1.51));
#8291 = DIRECTION('',(-0.,0.,-1.));
#8292 = DIRECTION('',(-0.,-1.,0.));
#8293 = FACE_BOUND('',#8294,.T.);
#8294 = EDGE_LOOP('',(#8295));
#8295 = ORIENTED_EDGE('',*,*,#8296,.T.);
#8296 = EDGE_CURVE('',#8297,#8297,#8299,.T.);
#8297 = VERTEX_POINT('',#8298);
#8298 = CARTESIAN_POINT('',(180.07,-59.2,1.51));
#8299 = CIRCLE('',#8300,2.05);
#8300 = AXIS2_PLACEMENT_3D('',#8301,#8302,#8303);
#8301 = CARTESIAN_POINT('',(180.07,-57.15,1.51));
#8302 = DIRECTION('',(-0.,0.,-1.));
#8303 = DIRECTION('',(-0.,-1.,0.));
#8304 = FACE_BOUND('',#8305,.T.);
#8305 = EDGE_LOOP('',(#8306,#8317,#8326,#8335));
#8306 = ORIENTED_EDGE('',*,*,#8307,.T.);
#8307 = EDGE_CURVE('',#8308,#8310,#8312,.T.);
#8308 = VERTEX_POINT('',#8309);
#8309 = CARTESIAN_POINT('',(185.36,-56.22350121424,1.51));
#8310 = VERTEX_POINT('',#8311);
#8311 = CARTESIAN_POINT('',(185.57,-58.1,1.51));
#8312 = CIRCLE('',#8313,0.95);
#8313 = AXIS2_PLACEMENT_3D('',#8314,#8315,#8316);
#8314 = CARTESIAN_POINT('',(185.57,-57.15,1.51));
#8315 = DIRECTION('',(-0.,0.,-1.));
#8316 = DIRECTION('',(-0.,-1.,0.));
#8317 = ORIENTED_EDGE('',*,*,#8318,.T.);
#8318 = EDGE_CURVE('',#8310,#8319,#8321,.T.);
#8319 = VERTEX_POINT('',#8320);
#8320 = CARTESIAN_POINT('',(185.36,-58.07649878575,1.51));
#8321 = CIRCLE('',#8322,0.95);
#8322 = AXIS2_PLACEMENT_3D('',#8323,#8324,#8325);
#8323 = CARTESIAN_POINT('',(185.57,-57.15,1.51));
#8324 = DIRECTION('',(-0.,0.,-1.));
#8325 = DIRECTION('',(-0.,-1.,0.));
#8326 = ORIENTED_EDGE('',*,*,#8327,.T.);
#8327 = EDGE_CURVE('',#8319,#8328,#8330,.T.);
#8328 = VERTEX_POINT('',#8329);
#8329 = CARTESIAN_POINT('',(185.15,-58.1,1.51));
#8330 = CIRCLE('',#8331,0.95);
#8331 = AXIS2_PLACEMENT_3D('',#8332,#8333,#8334);
#8332 = CARTESIAN_POINT('',(185.15,-57.15,1.51));
#8333 = DIRECTION('',(-0.,0.,-1.));
#8334 = DIRECTION('',(2.991758887411E-14,-1.,-0.));
#8335 = ORIENTED_EDGE('',*,*,#8336,.T.);
#8336 = EDGE_CURVE('',#8328,#8308,#8337,.T.);
#8337 = CIRCLE('',#8338,0.95);
#8338 = AXIS2_PLACEMENT_3D('',#8339,#8340,#8341);
#8339 = CARTESIAN_POINT('',(185.15,-57.15,1.51));
#8340 = DIRECTION('',(-0.,0.,-1.));
#8341 = DIRECTION('',(2.991758887411E-14,-1.,-0.));
#8342 = FACE_BOUND('',#8343,.T.);
#8343 = EDGE_LOOP('',(#8344));
#8344 = ORIENTED_EDGE('',*,*,#8345,.T.);
#8345 = EDGE_CURVE('',#8346,#8346,#8348,.T.);
#8346 = VERTEX_POINT('',#8347);
#8347 = CARTESIAN_POINT('',(176.26,-56.11,1.51));
#8348 = CIRCLE('',#8349,1.5);
#8349 = AXIS2_PLACEMENT_3D('',#8350,#8351,#8352);
#8350 = CARTESIAN_POINT('',(176.26,-54.61,1.51));
#8351 = DIRECTION('',(-0.,0.,-1.));
#8352 = DIRECTION('',(-0.,-1.,0.));
#8353 = FACE_BOUND('',#8354,.T.);
#8354 = EDGE_LOOP('',(#8355));
#8355 = ORIENTED_EDGE('',*,*,#8356,.T.);
#8356 = EDGE_CURVE('',#8357,#8357,#8359,.T.);
#8357 = VERTEX_POINT('',#8358);
#8358 = CARTESIAN_POINT('',(182.61,-53.57,1.51));
#8359 = CIRCLE('',#8360,1.5);
#8360 = AXIS2_PLACEMENT_3D('',#8361,#8362,#8363);
#8361 = CARTESIAN_POINT('',(182.61,-52.07,1.51));
#8362 = DIRECTION('',(-0.,0.,-1.));
#8363 = DIRECTION('',(-0.,-1.,0.));
#8364 = FACE_BOUND('',#8365,.T.);
#8365 = EDGE_LOOP('',(#8366));
#8366 = ORIENTED_EDGE('',*,*,#8367,.T.);
#8367 = EDGE_CURVE('',#8368,#8368,#8370,.T.);
#8368 = VERTEX_POINT('',#8369);
#8369 = CARTESIAN_POINT('',(122.92,-49.675,1.51));
#8370 = CIRCLE('',#8371,2.05);
#8371 = AXIS2_PLACEMENT_3D('',#8372,#8373,#8374);
#8372 = CARTESIAN_POINT('',(122.92,-47.625,1.51));
#8373 = DIRECTION('',(-0.,0.,-1.));
#8374 = DIRECTION('',(-0.,-1.,0.));
#8375 = FACE_BOUND('',#8376,.T.);
#8376 = EDGE_LOOP('',(#8377,#8388,#8397,#8406));
#8377 = ORIENTED_EDGE('',*,*,#8378,.T.);
#8378 = EDGE_CURVE('',#8379,#8381,#8383,.T.);
#8379 = VERTEX_POINT('',#8380);
#8380 = CARTESIAN_POINT('',(128.21,-46.69850121424,1.51));
#8381 = VERTEX_POINT('',#8382);
#8382 = CARTESIAN_POINT('',(128.42,-48.575,1.51));
#8383 = CIRCLE('',#8384,0.95);
#8384 = AXIS2_PLACEMENT_3D('',#8385,#8386,#8387);
#8385 = CARTESIAN_POINT('',(128.42,-47.625,1.51));
#8386 = DIRECTION('',(-0.,0.,-1.));
#8387 = DIRECTION('',(-2.991758887411E-14,-1.,0.));
#8388 = ORIENTED_EDGE('',*,*,#8389,.T.);
#8389 = EDGE_CURVE('',#8381,#8390,#8392,.T.);
#8390 = VERTEX_POINT('',#8391);
#8391 = CARTESIAN_POINT('',(128.21,-48.55149878575,1.51));
#8392 = CIRCLE('',#8393,0.95);
#8393 = AXIS2_PLACEMENT_3D('',#8394,#8395,#8396);
#8394 = CARTESIAN_POINT('',(128.42,-47.625,1.51));
#8395 = DIRECTION('',(-0.,0.,-1.));
#8396 = DIRECTION('',(-2.991758887411E-14,-1.,0.));
#8397 = ORIENTED_EDGE('',*,*,#8398,.T.);
#8398 = EDGE_CURVE('',#8390,#8399,#8401,.T.);
#8399 = VERTEX_POINT('',#8400);
#8400 = CARTESIAN_POINT('',(128.,-48.575,1.51));
#8401 = CIRCLE('',#8402,0.95);
#8402 = AXIS2_PLACEMENT_3D('',#8403,#8404,#8405);
#8403 = CARTESIAN_POINT('',(128.,-47.625,1.51));
#8404 = DIRECTION('',(-0.,0.,-1.));
#8405 = DIRECTION('',(-0.,-1.,0.));
#8406 = ORIENTED_EDGE('',*,*,#8407,.T.);
#8407 = EDGE_CURVE('',#8399,#8379,#8408,.T.);
#8408 = CIRCLE('',#8409,0.95);
#8409 = AXIS2_PLACEMENT_3D('',#8410,#8411,#8412);
#8410 = CARTESIAN_POINT('',(128.,-47.625,1.51));
#8411 = DIRECTION('',(-0.,0.,-1.));
#8412 = DIRECTION('',(-0.,-1.,0.));
#8413 = FACE_BOUND('',#8414,.T.);
#8414 = EDGE_LOOP('',(#8415));
#8415 = ORIENTED_EDGE('',*,*,#8416,.T.);
#8416 = EDGE_CURVE('',#8417,#8417,#8419,.T.);
#8417 = VERTEX_POINT('',#8418);
#8418 = CARTESIAN_POINT('',(125.46,-44.045,1.51));
#8419 = CIRCLE('',#8420,1.5);
#8420 = AXIS2_PLACEMENT_3D('',#8421,#8422,#8423);
#8421 = CARTESIAN_POINT('',(125.46,-42.545,1.51));
#8422 = DIRECTION('',(-0.,0.,-1.));
#8423 = DIRECTION('',(-0.,-1.,0.));
#8424 = FACE_BOUND('',#8425,.T.);
#8425 = EDGE_LOOP('',(#8426));
#8426 = ORIENTED_EDGE('',*,*,#8427,.T.);
#8427 = EDGE_CURVE('',#8428,#8428,#8430,.T.);
#8428 = VERTEX_POINT('',#8429);
#8429 = CARTESIAN_POINT('',(138.16,-48.49,1.51));
#8430 = CIRCLE('',#8431,1.5);
#8431 = AXIS2_PLACEMENT_3D('',#8432,#8433,#8434);
#8432 = CARTESIAN_POINT('',(138.16,-46.99,1.51));
#8433 = DIRECTION('',(-0.,0.,-1.));
#8434 = DIRECTION('',(-0.,-1.,0.));
#8435 = FACE_BOUND('',#8436,.T.);
#8436 = EDGE_LOOP('',(#8437));
#8437 = ORIENTED_EDGE('',*,*,#8438,.T.);
#8438 = EDGE_CURVE('',#8439,#8439,#8441,.T.);
#8439 = VERTEX_POINT('',#8440);
#8440 = CARTESIAN_POINT('',(144.51,-45.95,1.51));
#8441 = CIRCLE('',#8442,1.5);
#8442 = AXIS2_PLACEMENT_3D('',#8443,#8444,#8445);
#8443 = CARTESIAN_POINT('',(144.51,-44.45,1.51));
#8444 = DIRECTION('',(-0.,0.,-1.));
#8445 = DIRECTION('',(-0.,-1.,0.));
#8446 = FACE_BOUND('',#8447,.T.);
#8447 = EDGE_LOOP('',(#8448));
#8448 = ORIENTED_EDGE('',*,*,#8449,.T.);
#8449 = EDGE_CURVE('',#8450,#8450,#8452,.T.);
#8450 = VERTEX_POINT('',#8451);
#8451 = CARTESIAN_POINT('',(141.97,-37.88,1.51));
#8452 = CIRCLE('',#8453,1.5);
#8453 = AXIS2_PLACEMENT_3D('',#8454,#8455,#8456);
#8454 = CARTESIAN_POINT('',(141.97,-36.38,1.51));
#8455 = DIRECTION('',(-0.,0.,-1.));
#8456 = DIRECTION('',(-0.,-1.,0.));
#8457 = FACE_BOUND('',#8458,.T.);
#8458 = EDGE_LOOP('',(#8459));
#8459 = ORIENTED_EDGE('',*,*,#8460,.T.);
#8460 = EDGE_CURVE('',#8461,#8461,#8463,.T.);
#8461 = VERTEX_POINT('',#8462);
#8462 = CARTESIAN_POINT('',(122.92,-35.975,1.51));
#8463 = CIRCLE('',#8464,1.5);
#8464 = AXIS2_PLACEMENT_3D('',#8465,#8466,#8467);
#8465 = CARTESIAN_POINT('',(122.92,-34.475,1.51));
#8466 = DIRECTION('',(-0.,0.,-1.));
#8467 = DIRECTION('',(-0.,-1.,0.));
#8468 = FACE_BOUND('',#8469,.T.);
#8469 = EDGE_LOOP('',(#8470));
#8470 = ORIENTED_EDGE('',*,*,#8471,.T.);
#8471 = EDGE_CURVE('',#8472,#8472,#8474,.T.);
#8472 = VERTEX_POINT('',#8473);
#8473 = CARTESIAN_POINT('',(136.97,-35.68,1.51));
#8474 = CIRCLE('',#8475,1.5);
#8475 = AXIS2_PLACEMENT_3D('',#8476,#8477,#8478);
#8476 = CARTESIAN_POINT('',(136.97,-34.18,1.51));
#8477 = DIRECTION('',(-0.,0.,-1.));
#8478 = DIRECTION('',(-0.,-1.,0.));
#8479 = FACE_BOUND('',#8480,.T.);
#8480 = EDGE_LOOP('',(#8481,#8492,#8501,#8510));
#8481 = ORIENTED_EDGE('',*,*,#8482,.T.);
#8482 = EDGE_CURVE('',#8483,#8485,#8487,.T.);
#8483 = VERTEX_POINT('',#8484);
#8484 = CARTESIAN_POINT('',(136.68,-29.55350121424,1.51));
#8485 = VERTEX_POINT('',#8486);
#8486 = CARTESIAN_POINT('',(136.89,-31.43,1.51));
#8487 = CIRCLE('',#8488,0.95);
#8488 = AXIS2_PLACEMENT_3D('',#8489,#8490,#8491);
#8489 = CARTESIAN_POINT('',(136.89,-30.48,1.51));
#8490 = DIRECTION('',(-0.,0.,-1.));
#8491 = DIRECTION('',(-0.,-1.,0.));
#8492 = ORIENTED_EDGE('',*,*,#8493,.T.);
#8493 = EDGE_CURVE('',#8485,#8494,#8496,.T.);
#8494 = VERTEX_POINT('',#8495);
#8495 = CARTESIAN_POINT('',(136.68,-31.40649878575,1.51));
#8496 = CIRCLE('',#8497,0.95);
#8497 = AXIS2_PLACEMENT_3D('',#8498,#8499,#8500);
#8498 = CARTESIAN_POINT('',(136.89,-30.48,1.51));
#8499 = DIRECTION('',(-0.,0.,-1.));
#8500 = DIRECTION('',(-0.,-1.,0.));
#8501 = ORIENTED_EDGE('',*,*,#8502,.T.);
#8502 = EDGE_CURVE('',#8494,#8503,#8505,.T.);
#8503 = VERTEX_POINT('',#8504);
#8504 = CARTESIAN_POINT('',(136.47,-31.43,1.51));
#8505 = CIRCLE('',#8506,0.95);
#8506 = AXIS2_PLACEMENT_3D('',#8507,#8508,#8509);
#8507 = CARTESIAN_POINT('',(136.47,-30.48,1.51));
#8508 = DIRECTION('',(-0.,0.,-1.));
#8509 = DIRECTION('',(-0.,-1.,0.));
#8510 = ORIENTED_EDGE('',*,*,#8511,.T.);
#8511 = EDGE_CURVE('',#8503,#8483,#8512,.T.);
#8512 = CIRCLE('',#8513,0.95);
#8513 = AXIS2_PLACEMENT_3D('',#8514,#8515,#8516);
#8514 = CARTESIAN_POINT('',(136.47,-30.48,1.51));
#8515 = DIRECTION('',(-0.,0.,-1.));
#8516 = DIRECTION('',(-0.,-1.,0.));
#8517 = FACE_BOUND('',#8518,.T.);
#8518 = EDGE_LOOP('',(#8519));
#8519 = ORIENTED_EDGE('',*,*,#8520,.T.);
#8520 = EDGE_CURVE('',#8521,#8521,#8523,.T.);
#8521 = VERTEX_POINT('',#8522);
#8522 = CARTESIAN_POINT('',(122.92,-30.625,1.51));
#8523 = CIRCLE('',#8524,2.05);
#8524 = AXIS2_PLACEMENT_3D('',#8525,#8526,#8527);
#8525 = CARTESIAN_POINT('',(122.92,-28.575,1.51));
#8526 = DIRECTION('',(-0.,0.,-1.));
#8527 = DIRECTION('',(-0.,-1.,0.));
#8528 = FACE_BOUND('',#8529,.T.);
#8529 = EDGE_LOOP('',(#8530,#8541,#8550,#8559));
#8530 = ORIENTED_EDGE('',*,*,#8531,.T.);
#8531 = EDGE_CURVE('',#8532,#8534,#8536,.T.);
#8532 = VERTEX_POINT('',#8533);
#8533 = CARTESIAN_POINT('',(128.21,-27.64850121424,1.51));
#8534 = VERTEX_POINT('',#8535);
#8535 = CARTESIAN_POINT('',(128.42,-29.525,1.51));
#8536 = CIRCLE('',#8537,0.95);
#8537 = AXIS2_PLACEMENT_3D('',#8538,#8539,#8540);
#8538 = CARTESIAN_POINT('',(128.42,-28.575,1.51));
#8539 = DIRECTION('',(-0.,0.,-1.));
#8540 = DIRECTION('',(-2.991758887411E-14,-1.,0.));
#8541 = ORIENTED_EDGE('',*,*,#8542,.T.);
#8542 = EDGE_CURVE('',#8534,#8543,#8545,.T.);
#8543 = VERTEX_POINT('',#8544);
#8544 = CARTESIAN_POINT('',(128.21,-29.50149878575,1.51));
#8545 = CIRCLE('',#8546,0.95);
#8546 = AXIS2_PLACEMENT_3D('',#8547,#8548,#8549);
#8547 = CARTESIAN_POINT('',(128.42,-28.575,1.51));
#8548 = DIRECTION('',(-0.,0.,-1.));
#8549 = DIRECTION('',(-2.991758887411E-14,-1.,0.));
#8550 = ORIENTED_EDGE('',*,*,#8551,.T.);
#8551 = EDGE_CURVE('',#8543,#8552,#8554,.T.);
#8552 = VERTEX_POINT('',#8553);
#8553 = CARTESIAN_POINT('',(128.,-29.525,1.51));
#8554 = CIRCLE('',#8555,0.95);
#8555 = AXIS2_PLACEMENT_3D('',#8556,#8557,#8558);
#8556 = CARTESIAN_POINT('',(128.,-28.575,1.51));
#8557 = DIRECTION('',(-0.,0.,-1.));
#8558 = DIRECTION('',(-0.,-1.,0.));
#8559 = ORIENTED_EDGE('',*,*,#8560,.T.);
#8560 = EDGE_CURVE('',#8552,#8532,#8561,.T.);
#8561 = CIRCLE('',#8562,0.95);
#8562 = AXIS2_PLACEMENT_3D('',#8563,#8564,#8565);
#8563 = CARTESIAN_POINT('',(128.,-28.575,1.51));
#8564 = DIRECTION('',(-0.,0.,-1.));
#8565 = DIRECTION('',(-0.,-1.,0.));
#8566 = FACE_BOUND('',#8567,.T.);
#8567 = EDGE_LOOP('',(#8568));
#8568 = ORIENTED_EDGE('',*,*,#8569,.T.);
#8569 = EDGE_CURVE('',#8570,#8570,#8572,.T.);
#8570 = VERTEX_POINT('',#8571);
#8571 = CARTESIAN_POINT('',(125.46,-24.995,1.51));
#8572 = CIRCLE('',#8573,1.5);
#8573 = AXIS2_PLACEMENT_3D('',#8574,#8575,#8576);
#8574 = CARTESIAN_POINT('',(125.46,-23.495,1.51));
#8575 = DIRECTION('',(-0.,0.,-1.));
#8576 = DIRECTION('',(-0.,-1.,0.));
#8577 = FACE_BOUND('',#8578,.T.);
#8578 = EDGE_LOOP('',(#8579));
#8579 = ORIENTED_EDGE('',*,*,#8580,.T.);
#8580 = EDGE_CURVE('',#8581,#8581,#8583,.T.);
#8581 = VERTEX_POINT('',#8582);
#8582 = CARTESIAN_POINT('',(141.97,-32.53,1.51));
#8583 = CIRCLE('',#8584,2.05);
#8584 = AXIS2_PLACEMENT_3D('',#8585,#8586,#8587);
#8585 = CARTESIAN_POINT('',(141.97,-30.48,1.51));
#8586 = DIRECTION('',(-0.,0.,-1.));
#8587 = DIRECTION('',(-0.,-1.,0.));
#8588 = FACE_BOUND('',#8589,.T.);
#8589 = EDGE_LOOP('',(#8590,#8601,#8610,#8619));
#8590 = ORIENTED_EDGE('',*,*,#8591,.T.);
#8591 = EDGE_CURVE('',#8592,#8594,#8596,.T.);
#8592 = VERTEX_POINT('',#8593);
#8593 = CARTESIAN_POINT('',(147.26,-29.55350121424,1.51));
#8594 = VERTEX_POINT('',#8595);
#8595 = CARTESIAN_POINT('',(147.47,-31.43,1.51));
#8596 = CIRCLE('',#8597,0.95);
#8597 = AXIS2_PLACEMENT_3D('',#8598,#8599,#8600);
#8598 = CARTESIAN_POINT('',(147.47,-30.48,1.51));
#8599 = DIRECTION('',(-0.,0.,-1.));
#8600 = DIRECTION('',(-0.,-1.,0.));
#8601 = ORIENTED_EDGE('',*,*,#8602,.T.);
#8602 = EDGE_CURVE('',#8594,#8603,#8605,.T.);
#8603 = VERTEX_POINT('',#8604);
#8604 = CARTESIAN_POINT('',(147.26,-31.40649878575,1.51));
#8605 = CIRCLE('',#8606,0.95);
#8606 = AXIS2_PLACEMENT_3D('',#8607,#8608,#8609);
#8607 = CARTESIAN_POINT('',(147.47,-30.48,1.51));
#8608 = DIRECTION('',(-0.,0.,-1.));
#8609 = DIRECTION('',(-0.,-1.,0.));
#8610 = ORIENTED_EDGE('',*,*,#8611,.T.);
#8611 = EDGE_CURVE('',#8603,#8612,#8614,.T.);
#8612 = VERTEX_POINT('',#8613);
#8613 = CARTESIAN_POINT('',(147.05,-31.43,1.51));
#8614 = CIRCLE('',#8615,0.95);
#8615 = AXIS2_PLACEMENT_3D('',#8616,#8617,#8618);
#8616 = CARTESIAN_POINT('',(147.05,-30.48,1.51));
#8617 = DIRECTION('',(-0.,0.,-1.));
#8618 = DIRECTION('',(-0.,-1.,0.));
#8619 = ORIENTED_EDGE('',*,*,#8620,.T.);
#8620 = EDGE_CURVE('',#8612,#8592,#8621,.T.);
#8621 = CIRCLE('',#8622,0.95);
#8622 = AXIS2_PLACEMENT_3D('',#8623,#8624,#8625);
#8623 = CARTESIAN_POINT('',(147.05,-30.48,1.51));
#8624 = DIRECTION('',(-0.,0.,-1.));
#8625 = DIRECTION('',(-0.,-1.,0.));
#8626 = FACE_BOUND('',#8627,.T.);
#8627 = EDGE_LOOP('',(#8628));
#8628 = ORIENTED_EDGE('',*,*,#8629,.T.);
#8629 = EDGE_CURVE('',#8630,#8630,#8632,.T.);
#8630 = VERTEX_POINT('',#8631);
#8631 = CARTESIAN_POINT('',(138.16,-29.44,1.51));
#8632 = CIRCLE('',#8633,1.5);
#8633 = AXIS2_PLACEMENT_3D('',#8634,#8635,#8636);
#8634 = CARTESIAN_POINT('',(138.16,-27.94,1.51));
#8635 = DIRECTION('',(-0.,0.,-1.));
#8636 = DIRECTION('',(-0.,-1.,0.));
#8637 = FACE_BOUND('',#8638,.T.);
#8638 = EDGE_LOOP('',(#8639));
#8639 = ORIENTED_EDGE('',*,*,#8640,.T.);
#8640 = EDGE_CURVE('',#8641,#8641,#8643,.T.);
#8641 = VERTEX_POINT('',#8642);
#8642 = CARTESIAN_POINT('',(144.51,-26.9,1.51));
#8643 = CIRCLE('',#8644,1.5);
#8644 = AXIS2_PLACEMENT_3D('',#8645,#8646,#8647);
#8645 = CARTESIAN_POINT('',(144.51,-25.4,1.51));
#8646 = DIRECTION('',(-0.,0.,-1.));
#8647 = DIRECTION('',(-0.,-1.,0.));
#8648 = FACE_BOUND('',#8649,.T.);
#8649 = EDGE_LOOP('',(#8650));
#8650 = ORIENTED_EDGE('',*,*,#8651,.T.);
#8651 = EDGE_CURVE('',#8652,#8652,#8654,.T.);
#8652 = VERTEX_POINT('',#8653);
#8653 = CARTESIAN_POINT('',(161.02,-45.5,1.51));
#8654 = CIRCLE('',#8655,1.5);
#8655 = AXIS2_PLACEMENT_3D('',#8656,#8657,#8658);
#8656 = CARTESIAN_POINT('',(161.02,-44.,1.51));
#8657 = DIRECTION('',(-0.,0.,-1.));
#8658 = DIRECTION('',(-0.,-1.,0.));
#8659 = FACE_BOUND('',#8660,.T.);
#8660 = EDGE_LOOP('',(#8661));
#8661 = ORIENTED_EDGE('',*,*,#8662,.T.);
#8662 = EDGE_CURVE('',#8663,#8663,#8665,.T.);
#8663 = VERTEX_POINT('',#8664);
#8664 = CARTESIAN_POINT('',(156.02,-43.3,1.51));
#8665 = CIRCLE('',#8666,1.5);
#8666 = AXIS2_PLACEMENT_3D('',#8667,#8668,#8669);
#8667 = CARTESIAN_POINT('',(156.02,-41.8,1.51));
#8668 = DIRECTION('',(-0.,0.,-1.));
#8669 = DIRECTION('',(-0.,-1.,0.));
#8670 = FACE_BOUND('',#8671,.T.);
#8671 = EDGE_LOOP('',(#8672,#8683,#8692,#8701));
#8672 = ORIENTED_EDGE('',*,*,#8673,.T.);
#8673 = EDGE_CURVE('',#8674,#8676,#8678,.T.);
#8674 = VERTEX_POINT('',#8675);
#8675 = CARTESIAN_POINT('',(155.73,-37.17350121424,1.51));
#8676 = VERTEX_POINT('',#8677);
#8677 = CARTESIAN_POINT('',(155.94,-39.05,1.51));
#8678 = CIRCLE('',#8679,0.95);
#8679 = AXIS2_PLACEMENT_3D('',#8680,#8681,#8682);
#8680 = CARTESIAN_POINT('',(155.94,-38.1,1.51));
#8681 = DIRECTION('',(-0.,0.,-1.));
#8682 = DIRECTION('',(-0.,-1.,0.));
#8683 = ORIENTED_EDGE('',*,*,#8684,.T.);
#8684 = EDGE_CURVE('',#8676,#8685,#8687,.T.);
#8685 = VERTEX_POINT('',#8686);
#8686 = CARTESIAN_POINT('',(155.73,-39.02649878575,1.51));
#8687 = CIRCLE('',#8688,0.95);
#8688 = AXIS2_PLACEMENT_3D('',#8689,#8690,#8691);
#8689 = CARTESIAN_POINT('',(155.94,-38.1,1.51));
#8690 = DIRECTION('',(-0.,0.,-1.));
#8691 = DIRECTION('',(-0.,-1.,0.));
#8692 = ORIENTED_EDGE('',*,*,#8693,.T.);
#8693 = EDGE_CURVE('',#8685,#8694,#8696,.T.);
#8694 = VERTEX_POINT('',#8695);
#8695 = CARTESIAN_POINT('',(155.52,-39.05,1.51));
#8696 = CIRCLE('',#8697,0.95);
#8697 = AXIS2_PLACEMENT_3D('',#8698,#8699,#8700);
#8698 = CARTESIAN_POINT('',(155.52,-38.1,1.51));
#8699 = DIRECTION('',(-0.,0.,-1.));
#8700 = DIRECTION('',(2.991758887411E-14,-1.,-0.));
#8701 = ORIENTED_EDGE('',*,*,#8702,.T.);
#8702 = EDGE_CURVE('',#8694,#8674,#8703,.T.);
#8703 = CIRCLE('',#8704,0.95);
#8704 = AXIS2_PLACEMENT_3D('',#8705,#8706,#8707);
#8705 = CARTESIAN_POINT('',(155.52,-38.1,1.51));
#8706 = DIRECTION('',(-0.,0.,-1.));
#8707 = DIRECTION('',(2.991758887411E-14,-1.,-0.));
#8708 = FACE_BOUND('',#8709,.T.);
#8709 = EDGE_LOOP('',(#8710));
#8710 = ORIENTED_EDGE('',*,*,#8711,.T.);
#8711 = EDGE_CURVE('',#8712,#8712,#8714,.T.);
#8712 = VERTEX_POINT('',#8713);
#8713 = CARTESIAN_POINT('',(161.02,-40.15,1.51));
#8714 = CIRCLE('',#8715,2.05);
#8715 = AXIS2_PLACEMENT_3D('',#8716,#8717,#8718);
#8716 = CARTESIAN_POINT('',(161.02,-38.1,1.51));
#8717 = DIRECTION('',(-0.,0.,-1.));
#8718 = DIRECTION('',(1.386424850264E-14,-1.,-0.));
#8719 = FACE_BOUND('',#8720,.T.);
#8720 = EDGE_LOOP('',(#8721,#8732,#8741,#8750));
#8721 = ORIENTED_EDGE('',*,*,#8722,.T.);
#8722 = EDGE_CURVE('',#8723,#8725,#8727,.T.);
#8723 = VERTEX_POINT('',#8724);
#8724 = CARTESIAN_POINT('',(166.31,-37.17350121424,1.51));
#8725 = VERTEX_POINT('',#8726);
#8726 = CARTESIAN_POINT('',(166.52,-39.05,1.51));
#8727 = CIRCLE('',#8728,0.95);
#8728 = AXIS2_PLACEMENT_3D('',#8729,#8730,#8731);
#8729 = CARTESIAN_POINT('',(166.52,-38.1,1.51));
#8730 = DIRECTION('',(-0.,0.,-1.));
#8731 = DIRECTION('',(2.991758887411E-14,-1.,-0.));
#8732 = ORIENTED_EDGE('',*,*,#8733,.T.);
#8733 = EDGE_CURVE('',#8725,#8734,#8736,.T.);
#8734 = VERTEX_POINT('',#8735);
#8735 = CARTESIAN_POINT('',(166.31,-39.02649878575,1.51));
#8736 = CIRCLE('',#8737,0.95);
#8737 = AXIS2_PLACEMENT_3D('',#8738,#8739,#8740);
#8738 = CARTESIAN_POINT('',(166.52,-38.1,1.51));
#8739 = DIRECTION('',(-0.,0.,-1.));
#8740 = DIRECTION('',(2.991758887411E-14,-1.,-0.));
#8741 = ORIENTED_EDGE('',*,*,#8742,.T.);
#8742 = EDGE_CURVE('',#8734,#8743,#8745,.T.);
#8743 = VERTEX_POINT('',#8744);
#8744 = CARTESIAN_POINT('',(166.1,-39.05,1.51));
#8745 = CIRCLE('',#8746,0.95);
#8746 = AXIS2_PLACEMENT_3D('',#8747,#8748,#8749);
#8747 = CARTESIAN_POINT('',(166.1,-38.1,1.51));
#8748 = DIRECTION('',(-0.,0.,-1.));
#8749 = DIRECTION('',(-2.991758887411E-14,-1.,0.));
#8750 = ORIENTED_EDGE('',*,*,#8751,.T.);
#8751 = EDGE_CURVE('',#8743,#8723,#8752,.T.);
#8752 = CIRCLE('',#8753,0.95);
#8753 = AXIS2_PLACEMENT_3D('',#8754,#8755,#8756);
#8754 = CARTESIAN_POINT('',(166.1,-38.1,1.51));
#8755 = DIRECTION('',(-0.,0.,-1.));
#8756 = DIRECTION('',(-2.991758887411E-14,-1.,0.));
#8757 = FACE_BOUND('',#8758,.T.);
#8758 = EDGE_LOOP('',(#8759));
#8759 = ORIENTED_EDGE('',*,*,#8760,.T.);
#8760 = EDGE_CURVE('',#8761,#8761,#8763,.T.);
#8761 = VERTEX_POINT('',#8762);
#8762 = CARTESIAN_POINT('',(180.07,-45.5,1.51));
#8763 = CIRCLE('',#8764,1.5);
#8764 = AXIS2_PLACEMENT_3D('',#8765,#8766,#8767);
#8765 = CARTESIAN_POINT('',(180.07,-44.,1.51));
#8766 = DIRECTION('',(-0.,0.,-1.));
#8767 = DIRECTION('',(-0.,-1.,0.));
#8768 = FACE_BOUND('',#8769,.T.);
#8769 = EDGE_LOOP('',(#8770));
#8770 = ORIENTED_EDGE('',*,*,#8771,.T.);
#8771 = EDGE_CURVE('',#8772,#8772,#8774,.T.);
#8772 = VERTEX_POINT('',#8773);
#8773 = CARTESIAN_POINT('',(175.07,-43.3,1.51));
#8774 = CIRCLE('',#8775,1.5);
#8775 = AXIS2_PLACEMENT_3D('',#8776,#8777,#8778);
#8776 = CARTESIAN_POINT('',(175.07,-41.8,1.51));
#8777 = DIRECTION('',(-0.,0.,-1.));
#8778 = DIRECTION('',(-0.,-1.,0.));
#8779 = FACE_BOUND('',#8780,.T.);
#8780 = EDGE_LOOP('',(#8781,#8792,#8801,#8810));
#8781 = ORIENTED_EDGE('',*,*,#8782,.T.);
#8782 = EDGE_CURVE('',#8783,#8785,#8787,.T.);
#8783 = VERTEX_POINT('',#8784);
#8784 = CARTESIAN_POINT('',(174.78,-37.17350121424,1.51));
#8785 = VERTEX_POINT('',#8786);
#8786 = CARTESIAN_POINT('',(174.99,-39.05,1.51));
#8787 = CIRCLE('',#8788,0.95);
#8788 = AXIS2_PLACEMENT_3D('',#8789,#8790,#8791);
#8789 = CARTESIAN_POINT('',(174.99,-38.1,1.51));
#8790 = DIRECTION('',(-0.,0.,-1.));
#8791 = DIRECTION('',(-0.,-1.,0.));
#8792 = ORIENTED_EDGE('',*,*,#8793,.T.);
#8793 = EDGE_CURVE('',#8785,#8794,#8796,.T.);
#8794 = VERTEX_POINT('',#8795);
#8795 = CARTESIAN_POINT('',(174.78,-39.02649878575,1.51));
#8796 = CIRCLE('',#8797,0.95);
#8797 = AXIS2_PLACEMENT_3D('',#8798,#8799,#8800);
#8798 = CARTESIAN_POINT('',(174.99,-38.1,1.51));
#8799 = DIRECTION('',(-0.,0.,-1.));
#8800 = DIRECTION('',(-0.,-1.,0.));
#8801 = ORIENTED_EDGE('',*,*,#8802,.T.);
#8802 = EDGE_CURVE('',#8794,#8803,#8805,.T.);
#8803 = VERTEX_POINT('',#8804);
#8804 = CARTESIAN_POINT('',(174.57,-39.05,1.51));
#8805 = CIRCLE('',#8806,0.95);
#8806 = AXIS2_PLACEMENT_3D('',#8807,#8808,#8809);
#8807 = CARTESIAN_POINT('',(174.57,-38.1,1.51));
#8808 = DIRECTION('',(-0.,0.,-1.));
#8809 = DIRECTION('',(-0.,-1.,0.));
#8810 = ORIENTED_EDGE('',*,*,#8811,.T.);
#8811 = EDGE_CURVE('',#8803,#8783,#8812,.T.);
#8812 = CIRCLE('',#8813,0.95);
#8813 = AXIS2_PLACEMENT_3D('',#8814,#8815,#8816);
#8814 = CARTESIAN_POINT('',(174.57,-38.1,1.51));
#8815 = DIRECTION('',(-0.,0.,-1.));
#8816 = DIRECTION('',(-0.,-1.,0.));
#8817 = FACE_BOUND('',#8818,.T.);
#8818 = EDGE_LOOP('',(#8819));
#8819 = ORIENTED_EDGE('',*,*,#8820,.T.);
#8820 = EDGE_CURVE('',#8821,#8821,#8823,.T.);
#8821 = VERTEX_POINT('',#8822);
#8822 = CARTESIAN_POINT('',(180.07,-40.15,1.51));
#8823 = CIRCLE('',#8824,2.05);
#8824 = AXIS2_PLACEMENT_3D('',#8825,#8826,#8827);
#8825 = CARTESIAN_POINT('',(180.07,-38.1,1.51));
#8826 = DIRECTION('',(-0.,0.,-1.));
#8827 = DIRECTION('',(-0.,-1.,0.));
#8828 = FACE_BOUND('',#8829,.T.);
#8829 = EDGE_LOOP('',(#8830,#8841,#8850,#8859));
#8830 = ORIENTED_EDGE('',*,*,#8831,.T.);
#8831 = EDGE_CURVE('',#8832,#8834,#8836,.T.);
#8832 = VERTEX_POINT('',#8833);
#8833 = CARTESIAN_POINT('',(185.36,-37.17350121424,1.51));
#8834 = VERTEX_POINT('',#8835);
#8835 = CARTESIAN_POINT('',(185.57,-39.05,1.51));
#8836 = CIRCLE('',#8837,0.95);
#8837 = AXIS2_PLACEMENT_3D('',#8838,#8839,#8840);
#8838 = CARTESIAN_POINT('',(185.57,-38.1,1.51));
#8839 = DIRECTION('',(-0.,0.,-1.));
#8840 = DIRECTION('',(-0.,-1.,0.));
#8841 = ORIENTED_EDGE('',*,*,#8842,.T.);
#8842 = EDGE_CURVE('',#8834,#8843,#8845,.T.);
#8843 = VERTEX_POINT('',#8844);
#8844 = CARTESIAN_POINT('',(185.36,-39.02649878575,1.51));
#8845 = CIRCLE('',#8846,0.95);
#8846 = AXIS2_PLACEMENT_3D('',#8847,#8848,#8849);
#8847 = CARTESIAN_POINT('',(185.57,-38.1,1.51));
#8848 = DIRECTION('',(-0.,0.,-1.));
#8849 = DIRECTION('',(-0.,-1.,0.));
#8850 = ORIENTED_EDGE('',*,*,#8851,.T.);
#8851 = EDGE_CURVE('',#8843,#8852,#8854,.T.);
#8852 = VERTEX_POINT('',#8853);
#8853 = CARTESIAN_POINT('',(185.15,-39.05,1.51));
#8854 = CIRCLE('',#8855,0.95);
#8855 = AXIS2_PLACEMENT_3D('',#8856,#8857,#8858);
#8856 = CARTESIAN_POINT('',(185.15,-38.1,1.51));
#8857 = DIRECTION('',(-0.,0.,-1.));
#8858 = DIRECTION('',(2.991758887411E-14,-1.,-0.));
#8859 = ORIENTED_EDGE('',*,*,#8860,.T.);
#8860 = EDGE_CURVE('',#8852,#8832,#8861,.T.);
#8861 = CIRCLE('',#8862,0.95);
#8862 = AXIS2_PLACEMENT_3D('',#8863,#8864,#8865);
#8863 = CARTESIAN_POINT('',(185.15,-38.1,1.51));
#8864 = DIRECTION('',(-0.,0.,-1.));
#8865 = DIRECTION('',(2.991758887411E-14,-1.,-0.));
#8866 = FACE_BOUND('',#8867,.T.);
#8867 = EDGE_LOOP('',(#8868));
#8868 = ORIENTED_EDGE('',*,*,#8869,.T.);
#8869 = EDGE_CURVE('',#8870,#8870,#8872,.T.);
#8870 = VERTEX_POINT('',#8871);
#8871 = CARTESIAN_POINT('',(157.21,-37.06,1.51));
#8872 = CIRCLE('',#8873,1.5);
#8873 = AXIS2_PLACEMENT_3D('',#8874,#8875,#8876);
#8874 = CARTESIAN_POINT('',(157.21,-35.56,1.51));
#8875 = DIRECTION('',(-0.,0.,-1.));
#8876 = DIRECTION('',(-0.,-1.,0.));
#8877 = FACE_BOUND('',#8878,.T.);
#8878 = EDGE_LOOP('',(#8879));
#8879 = ORIENTED_EDGE('',*,*,#8880,.T.);
#8880 = EDGE_CURVE('',#8881,#8881,#8883,.T.);
#8881 = VERTEX_POINT('',#8882);
#8882 = CARTESIAN_POINT('',(163.56,-34.52,1.51));
#8883 = CIRCLE('',#8884,1.5);
#8884 = AXIS2_PLACEMENT_3D('',#8885,#8886,#8887);
#8885 = CARTESIAN_POINT('',(163.56,-33.02,1.51));
#8886 = DIRECTION('',(-0.,0.,-1.));
#8887 = DIRECTION('',(-0.,-1.,0.));
#8888 = FACE_BOUND('',#8889,.T.);
#8889 = EDGE_LOOP('',(#8890));
#8890 = ORIENTED_EDGE('',*,*,#8891,.T.);
#8891 = EDGE_CURVE('',#8892,#8892,#8894,.T.);
#8892 = VERTEX_POINT('',#8893);
#8893 = CARTESIAN_POINT('',(176.26,-37.06,1.51));
#8894 = CIRCLE('',#8895,1.5);
#8895 = AXIS2_PLACEMENT_3D('',#8896,#8897,#8898);
#8896 = CARTESIAN_POINT('',(176.26,-35.56,1.51));
#8897 = DIRECTION('',(-0.,0.,-1.));
#8898 = DIRECTION('',(-0.,-1.,0.));
#8899 = FACE_BOUND('',#8900,.T.);
#8900 = EDGE_LOOP('',(#8901));
#8901 = ORIENTED_EDGE('',*,*,#8902,.T.);
#8902 = EDGE_CURVE('',#8903,#8903,#8905,.T.);
#8903 = VERTEX_POINT('',#8904);
#8904 = CARTESIAN_POINT('',(182.61,-34.52,1.51));
#8905 = CIRCLE('',#8906,1.5);
#8906 = AXIS2_PLACEMENT_3D('',#8907,#8908,#8909);
#8907 = CARTESIAN_POINT('',(182.61,-33.02,1.51));
#8908 = DIRECTION('',(-0.,0.,-1.));
#8909 = DIRECTION('',(-0.,-1.,0.));
#8910 = PLANE('',#8911);
#8911 = AXIS2_PLACEMENT_3D('',#8912,#8913,#8914);
#8912 = CARTESIAN_POINT('',(0.,0.,1.51));
#8913 = DIRECTION('',(0.,0.,1.));
#8914 = DIRECTION('',(1.,0.,-0.));
#8915 = ADVANCED_FACE('',(#8916),#8927,.T.);
#8916 = FACE_BOUND('',#8917,.T.);
#8917 = EDGE_LOOP('',(#8918,#8924,#8925,#8926));
#8918 = ORIENTED_EDGE('',*,*,#8919,.T.);
#8919 = EDGE_CURVE('',#148,#4535,#8920,.T.);
#8920 = LINE('',#8921,#8922);
#8921 = CARTESIAN_POINT('',(113.395,-20.05,0.));
#8922 = VECTOR('',#8923,1.);
#8923 = DIRECTION('',(0.,0.,1.));
#8924 = ORIENTED_EDGE('',*,*,#4534,.T.);
#8925 = ORIENTED_EDGE('',*,*,#81,.F.);
#8926 = ORIENTED_EDGE('',*,*,#147,.F.);
#8927 = CYLINDRICAL_SURFACE('',#8928,0.999999252925);
#8928 = AXIS2_PLACEMENT_3D('',#8929,#8930,#8931);
#8929 = CARTESIAN_POINT('',(114.39499925292,-20.04999925292,0.));
#8930 = DIRECTION('',(0.,0.,-1.));
#8931 = DIRECTION('',(-1.,-7.470757314012E-07,-0.));
#8932 = ADVANCED_FACE('',(#8933),#8944,.T.);
#8933 = FACE_BOUND('',#8934,.T.);
#8934 = EDGE_LOOP('',(#8935,#8936,#8937,#8943));
#8935 = ORIENTED_EDGE('',*,*,#122,.T.);
#8936 = ORIENTED_EDGE('',*,*,#4864,.T.);
#8937 = ORIENTED_EDGE('',*,*,#8938,.F.);
#8938 = EDGE_CURVE('',#469,#4856,#8939,.T.);
#8939 = LINE('',#8940,#8941);
#8940 = CARTESIAN_POINT('',(150.495,-20.955,0.));
#8941 = VECTOR('',#8942,1.);
#8942 = DIRECTION('',(0.,0.,1.));
#8943 = ORIENTED_EDGE('',*,*,#477,.F.);
#8944 = PLANE('',#8945);
#8945 = AXIS2_PLACEMENT_3D('',#8946,#8947,#8948);
#8946 = CARTESIAN_POINT('',(133.445,-20.955001,0.));
#8947 = DIRECTION('',(-5.865102645325E-08,1.,0.));
#8948 = DIRECTION('',(1.,5.865102645325E-08,0.));
#8949 = ADVANCED_FACE('',(#8950),#8961,.T.);
#8950 = FACE_BOUND('',#8951,.T.);
#8951 = EDGE_LOOP('',(#8952,#8958,#8959,#8960));
#8952 = ORIENTED_EDGE('',*,*,#8953,.T.);
#8953 = EDGE_CURVE('',#157,#4544,#8954,.T.);
#8954 = LINE('',#8955,#8956);
#8955 = CARTESIAN_POINT('',(113.395,-20.9075,0.));
#8956 = VECTOR('',#8957,1.);
#8957 = DIRECTION('',(0.,0.,1.));
#8958 = ORIENTED_EDGE('',*,*,#4543,.T.);
#8959 = ORIENTED_EDGE('',*,*,#8919,.F.);
#8960 = ORIENTED_EDGE('',*,*,#156,.F.);
#8961 = PLANE('',#8962);
#8962 = AXIS2_PLACEMENT_3D('',#8963,#8964,#8965);
#8963 = CARTESIAN_POINT('',(113.395,-20.9075,0.));
#8964 = DIRECTION('',(-1.,0.,0.));
#8965 = DIRECTION('',(0.,1.,0.));
#8966 = ADVANCED_FACE('',(#8967),#8978,.T.);
#8967 = FACE_BOUND('',#8968,.T.);
#8968 = EDGE_LOOP('',(#8969,#8970,#8971,#8977));
#8969 = ORIENTED_EDGE('',*,*,#8938,.T.);
#8970 = ORIENTED_EDGE('',*,*,#4855,.T.);
#8971 = ORIENTED_EDGE('',*,*,#8972,.F.);
#8972 = EDGE_CURVE('',#461,#4848,#8973,.T.);
#8973 = LINE('',#8974,#8975);
#8974 = CARTESIAN_POINT('',(151.495,-21.955,0.));
#8975 = VECTOR('',#8976,1.);
#8976 = DIRECTION('',(0.,0.,1.));
#8977 = ORIENTED_EDGE('',*,*,#468,.F.);
#8978 = CYLINDRICAL_SURFACE('',#8979,0.999999252925);
#8979 = AXIS2_PLACEMENT_3D('',#8980,#8981,#8982);
#8980 = CARTESIAN_POINT('',(150.49500074707,-21.95499925292,0.));
#8981 = DIRECTION('',(0.,0.,-1.));
#8982 = DIRECTION('',(-7.470757633756E-07,1.,0.));
#8983 = ADVANCED_FACE('',(#8984),#8995,.F.);
#8984 = FACE_BOUND('',#8985,.T.);
#8985 = EDGE_LOOP('',(#8986,#8992,#8993,#8994));
#8986 = ORIENTED_EDGE('',*,*,#8987,.T.);
#8987 = EDGE_CURVE('',#165,#4552,#8988,.T.);
#8988 = LINE('',#8989,#8990);
#8989 = CARTESIAN_POINT('',(112.395,-21.9075,0.));
#8990 = VECTOR('',#8991,1.);
#8991 = DIRECTION('',(0.,0.,1.));
#8992 = ORIENTED_EDGE('',*,*,#4551,.T.);
#8993 = ORIENTED_EDGE('',*,*,#8953,.F.);
#8994 = ORIENTED_EDGE('',*,*,#164,.F.);
#8995 = CYLINDRICAL_SURFACE('',#8996,0.999999252925);
#8996 = AXIS2_PLACEMENT_3D('',#8997,#8998,#8999);
#8997 = CARTESIAN_POINT('',(112.39500074707,-20.90750074707,0.));
#8998 = DIRECTION('',(-0.,-0.,-1.));
#8999 = DIRECTION('',(-7.470757491648E-07,-1.,0.));
#9000 = ADVANCED_FACE('',(#9001),#9012,.T.);
#9001 = FACE_BOUND('',#9002,.T.);
#9002 = EDGE_LOOP('',(#9003,#9004,#9005,#9011));
#9003 = ORIENTED_EDGE('',*,*,#8972,.T.);
#9004 = ORIENTED_EDGE('',*,*,#4847,.T.);
#9005 = ORIENTED_EDGE('',*,*,#9006,.F.);
#9006 = EDGE_CURVE('',#452,#4839,#9007,.T.);
#9007 = LINE('',#9008,#9009);
#9008 = CARTESIAN_POINT('',(151.495,-27.575,0.));
#9009 = VECTOR('',#9010,1.);
#9010 = DIRECTION('',(0.,0.,1.));
#9011 = ORIENTED_EDGE('',*,*,#460,.F.);
#9012 = PLANE('',#9013);
#9013 = AXIS2_PLACEMENT_3D('',#9014,#9015,#9016);
#9014 = CARTESIAN_POINT('',(151.495,-21.955,0.));
#9015 = DIRECTION('',(1.,0.,-0.));
#9016 = DIRECTION('',(0.,-1.,0.));
#9017 = ADVANCED_FACE('',(#9018),#9029,.T.);
#9018 = FACE_BOUND('',#9019,.T.);
#9019 = EDGE_LOOP('',(#9020,#9026,#9027,#9028));
#9020 = ORIENTED_EDGE('',*,*,#9021,.T.);
#9021 = EDGE_CURVE('',#174,#4561,#9022,.T.);
#9022 = LINE('',#9023,#9024);
#9023 = CARTESIAN_POINT('',(95.345,-21.9075,0.));
#9024 = VECTOR('',#9025,1.);
#9025 = DIRECTION('',(0.,0.,1.));
#9026 = ORIENTED_EDGE('',*,*,#4560,.T.);
#9027 = ORIENTED_EDGE('',*,*,#8987,.F.);
#9028 = ORIENTED_EDGE('',*,*,#173,.F.);
#9029 = PLANE('',#9030);
#9030 = AXIS2_PLACEMENT_3D('',#9031,#9032,#9033);
#9031 = CARTESIAN_POINT('',(95.345,-21.9075,0.));
#9032 = DIRECTION('',(0.,1.,0.));
#9033 = DIRECTION('',(1.,0.,0.));
#9034 = ADVANCED_FACE('',(#9035),#9046,.F.);
#9035 = FACE_BOUND('',#9036,.T.);
#9036 = EDGE_LOOP('',(#9037,#9038,#9039,#9045));
#9037 = ORIENTED_EDGE('',*,*,#9006,.T.);
#9038 = ORIENTED_EDGE('',*,*,#4838,.T.);
#9039 = ORIENTED_EDGE('',*,*,#9040,.F.);
#9040 = EDGE_CURVE('',#444,#4831,#9041,.T.);
#9041 = LINE('',#9042,#9043);
#9042 = CARTESIAN_POINT('',(152.495,-28.575,0.));
#9043 = VECTOR('',#9044,1.);
#9044 = DIRECTION('',(0.,0.,1.));
#9045 = ORIENTED_EDGE('',*,*,#451,.F.);
#9046 = CYLINDRICAL_SURFACE('',#9047,0.999999252925);
#9047 = AXIS2_PLACEMENT_3D('',#9048,#9049,#9050);
#9048 = CARTESIAN_POINT('',(152.49499925292,-27.57500074707,0.));
#9049 = DIRECTION('',(-0.,-0.,-1.));
#9050 = DIRECTION('',(-1.,7.470757562702E-07,0.));
#9051 = ADVANCED_FACE('',(#9052),#9063,.T.);
#9052 = FACE_BOUND('',#9053,.T.);
#9053 = EDGE_LOOP('',(#9054,#9060,#9061,#9062));
#9054 = ORIENTED_EDGE('',*,*,#9055,.T.);
#9055 = EDGE_CURVE('',#182,#4569,#9056,.T.);
#9056 = LINE('',#9057,#9058);
#9057 = CARTESIAN_POINT('',(94.345,-22.9075,0.));
#9058 = VECTOR('',#9059,1.);
#9059 = DIRECTION('',(0.,0.,1.));
#9060 = ORIENTED_EDGE('',*,*,#4568,.T.);
#9061 = ORIENTED_EDGE('',*,*,#9021,.F.);
#9062 = ORIENTED_EDGE('',*,*,#181,.F.);
#9063 = CYLINDRICAL_SURFACE('',#9064,0.999999252925);
#9064 = AXIS2_PLACEMENT_3D('',#9065,#9066,#9067);
#9065 = CARTESIAN_POINT('',(95.344999252925,-22.90749925292,0.));
#9066 = DIRECTION('',(0.,0.,-1.));
#9067 = DIRECTION('',(-1.,-7.470757314012E-07,-0.));
#9068 = ADVANCED_FACE('',(#9069),#9080,.T.);
#9069 = FACE_BOUND('',#9070,.T.);
#9070 = EDGE_LOOP('',(#9071,#9072,#9073,#9079));
#9071 = ORIENTED_EDGE('',*,*,#9040,.T.);
#9072 = ORIENTED_EDGE('',*,*,#4830,.T.);
#9073 = ORIENTED_EDGE('',*,*,#9074,.F.);
#9074 = EDGE_CURVE('',#435,#4822,#9075,.T.);
#9075 = LINE('',#9076,#9077);
#9076 = CARTESIAN_POINT('',(188.595,-28.575,0.));
#9077 = VECTOR('',#9078,1.);
#9078 = DIRECTION('',(0.,0.,1.));
#9079 = ORIENTED_EDGE('',*,*,#443,.F.);
#9080 = PLANE('',#9081);
#9081 = AXIS2_PLACEMENT_3D('',#9082,#9083,#9084);
#9082 = CARTESIAN_POINT('',(152.495,-28.575,0.));
#9083 = DIRECTION('',(0.,1.,0.));
#9084 = DIRECTION('',(1.,0.,0.));
#9085 = ADVANCED_FACE('',(#9086),#9097,.T.);
#9086 = FACE_BOUND('',#9087,.T.);
#9087 = EDGE_LOOP('',(#9088,#9094,#9095,#9096));
#9088 = ORIENTED_EDGE('',*,*,#9089,.T.);
#9089 = EDGE_CURVE('',#191,#4578,#9090,.T.);
#9090 = LINE('',#9091,#9092);
#9091 = CARTESIAN_POINT('',(94.345,-24.7175,0.));
#9092 = VECTOR('',#9093,1.);
#9093 = DIRECTION('',(0.,0.,1.));
#9094 = ORIENTED_EDGE('',*,*,#4577,.T.);
#9095 = ORIENTED_EDGE('',*,*,#9055,.F.);
#9096 = ORIENTED_EDGE('',*,*,#190,.F.);
#9097 = PLANE('',#9098);
#9098 = AXIS2_PLACEMENT_3D('',#9099,#9100,#9101);
#9099 = CARTESIAN_POINT('',(94.345,-24.7175,0.));
#9100 = DIRECTION('',(-1.,0.,0.));
#9101 = DIRECTION('',(0.,1.,0.));
#9102 = ADVANCED_FACE('',(#9103),#9114,.T.);
#9103 = FACE_BOUND('',#9104,.T.);
#9104 = EDGE_LOOP('',(#9105,#9106,#9107,#9113));
#9105 = ORIENTED_EDGE('',*,*,#9074,.T.);
#9106 = ORIENTED_EDGE('',*,*,#4821,.T.);
#9107 = ORIENTED_EDGE('',*,*,#9108,.F.);
#9108 = EDGE_CURVE('',#427,#4814,#9109,.T.);
#9109 = LINE('',#9110,#9111);
#9110 = CARTESIAN_POINT('',(189.595,-29.575,0.));
#9111 = VECTOR('',#9112,1.);
#9112 = DIRECTION('',(0.,0.,1.));
#9113 = ORIENTED_EDGE('',*,*,#434,.F.);
#9114 = CYLINDRICAL_SURFACE('',#9115,0.999999252925);
#9115 = AXIS2_PLACEMENT_3D('',#9116,#9117,#9118);
#9116 = CARTESIAN_POINT('',(188.59500074707,-29.57499925292,0.));
#9117 = DIRECTION('',(0.,0.,-1.));
#9118 = DIRECTION('',(-7.470757633756E-07,1.,0.));
#9119 = ADVANCED_FACE('',(#9120),#9131,.F.);
#9120 = FACE_BOUND('',#9121,.T.);
#9121 = EDGE_LOOP('',(#9122,#9128,#9129,#9130));
#9122 = ORIENTED_EDGE('',*,*,#9123,.T.);
#9123 = EDGE_CURVE('',#199,#4586,#9124,.T.);
#9124 = LINE('',#9125,#9126);
#9125 = CARTESIAN_POINT('',(93.345,-25.7175,0.));
#9126 = VECTOR('',#9127,1.);
#9127 = DIRECTION('',(0.,0.,1.));
#9128 = ORIENTED_EDGE('',*,*,#4585,.T.);
#9129 = ORIENTED_EDGE('',*,*,#9089,.F.);
#9130 = ORIENTED_EDGE('',*,*,#198,.F.);
#9131 = CYLINDRICAL_SURFACE('',#9132,0.999999252925);
#9132 = AXIS2_PLACEMENT_3D('',#9133,#9134,#9135);
#9133 = CARTESIAN_POINT('',(93.345000747075,-24.71750074707,0.));
#9134 = DIRECTION('',(-0.,-0.,-1.));
#9135 = DIRECTION('',(-7.470757491648E-07,-1.,0.));
#9136 = ADVANCED_FACE('',(#9137),#9148,.T.);
#9137 = FACE_BOUND('',#9138,.T.);
#9138 = EDGE_LOOP('',(#9139,#9140,#9141,#9147));
#9139 = ORIENTED_EDGE('',*,*,#9108,.T.);
#9140 = ORIENTED_EDGE('',*,*,#4813,.T.);
#9141 = ORIENTED_EDGE('',*,*,#9142,.F.);
#9142 = EDGE_CURVE('',#418,#4805,#9143,.T.);
#9143 = LINE('',#9144,#9145);
#9144 = CARTESIAN_POINT('',(189.595,-103.775,0.));
#9145 = VECTOR('',#9146,1.);
#9146 = DIRECTION('',(0.,0.,1.));
#9147 = ORIENTED_EDGE('',*,*,#426,.F.);
#9148 = PLANE('',#9149);
#9149 = AXIS2_PLACEMENT_3D('',#9150,#9151,#9152);
#9150 = CARTESIAN_POINT('',(189.595,-29.575,0.));
#9151 = DIRECTION('',(1.,0.,-0.));
#9152 = DIRECTION('',(0.,-1.,0.));
#9153 = ADVANCED_FACE('',(#9154),#9165,.T.);
#9154 = FACE_BOUND('',#9155,.T.);
#9155 = EDGE_LOOP('',(#9156,#9162,#9163,#9164));
#9156 = ORIENTED_EDGE('',*,*,#9157,.T.);
#9157 = EDGE_CURVE('',#208,#4595,#9158,.T.);
#9158 = LINE('',#9159,#9160);
#9159 = CARTESIAN_POINT('',(76.295,-25.7175,0.));
#9160 = VECTOR('',#9161,1.);
#9161 = DIRECTION('',(0.,0.,1.));
#9162 = ORIENTED_EDGE('',*,*,#4594,.T.);
#9163 = ORIENTED_EDGE('',*,*,#9123,.F.);
#9164 = ORIENTED_EDGE('',*,*,#207,.F.);
#9165 = PLANE('',#9166);
#9166 = AXIS2_PLACEMENT_3D('',#9167,#9168,#9169);
#9167 = CARTESIAN_POINT('',(76.295,-25.7175,0.));
#9168 = DIRECTION('',(0.,1.,0.));
#9169 = DIRECTION('',(1.,0.,0.));
#9170 = ADVANCED_FACE('',(#9171),#9182,.T.);
#9171 = FACE_BOUND('',#9172,.T.);
#9172 = EDGE_LOOP('',(#9173,#9174,#9175,#9181));
#9173 = ORIENTED_EDGE('',*,*,#9142,.T.);
#9174 = ORIENTED_EDGE('',*,*,#4804,.T.);
#9175 = ORIENTED_EDGE('',*,*,#9176,.F.);
#9176 = EDGE_CURVE('',#410,#4797,#9177,.T.);
#9177 = LINE('',#9178,#9179);
#9178 = CARTESIAN_POINT('',(188.595,-104.775,0.));
#9179 = VECTOR('',#9180,1.);
#9180 = DIRECTION('',(0.,0.,1.));
#9181 = ORIENTED_EDGE('',*,*,#417,.F.);
#9182 = CYLINDRICAL_SURFACE('',#9183,0.999999252925);
#9183 = AXIS2_PLACEMENT_3D('',#9184,#9185,#9186);
#9184 = CARTESIAN_POINT('',(188.59500074707,-103.775000747,0.));
#9185 = DIRECTION('',(0.,0.,-1.));
#9186 = DIRECTION('',(1.,7.470757491648E-07,0.));
#9187 = ADVANCED_FACE('',(#9188),#9199,.T.);
#9188 = FACE_BOUND('',#9189,.T.);
#9189 = EDGE_LOOP('',(#9190,#9196,#9197,#9198));
#9190 = ORIENTED_EDGE('',*,*,#9191,.T.);
#9191 = EDGE_CURVE('',#216,#4603,#9192,.T.);
#9192 = LINE('',#9193,#9194);
#9193 = CARTESIAN_POINT('',(75.295,-26.7175,0.));
#9194 = VECTOR('',#9195,1.);
#9195 = DIRECTION('',(0.,0.,1.));
#9196 = ORIENTED_EDGE('',*,*,#4602,.T.);
#9197 = ORIENTED_EDGE('',*,*,#9157,.F.);
#9198 = ORIENTED_EDGE('',*,*,#215,.F.);
#9199 = CYLINDRICAL_SURFACE('',#9200,0.999999252925);
#9200 = AXIS2_PLACEMENT_3D('',#9201,#9202,#9203);
#9201 = CARTESIAN_POINT('',(76.294999252925,-26.71749925292,0.));
#9202 = DIRECTION('',(0.,0.,-1.));
#9203 = DIRECTION('',(-1.,-7.470757562702E-07,-0.));
#9204 = ADVANCED_FACE('',(#9205),#9216,.T.);
#9205 = FACE_BOUND('',#9206,.T.);
#9206 = EDGE_LOOP('',(#9207,#9208,#9209,#9215));
#9207 = ORIENTED_EDGE('',*,*,#9176,.T.);
#9208 = ORIENTED_EDGE('',*,*,#4796,.T.);
#9209 = ORIENTED_EDGE('',*,*,#9210,.F.);
#9210 = EDGE_CURVE('',#402,#4789,#9211,.T.);
#9211 = LINE('',#9212,#9213);
#9212 = CARTESIAN_POINT('',(180.06647,-104.779824,0.));
#9213 = VECTOR('',#9214,1.);
#9214 = DIRECTION('',(0.,0.,1.));
#9215 = ORIENTED_EDGE('',*,*,#409,.F.);
#9216 = PLANE('',#9217);
#9217 = AXIS2_PLACEMENT_3D('',#9218,#9219,#9220);
#9218 = CARTESIAN_POINT('',(188.595,-104.775,0.));
#9219 = DIRECTION('',(5.656307978407E-04,-0.999999840031,0.));
#9220 = DIRECTION('',(-0.999999840031,-5.656307978407E-04,0.));
#9221 = ADVANCED_FACE('',(#9222),#9233,.T.);
#9222 = FACE_BOUND('',#9223,.T.);
#9223 = EDGE_LOOP('',(#9224,#9230,#9231,#9232));
#9224 = ORIENTED_EDGE('',*,*,#9225,.T.);
#9225 = EDGE_CURVE('',#225,#4612,#9226,.T.);
#9226 = LINE('',#9227,#9228);
#9227 = CARTESIAN_POINT('',(75.295,-27.5525,0.));
#9228 = VECTOR('',#9229,1.);
#9229 = DIRECTION('',(0.,0.,1.));
#9230 = ORIENTED_EDGE('',*,*,#4611,.T.);
#9231 = ORIENTED_EDGE('',*,*,#9191,.F.);
#9232 = ORIENTED_EDGE('',*,*,#224,.F.);
#9233 = PLANE('',#9234);
#9234 = AXIS2_PLACEMENT_3D('',#9235,#9236,#9237);
#9235 = CARTESIAN_POINT('',(75.295,-27.5525,0.));
#9236 = DIRECTION('',(-1.,0.,0.));
#9237 = DIRECTION('',(0.,1.,0.));
#9238 = ADVANCED_FACE('',(#9239),#9250,.T.);
#9239 = FACE_BOUND('',#9240,.T.);
#9240 = EDGE_LOOP('',(#9241,#9242,#9243,#9249));
#9241 = ORIENTED_EDGE('',*,*,#9210,.T.);
#9242 = ORIENTED_EDGE('',*,*,#4788,.T.);
#9243 = ORIENTED_EDGE('',*,*,#9244,.F.);
#9244 = EDGE_CURVE('',#394,#4781,#9245,.T.);
#9245 = LINE('',#9246,#9247);
#9246 = CARTESIAN_POINT('',(165.931632,-132.315,0.));
#9247 = VECTOR('',#9248,1.);
#9248 = DIRECTION('',(0.,0.,1.));
#9249 = ORIENTED_EDGE('',*,*,#401,.F.);
#9250 = PLANE('',#9251);
#9251 = AXIS2_PLACEMENT_3D('',#9252,#9253,#9254);
#9252 = CARTESIAN_POINT('',(180.06647,-104.779824,0.));
#9253 = DIRECTION('',(0.88963064534,-0.456680758159,0.));
#9254 = DIRECTION('',(-0.456680758159,-0.88963064534,0.));
#9255 = ADVANCED_FACE('',(#9256),#9267,.F.);
#9256 = FACE_BOUND('',#9257,.T.);
#9257 = EDGE_LOOP('',(#9258,#9264,#9265,#9266));
#9258 = ORIENTED_EDGE('',*,*,#9259,.T.);
#9259 = EDGE_CURVE('',#233,#4620,#9260,.T.);
#9260 = LINE('',#9261,#9262);
#9261 = CARTESIAN_POINT('',(74.295,-28.5525,0.));
#9262 = VECTOR('',#9263,1.);
#9263 = DIRECTION('',(0.,0.,1.));
#9264 = ORIENTED_EDGE('',*,*,#4619,.T.);
#9265 = ORIENTED_EDGE('',*,*,#9225,.F.);
#9266 = ORIENTED_EDGE('',*,*,#232,.F.);
#9267 = CYLINDRICAL_SURFACE('',#9268,0.999999252925);
#9268 = AXIS2_PLACEMENT_3D('',#9269,#9270,#9271);
#9269 = CARTESIAN_POINT('',(74.295000747075,-27.55250074707,0.));
#9270 = DIRECTION('',(-0.,-0.,-1.));
#9271 = DIRECTION('',(-7.47075720743E-07,-1.,0.));
#9272 = ADVANCED_FACE('',(#9273),#9284,.T.);
#9273 = FACE_BOUND('',#9274,.T.);
#9274 = EDGE_LOOP('',(#9275,#9276,#9277,#9283));
#9275 = ORIENTED_EDGE('',*,*,#9244,.T.);
#9276 = ORIENTED_EDGE('',*,*,#4780,.T.);
#9277 = ORIENTED_EDGE('',*,*,#9278,.F.);
#9278 = EDGE_CURVE('',#385,#4772,#9279,.T.);
#9279 = LINE('',#9280,#9281);
#9280 = CARTESIAN_POINT('',(159.058367,-132.315,0.));
#9281 = VECTOR('',#9282,1.);
#9282 = DIRECTION('',(0.,0.,1.));
#9283 = ORIENTED_EDGE('',*,*,#393,.F.);
#9284 = PLANE('',#9285);
#9285 = AXIS2_PLACEMENT_3D('',#9286,#9287,#9288);
#9286 = CARTESIAN_POINT('',(165.931632,-132.315,0.));
#9287 = DIRECTION('',(0.,-1.,0.));
#9288 = DIRECTION('',(-1.,0.,0.));
#9289 = ADVANCED_FACE('',(#9290),#9301,.T.);
#9290 = FACE_BOUND('',#9291,.T.);
#9291 = EDGE_LOOP('',(#9292,#9298,#9299,#9300));
#9292 = ORIENTED_EDGE('',*,*,#9293,.T.);
#9293 = EDGE_CURVE('',#242,#4629,#9294,.T.);
#9294 = LINE('',#9295,#9296);
#9295 = CARTESIAN_POINT('',(55.74231,-28.5525,0.));
#9296 = VECTOR('',#9297,1.);
#9297 = DIRECTION('',(0.,0.,1.));
#9298 = ORIENTED_EDGE('',*,*,#4628,.T.);
#9299 = ORIENTED_EDGE('',*,*,#9259,.F.);
#9300 = ORIENTED_EDGE('',*,*,#241,.F.);
#9301 = PLANE('',#9302);
#9302 = AXIS2_PLACEMENT_3D('',#9303,#9304,#9305);
#9303 = CARTESIAN_POINT('',(55.74231,-28.5525,0.));
#9304 = DIRECTION('',(0.,1.,0.));
#9305 = DIRECTION('',(1.,0.,0.));
#9306 = ADVANCED_FACE('',(#9307),#9318,.T.);
#9307 = FACE_BOUND('',#9308,.T.);
#9308 = EDGE_LOOP('',(#9309,#9310,#9311,#9317));
#9309 = ORIENTED_EDGE('',*,*,#9278,.T.);
#9310 = ORIENTED_EDGE('',*,*,#4771,.T.);
#9311 = ORIENTED_EDGE('',*,*,#9312,.F.);
#9312 = EDGE_CURVE('',#377,#4764,#9313,.T.);
#9313 = LINE('',#9314,#9315);
#9314 = CARTESIAN_POINT('',(158.058367,-131.315,0.));
#9315 = VECTOR('',#9316,1.);
#9316 = DIRECTION('',(0.,0.,1.));
#9317 = ORIENTED_EDGE('',*,*,#384,.F.);
#9318 = CYLINDRICAL_SURFACE('',#9319,0.999999252925);
#9319 = AXIS2_PLACEMENT_3D('',#9320,#9321,#9322);
#9320 = CARTESIAN_POINT('',(159.05836625292,-131.315000747,0.));
#9321 = DIRECTION('',(0.,0.,-1.));
#9322 = DIRECTION('',(7.470757633756E-07,-1.,0.));
#9323 = ADVANCED_FACE('',(#9324),#9335,.T.);
#9324 = FACE_BOUND('',#9325,.T.);
#9325 = EDGE_LOOP('',(#9326,#9332,#9333,#9334));
#9326 = ORIENTED_EDGE('',*,*,#9327,.T.);
#9327 = EDGE_CURVE('',#250,#4637,#9328,.T.);
#9328 = LINE('',#9329,#9330);
#9329 = CARTESIAN_POINT('',(54.74231,-29.5525,0.));
#9330 = VECTOR('',#9331,1.);
#9331 = DIRECTION('',(0.,0.,1.));
#9332 = ORIENTED_EDGE('',*,*,#4636,.T.);
#9333 = ORIENTED_EDGE('',*,*,#9293,.F.);
#9334 = ORIENTED_EDGE('',*,*,#249,.F.);
#9335 = CYLINDRICAL_SURFACE('',#9336,1.000007788556);
#9336 = AXIS2_PLACEMENT_3D('',#9337,#9338,#9339);
#9337 = CARTESIAN_POINT('',(55.742317788526,-29.55250778852,0.));
#9338 = DIRECTION('',(0.,0.,-1.));
#9339 = DIRECTION('',(-0.99999999997,7.788465177594E-06,0.));
#9340 = ADVANCED_FACE('',(#9341),#9352,.T.);
#9341 = FACE_BOUND('',#9342,.T.);
#9342 = EDGE_LOOP('',(#9343,#9344,#9345,#9351));
#9343 = ORIENTED_EDGE('',*,*,#9312,.T.);
#9344 = ORIENTED_EDGE('',*,*,#4763,.T.);
#9345 = ORIENTED_EDGE('',*,*,#9346,.F.);
#9346 = EDGE_CURVE('',#368,#4755,#9347,.T.);
#9347 = LINE('',#9348,#9349);
#9348 = CARTESIAN_POINT('',(157.9965,-105.775,0.));
#9349 = VECTOR('',#9350,1.);
#9350 = DIRECTION('',(0.,0.,1.));
#9351 = ORIENTED_EDGE('',*,*,#376,.F.);
#9352 = PLANE('',#9353);
#9353 = AXIS2_PLACEMENT_3D('',#9354,#9355,#9356);
#9354 = CARTESIAN_POINT('',(158.058367,-131.315,0.));
#9355 = DIRECTION('',(-0.999997066106,-2.422349979984E-03,0.));
#9356 = DIRECTION('',(-2.422349979984E-03,0.999997066106,0.));
#9357 = ADVANCED_FACE('',(#9358),#9369,.T.);
#9358 = FACE_BOUND('',#9359,.T.);
#9359 = EDGE_LOOP('',(#9360,#9366,#9367,#9368));
#9360 = ORIENTED_EDGE('',*,*,#9361,.T.);
#9361 = EDGE_CURVE('',#259,#4646,#9362,.T.);
#9362 = LINE('',#9363,#9364);
#9363 = CARTESIAN_POINT('',(54.762993,-96.124288,0.));
#9364 = VECTOR('',#9365,1.);
#9365 = DIRECTION('',(0.,0.,1.));
#9366 = ORIENTED_EDGE('',*,*,#4645,.T.);
#9367 = ORIENTED_EDGE('',*,*,#9327,.F.);
#9368 = ORIENTED_EDGE('',*,*,#258,.F.);
#9369 = PLANE('',#9370);
#9370 = AXIS2_PLACEMENT_3D('',#9371,#9372,#9373);
#9371 = CARTESIAN_POINT('',(54.762993,-96.124288,0.));
#9372 = DIRECTION('',(-0.999999951737,-3.106871487629E-04,0.));
#9373 = DIRECTION('',(-3.106871487629E-04,0.999999951737,0.));
#9374 = ADVANCED_FACE('',(#9375),#9386,.F.);
#9375 = FACE_BOUND('',#9376,.T.);
#9376 = EDGE_LOOP('',(#9377,#9378,#9379,#9385));
#9377 = ORIENTED_EDGE('',*,*,#9346,.T.);
#9378 = ORIENTED_EDGE('',*,*,#4754,.T.);
#9379 = ORIENTED_EDGE('',*,*,#9380,.F.);
#9380 = EDGE_CURVE('',#360,#4747,#9381,.T.);
#9381 = LINE('',#9382,#9383);
#9382 = CARTESIAN_POINT('',(156.9965,-104.775,0.));
#9383 = VECTOR('',#9384,1.);
#9384 = DIRECTION('',(0.,0.,1.));
#9385 = ORIENTED_EDGE('',*,*,#367,.F.);
#9386 = CYLINDRICAL_SURFACE('',#9387,0.999999252925);
#9387 = AXIS2_PLACEMENT_3D('',#9388,#9389,#9390);
#9388 = CARTESIAN_POINT('',(156.99650074707,-105.7749992529,0.));
#9389 = DIRECTION('',(-0.,-0.,-1.));
#9390 = DIRECTION('',(1.,-7.470757633756E-07,0.));
#9391 = ADVANCED_FACE('',(#9392),#9403,.T.);
#9392 = FACE_BOUND('',#9393,.T.);
#9393 = EDGE_LOOP('',(#9394,#9400,#9401,#9402));
#9394 = ORIENTED_EDGE('',*,*,#9395,.T.);
#9395 = EDGE_CURVE('',#267,#4654,#9396,.T.);
#9396 = LINE('',#9397,#9398);
#9397 = CARTESIAN_POINT('',(68.818254,-129.927535,0.));
#9398 = VECTOR('',#9399,1.);
#9399 = DIRECTION('',(0.,0.,1.));
#9400 = ORIENTED_EDGE('',*,*,#4653,.T.);
#9401 = ORIENTED_EDGE('',*,*,#9361,.F.);
#9402 = ORIENTED_EDGE('',*,*,#266,.F.);
#9403 = PLANE('',#9404);
#9404 = AXIS2_PLACEMENT_3D('',#9405,#9406,#9407);
#9405 = CARTESIAN_POINT('',(68.818254,-129.927535,0.));
#9406 = DIRECTION('',(-0.923362032428,-0.383930406545,0.));
#9407 = DIRECTION('',(-0.383930406545,0.923362032428,0.));
#9408 = ADVANCED_FACE('',(#9409),#9420,.T.);
#9409 = FACE_BOUND('',#9410,.T.);
#9410 = EDGE_LOOP('',(#9411,#9412,#9413,#9419));
#9411 = ORIENTED_EDGE('',*,*,#9380,.T.);
#9412 = ORIENTED_EDGE('',*,*,#4746,.T.);
#9413 = ORIENTED_EDGE('',*,*,#9414,.F.);
#9414 = EDGE_CURVE('',#351,#4738,#9415,.T.);
#9415 = LINE('',#9416,#9417);
#9416 = CARTESIAN_POINT('',(152.495,-104.775,0.));
#9417 = VECTOR('',#9418,1.);
#9418 = DIRECTION('',(0.,0.,1.));
#9419 = ORIENTED_EDGE('',*,*,#359,.F.);
#9420 = PLANE('',#9421);
#9421 = AXIS2_PLACEMENT_3D('',#9422,#9423,#9424);
#9422 = CARTESIAN_POINT('',(156.9965,-104.775,0.));
#9423 = DIRECTION('',(0.,-1.,0.));
#9424 = DIRECTION('',(-1.,0.,0.));
#9425 = ADVANCED_FACE('',(#9426),#9437,.T.);
#9426 = FACE_BOUND('',#9427,.T.);
#9427 = EDGE_LOOP('',(#9428,#9434,#9435,#9436));
#9428 = ORIENTED_EDGE('',*,*,#9429,.T.);
#9429 = EDGE_CURVE('',#275,#4662,#9430,.T.);
#9430 = LINE('',#9431,#9432);
#9431 = CARTESIAN_POINT('',(70.107051,-130.521094,0.));
#9432 = VECTOR('',#9433,1.);
#9433 = DIRECTION('',(0.,0.,1.));
#9434 = ORIENTED_EDGE('',*,*,#4661,.T.);
#9435 = ORIENTED_EDGE('',*,*,#9395,.F.);
#9436 = ORIENTED_EDGE('',*,*,#274,.F.);
#9437 = CYLINDRICAL_SURFACE('',#9438,1.038146222167);
#9438 = AXIS2_PLACEMENT_3D('',#9439,#9440,#9441);
#9439 = CARTESIAN_POINT('',(69.779699301691,-129.5359095278,0.));
#9440 = DIRECTION('',(0.,0.,-1.));
#9441 = DIRECTION('',(0.315323305445,-0.948984306005,0.));
#9442 = ADVANCED_FACE('',(#9443),#9454,.T.);
#9443 = FACE_BOUND('',#9444,.T.);
#9444 = EDGE_LOOP('',(#9445,#9446,#9447,#9453));
#9445 = ORIENTED_EDGE('',*,*,#9414,.T.);
#9446 = ORIENTED_EDGE('',*,*,#4737,.T.);
#9447 = ORIENTED_EDGE('',*,*,#9448,.F.);
#9448 = EDGE_CURVE('',#343,#4730,#9449,.T.);
#9449 = LINE('',#9450,#9451);
#9450 = CARTESIAN_POINT('',(151.495,-103.775,0.));
#9451 = VECTOR('',#9452,1.);
#9452 = DIRECTION('',(0.,0.,1.));
#9453 = ORIENTED_EDGE('',*,*,#350,.F.);
#9454 = CYLINDRICAL_SURFACE('',#9455,0.999999252925);
#9455 = AXIS2_PLACEMENT_3D('',#9456,#9457,#9458);
#9456 = CARTESIAN_POINT('',(152.49499925292,-103.775000747,0.));
#9457 = DIRECTION('',(0.,0.,-1.));
#9458 = DIRECTION('',(7.470757349539E-07,-1.,0.));
#9459 = ADVANCED_FACE('',(#9460),#9471,.T.);
#9460 = FACE_BOUND('',#9461,.T.);
#9461 = EDGE_LOOP('',(#9462,#9468,#9469,#9470));
#9462 = ORIENTED_EDGE('',*,*,#9463,.T.);
#9463 = EDGE_CURVE('',#284,#4671,#9464,.T.);
#9464 = LINE('',#9465,#9466);
#9465 = CARTESIAN_POINT('',(86.795574,-123.621084,0.));
#9466 = VECTOR('',#9467,1.);
#9467 = DIRECTION('',(0.,0.,1.));
#9468 = ORIENTED_EDGE('',*,*,#4670,.T.);
#9469 = ORIENTED_EDGE('',*,*,#9429,.F.);
#9470 = ORIENTED_EDGE('',*,*,#283,.F.);
#9471 = PLANE('',#9472);
#9472 = AXIS2_PLACEMENT_3D('',#9473,#9474,#9475);
#9473 = CARTESIAN_POINT('',(86.795574,-123.621084,0.));
#9474 = DIRECTION('',(0.382087686737,-0.924126073458,0.));
#9475 = DIRECTION('',(-0.924126073458,-0.382087686737,0.));
#9476 = ADVANCED_FACE('',(#9477),#9488,.T.);
#9477 = FACE_BOUND('',#9478,.T.);
#9478 = EDGE_LOOP('',(#9479,#9480,#9481,#9487));
#9479 = ORIENTED_EDGE('',*,*,#9448,.T.);
#9480 = ORIENTED_EDGE('',*,*,#4729,.T.);
#9481 = ORIENTED_EDGE('',*,*,#9482,.F.);
#9482 = EDGE_CURVE('',#334,#4721,#9483,.T.);
#9483 = LINE('',#9484,#9485);
#9484 = CARTESIAN_POINT('',(151.495,-101.275,0.));
#9485 = VECTOR('',#9486,1.);
#9486 = DIRECTION('',(0.,0.,1.));
#9487 = ORIENTED_EDGE('',*,*,#342,.F.);
#9488 = PLANE('',#9489);
#9489 = AXIS2_PLACEMENT_3D('',#9490,#9491,#9492);
#9490 = CARTESIAN_POINT('',(151.495,-103.775,0.));
#9491 = DIRECTION('',(-1.,0.,0.));
#9492 = DIRECTION('',(0.,1.,0.));
#9493 = ADVANCED_FACE('',(#9494),#9505,.T.);
#9494 = FACE_BOUND('',#9495,.T.);
#9495 = EDGE_LOOP('',(#9496,#9502,#9503,#9504));
#9496 = ORIENTED_EDGE('',*,*,#9497,.T.);
#9497 = EDGE_CURVE('',#292,#4679,#9498,.T.);
#9498 = LINE('',#9499,#9500);
#9499 = CARTESIAN_POINT('',(104.23,-118.955,0.));
#9500 = VECTOR('',#9501,1.);
#9501 = DIRECTION('',(0.,0.,1.));
#9502 = ORIENTED_EDGE('',*,*,#4678,.T.);
#9503 = ORIENTED_EDGE('',*,*,#9463,.F.);
#9504 = ORIENTED_EDGE('',*,*,#291,.F.);
#9505 = PLANE('',#9506);
#9506 = AXIS2_PLACEMENT_3D('',#9507,#9508,#9509);
#9507 = CARTESIAN_POINT('',(104.23,-118.955,0.));
#9508 = DIRECTION('',(0.258536961252,-0.966001366286,0.));
#9509 = DIRECTION('',(-0.966001366286,-0.258536961252,0.));
#9510 = ADVANCED_FACE('',(#9511),#9522,.F.);
#9511 = FACE_BOUND('',#9512,.T.);
#9512 = EDGE_LOOP('',(#9513,#9514,#9515,#9521));
#9513 = ORIENTED_EDGE('',*,*,#9482,.T.);
#9514 = ORIENTED_EDGE('',*,*,#4720,.T.);
#9515 = ORIENTED_EDGE('',*,*,#9516,.F.);
#9516 = EDGE_CURVE('',#326,#4713,#9517,.T.);
#9517 = LINE('',#9518,#9519);
#9518 = CARTESIAN_POINT('',(150.495,-100.275,0.));
#9519 = VECTOR('',#9520,1.);
#9520 = DIRECTION('',(0.,0.,1.));
#9521 = ORIENTED_EDGE('',*,*,#333,.F.);
#9522 = CYLINDRICAL_SURFACE('',#9523,0.999999252925);
#9523 = AXIS2_PLACEMENT_3D('',#9524,#9525,#9526);
#9524 = CARTESIAN_POINT('',(150.49500074707,-101.2749992529,0.));
#9525 = DIRECTION('',(-0.,-0.,-1.));
#9526 = DIRECTION('',(1.,-7.470757633756E-07,0.));
#9527 = ADVANCED_FACE('',(#9528),#9539,.T.);
#9528 = FACE_BOUND('',#9529,.T.);
#9529 = EDGE_LOOP('',(#9530,#9536,#9537,#9538));
#9530 = ORIENTED_EDGE('',*,*,#9531,.T.);
#9531 = EDGE_CURVE('',#300,#4687,#9532,.T.);
#9532 = LINE('',#9533,#9534);
#9533 = CARTESIAN_POINT('',(104.957893,-117.719494,0.));
#9534 = VECTOR('',#9535,1.);
#9535 = DIRECTION('',(0.,0.,1.));
#9536 = ORIENTED_EDGE('',*,*,#4686,.T.);
#9537 = ORIENTED_EDGE('',*,*,#9497,.F.);
#9538 = ORIENTED_EDGE('',*,*,#299,.F.);
#9539 = CYLINDRICAL_SURFACE('',#9540,0.970825209602);
#9540 = AXIS2_PLACEMENT_3D('',#9541,#9542,#9543);
#9541 = CARTESIAN_POINT('',(104.02999849735,-118.0049994807,0.));
#9542 = DIRECTION('',(0.,0.,-1.));
#9543 = DIRECTION('',(0.955779159289,0.294085359493,0.));
#9544 = ADVANCED_FACE('',(#9545),#9556,.T.);
#9545 = FACE_BOUND('',#9546,.T.);
#9546 = EDGE_LOOP('',(#9547,#9548,#9549,#9555));
#9547 = ORIENTED_EDGE('',*,*,#9516,.T.);
#9548 = ORIENTED_EDGE('',*,*,#4712,.T.);
#9549 = ORIENTED_EDGE('',*,*,#9550,.F.);
#9550 = EDGE_CURVE('',#317,#4704,#9551,.T.);
#9551 = LINE('',#9552,#9553);
#9552 = CARTESIAN_POINT('',(102.41,-100.285002,0.));
#9553 = VECTOR('',#9554,1.);
#9554 = DIRECTION('',(0.,0.,1.));
#9555 = ORIENTED_EDGE('',*,*,#325,.F.);
#9556 = PLANE('',#9557);
#9557 = AXIS2_PLACEMENT_3D('',#9558,#9559,#9560);
#9558 = CARTESIAN_POINT('',(150.495,-100.275,0.));
#9559 = DIRECTION('',(2.080066503821E-04,-0.999999978367,0.));
#9560 = DIRECTION('',(-0.999999978367,-2.080066503821E-04,0.));
#9561 = ADVANCED_FACE('',(#9562),#9573,.T.);
#9562 = FACE_BOUND('',#9563,.T.);
#9563 = EDGE_LOOP('',(#9564,#9570,#9571,#9572));
#9564 = ORIENTED_EDGE('',*,*,#9565,.T.);
#9565 = EDGE_CURVE('',#309,#4696,#9566,.T.);
#9566 = LINE('',#9567,#9568);
#9567 = CARTESIAN_POINT('',(100.941101,-102.814139,0.));
#9568 = VECTOR('',#9569,1.);
#9569 = DIRECTION('',(0.,0.,1.));
#9570 = ORIENTED_EDGE('',*,*,#4695,.T.);
#9571 = ORIENTED_EDGE('',*,*,#9531,.F.);
#9572 = ORIENTED_EDGE('',*,*,#308,.F.);
#9573 = PLANE('',#9574);
#9574 = AXIS2_PLACEMENT_3D('',#9575,#9576,#9577);
#9575 = CARTESIAN_POINT('',(100.941101,-102.814139,0.));
#9576 = DIRECTION('',(0.965553744376,0.260203702359,-0.));
#9577 = DIRECTION('',(0.260203702359,-0.965553744376,0.));
#9578 = ADVANCED_FACE('',(#9579),#9585,.F.);
#9579 = FACE_BOUND('',#9580,.T.);
#9580 = EDGE_LOOP('',(#9581,#9582,#9583,#9584));
#9581 = ORIENTED_EDGE('',*,*,#9550,.T.);
#9582 = ORIENTED_EDGE('',*,*,#4703,.T.);
#9583 = ORIENTED_EDGE('',*,*,#9565,.F.);
#9584 = ORIENTED_EDGE('',*,*,#316,.F.);
#9585 = CYLINDRICAL_SURFACE('',#9586,2.576602001247);
#9586 = AXIS2_PLACEMENT_3D('',#9587,#9588,#9589);
#9587 = CARTESIAN_POINT('',(103.50999593766,-102.6149991695,0.));
#9588 = DIRECTION('',(-0.,-0.,-1.));
#9589 = DIRECTION('',(-0.426917287625,0.904290677563,0.));
#9590 = ADVANCED_FACE('',(#9591),#9602,.F.);
#9591 = FACE_BOUND('',#9592,.T.);
#9592 = EDGE_LOOP('',(#9593,#9594,#9600,#9601));
#9593 = ORIENTED_EDGE('',*,*,#486,.T.);
#9594 = ORIENTED_EDGE('',*,*,#9595,.T.);
#9595 = EDGE_CURVE('',#487,#4874,#9596,.T.);
#9596 = LINE('',#9597,#9598);
#9597 = CARTESIAN_POINT('',(71.146699,-125.298882,-4.6E-02));
#9598 = VECTOR('',#9599,1.);
#9599 = DIRECTION('',(0.,0.,1.));
#9600 = ORIENTED_EDGE('',*,*,#4873,.F.);
#9601 = ORIENTED_EDGE('',*,*,#9595,.F.);
#9602 = CYLINDRICAL_SURFACE('',#9603,1.5);
#9603 = AXIS2_PLACEMENT_3D('',#9604,#9605,#9606);
#9604 = CARTESIAN_POINT('',(71.146699,-123.798882,-4.6E-02));
#9605 = DIRECTION('',(-0.,-0.,-1.));
#9606 = DIRECTION('',(-0.,-1.,0.));
#9607 = ADVANCED_FACE('',(#9608),#9624,.F.);
#9608 = FACE_BOUND('',#9609,.T.);
#9609 = EDGE_LOOP('',(#9610,#9616,#9617,#9623));
#9610 = ORIENTED_EDGE('',*,*,#9611,.F.);
#9611 = EDGE_CURVE('',#498,#4885,#9612,.T.);
#9612 = LINE('',#9613,#9614);
#9613 = CARTESIAN_POINT('',(69.268831,-121.52187,-4.6E-02));
#9614 = VECTOR('',#9615,1.);
#9615 = DIRECTION('',(0.,0.,1.));
#9616 = ORIENTED_EDGE('',*,*,#497,.T.);
#9617 = ORIENTED_EDGE('',*,*,#9618,.F.);
#9618 = EDGE_CURVE('',#4887,#500,#9619,.T.);
#9619 = LINE('',#9620,#9621);
#9620 = CARTESIAN_POINT('',(69.108289511219,-119.6355332921,-4.6E-02));
#9621 = VECTOR('',#9622,1.);
#9622 = DIRECTION('',(-0.,-0.,-1.));
#9623 = ORIENTED_EDGE('',*,*,#4884,.F.);
#9624 = CYLINDRICAL_SURFACE('',#9625,0.95);
#9625 = AXIS2_PLACEMENT_3D('',#9626,#9627,#9628);
#9626 = CARTESIAN_POINT('',(69.268831,-120.57187,-4.6E-02));
#9627 = DIRECTION('',(-0.,-0.,-1.));
#9628 = DIRECTION('',(-0.,-1.,0.));
#9629 = ADVANCED_FACE('',(#9630),#9641,.F.);
#9630 = FACE_BOUND('',#9631,.T.);
#9631 = EDGE_LOOP('',(#9632,#9633,#9634,#9635));
#9632 = ORIENTED_EDGE('',*,*,#517,.T.);
#9633 = ORIENTED_EDGE('',*,*,#9611,.T.);
#9634 = ORIENTED_EDGE('',*,*,#4904,.F.);
#9635 = ORIENTED_EDGE('',*,*,#9636,.T.);
#9636 = EDGE_CURVE('',#4896,#509,#9637,.T.);
#9637 = LINE('',#9638,#9639);
#9638 = CARTESIAN_POINT('',(69.817401488781,-121.3474797078,-4.6E-02));
#9639 = VECTOR('',#9640,1.);
#9640 = DIRECTION('',(-0.,-0.,-1.));
#9641 = CYLINDRICAL_SURFACE('',#9642,0.95);
#9642 = AXIS2_PLACEMENT_3D('',#9643,#9644,#9645);
#9643 = CARTESIAN_POINT('',(69.268831,-120.57187,-4.6E-02));
#9644 = DIRECTION('',(-0.,-0.,-1.));
#9645 = DIRECTION('',(-0.,-1.,0.));
#9646 = ADVANCED_FACE('',(#9647),#9653,.F.);
#9647 = FACE_BOUND('',#9648,.T.);
#9648 = EDGE_LOOP('',(#9649,#9650,#9651,#9652));
#9649 = ORIENTED_EDGE('',*,*,#9618,.T.);
#9650 = ORIENTED_EDGE('',*,*,#508,.T.);
#9651 = ORIENTED_EDGE('',*,*,#9636,.F.);
#9652 = ORIENTED_EDGE('',*,*,#4895,.F.);
#9653 = CYLINDRICAL_SURFACE('',#9654,0.95);
#9654 = AXIS2_PLACEMENT_3D('',#9655,#9656,#9657);
#9655 = CARTESIAN_POINT('',(69.65686,-120.411143,-4.6E-02));
#9656 = DIRECTION('',(-0.,-0.,-1.));
#9657 = DIRECTION('',(-0.,-1.,0.));
#9658 = ADVANCED_FACE('',(#9659),#9670,.F.);
#9659 = FACE_BOUND('',#9660,.T.);
#9660 = EDGE_LOOP('',(#9661,#9662,#9668,#9669));
#9661 = ORIENTED_EDGE('',*,*,#526,.T.);
#9662 = ORIENTED_EDGE('',*,*,#9663,.T.);
#9663 = EDGE_CURVE('',#527,#4914,#9664,.T.);
#9664 = LINE('',#9665,#9666);
#9665 = CARTESIAN_POINT('',(69.858171,-119.078481,-4.6E-02));
#9666 = VECTOR('',#9667,1.);
#9667 = DIRECTION('',(0.,0.,1.));
#9668 = ORIENTED_EDGE('',*,*,#4913,.F.);
#9669 = ORIENTED_EDGE('',*,*,#9663,.F.);
#9670 = CYLINDRICAL_SURFACE('',#9671,1.5);
#9671 = AXIS2_PLACEMENT_3D('',#9672,#9673,#9674);
#9672 = CARTESIAN_POINT('',(69.858171,-117.578481,-4.6E-02));
#9673 = DIRECTION('',(-0.,-0.,-1.));
#9674 = DIRECTION('',(-0.,-1.,0.));
#9675 = ADVANCED_FACE('',(#9676),#9687,.F.);
#9676 = FACE_BOUND('',#9677,.T.);
#9677 = EDGE_LOOP('',(#9678,#9679,#9685,#9686));
#9678 = ORIENTED_EDGE('',*,*,#537,.T.);
#9679 = ORIENTED_EDGE('',*,*,#9680,.T.);
#9680 = EDGE_CURVE('',#538,#4925,#9681,.T.);
#9681 = LINE('',#9682,#9683);
#9682 = CARTESIAN_POINT('',(76.608,-125.418,-4.6E-02));
#9683 = VECTOR('',#9684,1.);
#9684 = DIRECTION('',(0.,0.,1.));
#9685 = ORIENTED_EDGE('',*,*,#4924,.F.);
#9686 = ORIENTED_EDGE('',*,*,#9680,.F.);
#9687 = CYLINDRICAL_SURFACE('',#9688,1.5);
#9688 = AXIS2_PLACEMENT_3D('',#9689,#9690,#9691);
#9689 = CARTESIAN_POINT('',(76.608,-123.918,-4.6E-02));
#9690 = DIRECTION('',(-0.,-0.,-1.));
#9691 = DIRECTION('',(-0.,-1.,0.));
#9692 = ADVANCED_FACE('',(#9693),#9704,.F.);
#9693 = FACE_BOUND('',#9694,.T.);
#9694 = EDGE_LOOP('',(#9695,#9696,#9702,#9703));
#9695 = ORIENTED_EDGE('',*,*,#548,.T.);
#9696 = ORIENTED_EDGE('',*,*,#9697,.T.);
#9697 = EDGE_CURVE('',#549,#4936,#9698,.T.);
#9698 = LINE('',#9699,#9700);
#9699 = CARTESIAN_POINT('',(74.350168,-120.517111,-4.6E-02));
#9700 = VECTOR('',#9701,1.);
#9701 = DIRECTION('',(0.,0.,1.));
#9702 = ORIENTED_EDGE('',*,*,#4935,.F.);
#9703 = ORIENTED_EDGE('',*,*,#9697,.F.);
#9704 = CYLINDRICAL_SURFACE('',#9705,2.05);
#9705 = AXIS2_PLACEMENT_3D('',#9706,#9707,#9708);
#9706 = CARTESIAN_POINT('',(74.350168,-118.467111,-4.6E-02));
#9707 = DIRECTION('',(-0.,-0.,-1.));
#9708 = DIRECTION('',(-0.,-1.,0.));
#9709 = ADVANCED_FACE('',(#9710),#9726,.F.);
#9710 = FACE_BOUND('',#9711,.T.);
#9711 = EDGE_LOOP('',(#9712,#9718,#9719,#9725));
#9712 = ORIENTED_EDGE('',*,*,#9713,.F.);
#9713 = EDGE_CURVE('',#560,#4947,#9714,.T.);
#9714 = LINE('',#9715,#9716);
#9715 = CARTESIAN_POINT('',(79.043476,-117.473079,-4.6E-02));
#9716 = VECTOR('',#9717,1.);
#9717 = DIRECTION('',(0.,0.,1.));
#9718 = ORIENTED_EDGE('',*,*,#559,.T.);
#9719 = ORIENTED_EDGE('',*,*,#9720,.F.);
#9720 = EDGE_CURVE('',#4949,#562,#9721,.T.);
#9721 = LINE('',#9722,#9723);
#9722 = CARTESIAN_POINT('',(78.882934511219,-115.5867422921,-4.6E-02));
#9723 = VECTOR('',#9724,1.);
#9724 = DIRECTION('',(-0.,-0.,-1.));
#9725 = ORIENTED_EDGE('',*,*,#4946,.F.);
#9726 = CYLINDRICAL_SURFACE('',#9727,0.95);
#9727 = AXIS2_PLACEMENT_3D('',#9728,#9729,#9730);
#9728 = CARTESIAN_POINT('',(79.043476,-116.523079,-4.6E-02));
#9729 = DIRECTION('',(-0.,-0.,-1.));
#9730 = DIRECTION('',(-0.,-1.,0.));
#9731 = ADVANCED_FACE('',(#9732),#9743,.F.);
#9732 = FACE_BOUND('',#9733,.T.);
#9733 = EDGE_LOOP('',(#9734,#9735,#9736,#9737));
#9734 = ORIENTED_EDGE('',*,*,#579,.T.);
#9735 = ORIENTED_EDGE('',*,*,#9713,.T.);
#9736 = ORIENTED_EDGE('',*,*,#4966,.F.);
#9737 = ORIENTED_EDGE('',*,*,#9738,.T.);
#9738 = EDGE_CURVE('',#4958,#571,#9739,.T.);
#9739 = LINE('',#9740,#9741);
#9740 = CARTESIAN_POINT('',(79.592046488781,-117.2986887078,-4.6E-02));
#9741 = VECTOR('',#9742,1.);
#9742 = DIRECTION('',(-0.,-0.,-1.));
#9743 = CYLINDRICAL_SURFACE('',#9744,0.95);
#9744 = AXIS2_PLACEMENT_3D('',#9745,#9746,#9747);
#9745 = CARTESIAN_POINT('',(79.043476,-116.523079,-4.6E-02));
#9746 = DIRECTION('',(-0.,-0.,-1.));
#9747 = DIRECTION('',(-0.,-1.,0.));
#9748 = ADVANCED_FACE('',(#9749),#9755,.F.);
#9749 = FACE_BOUND('',#9750,.T.);
#9750 = EDGE_LOOP('',(#9751,#9752,#9753,#9754));
#9751 = ORIENTED_EDGE('',*,*,#9720,.T.);
#9752 = ORIENTED_EDGE('',*,*,#570,.T.);
#9753 = ORIENTED_EDGE('',*,*,#9738,.F.);
#9754 = ORIENTED_EDGE('',*,*,#4957,.F.);
#9755 = CYLINDRICAL_SURFACE('',#9756,0.95);
#9756 = AXIS2_PLACEMENT_3D('',#9757,#9758,#9759);
#9757 = CARTESIAN_POINT('',(79.431505,-116.362352,-4.6E-02));
#9758 = DIRECTION('',(-0.,-0.,-1.));
#9759 = DIRECTION('',(-0.,-1.,0.));
#9760 = ADVANCED_FACE('',(#9761),#9772,.F.);
#9761 = FACE_BOUND('',#9762,.T.);
#9762 = EDGE_LOOP('',(#9763,#9764,#9770,#9771));
#9763 = ORIENTED_EDGE('',*,*,#588,.T.);
#9764 = ORIENTED_EDGE('',*,*,#9765,.T.);
#9765 = EDGE_CURVE('',#589,#4976,#9766,.T.);
#9766 = LINE('',#9767,#9768);
#9767 = CARTESIAN_POINT('',(74.75279,-114.301787,-4.6E-02));
#9768 = VECTOR('',#9769,1.);
#9769 = DIRECTION('',(0.,0.,1.));
#9770 = ORIENTED_EDGE('',*,*,#4975,.F.);
#9771 = ORIENTED_EDGE('',*,*,#9765,.F.);
#9772 = CYLINDRICAL_SURFACE('',#9773,1.5);
#9773 = AXIS2_PLACEMENT_3D('',#9774,#9775,#9776);
#9774 = CARTESIAN_POINT('',(74.75279,-112.801787,-4.6E-02));
#9775 = DIRECTION('',(-0.,-0.,-1.));
#9776 = DIRECTION('',(-0.,-1.,0.));
#9777 = ADVANCED_FACE('',(#9778),#9794,.F.);
#9778 = FACE_BOUND('',#9779,.T.);
#9779 = EDGE_LOOP('',(#9780,#9786,#9787,#9793));
#9780 = ORIENTED_EDGE('',*,*,#9781,.F.);
#9781 = EDGE_CURVE('',#600,#4987,#9782,.T.);
#9782 = LINE('',#9783,#9784);
#9783 = CARTESIAN_POINT('',(88.217408,-114.330005,-4.6E-02));
#9784 = VECTOR('',#9785,1.);
#9785 = DIRECTION('',(0.,0.,1.));
#9786 = ORIENTED_EDGE('',*,*,#599,.T.);
#9787 = ORIENTED_EDGE('',*,*,#9788,.F.);
#9788 = EDGE_CURVE('',#4989,#602,#9789,.T.);
#9789 = LINE('',#9790,#9791);
#9790 = CARTESIAN_POINT('',(88.180457055504,-112.430723889,-4.6E-02));
#9791 = VECTOR('',#9792,1.);
#9792 = DIRECTION('',(-0.,-0.,-1.));
#9793 = ORIENTED_EDGE('',*,*,#4986,.F.);
#9794 = CYLINDRICAL_SURFACE('',#9795,0.95);
#9795 = AXIS2_PLACEMENT_3D('',#9796,#9797,#9798);
#9796 = CARTESIAN_POINT('',(88.217408,-113.380005,-4.6E-02));
#9797 = DIRECTION('',(-0.,-0.,-1.));
#9798 = DIRECTION('',(-0.,-1.,0.));
#9799 = ADVANCED_FACE('',(#9800),#9811,.F.);
#9800 = FACE_BOUND('',#9801,.T.);
#9801 = EDGE_LOOP('',(#9802,#9803,#9804,#9805));
#9802 = ORIENTED_EDGE('',*,*,#619,.T.);
#9803 = ORIENTED_EDGE('',*,*,#9781,.T.);
#9804 = ORIENTED_EDGE('',*,*,#5006,.F.);
#9805 = ORIENTED_EDGE('',*,*,#9806,.T.);
#9806 = EDGE_CURVE('',#4998,#611,#9807,.T.);
#9807 = LINE('',#9808,#9809);
#9808 = CARTESIAN_POINT('',(88.660047944496,-114.220582111,-4.6E-02));
#9809 = VECTOR('',#9810,1.);
#9810 = DIRECTION('',(-0.,-0.,-1.));
#9811 = CYLINDRICAL_SURFACE('',#9812,0.95);
#9812 = AXIS2_PLACEMENT_3D('',#9813,#9814,#9815);
#9813 = CARTESIAN_POINT('',(88.217408,-113.380005,-4.6E-02));
#9814 = DIRECTION('',(-0.,-0.,-1.));
#9815 = DIRECTION('',(-0.,-1.,0.));
#9816 = ADVANCED_FACE('',(#9817),#9823,.F.);
#9817 = FACE_BOUND('',#9818,.T.);
#9818 = EDGE_LOOP('',(#9819,#9820,#9821,#9822));
#9819 = ORIENTED_EDGE('',*,*,#9788,.T.);
#9820 = ORIENTED_EDGE('',*,*,#610,.T.);
#9821 = ORIENTED_EDGE('',*,*,#9806,.F.);
#9822 = ORIENTED_EDGE('',*,*,#4997,.F.);
#9823 = CYLINDRICAL_SURFACE('',#9824,0.95);
#9824 = AXIS2_PLACEMENT_3D('',#9825,#9826,#9827);
#9825 = CARTESIAN_POINT('',(88.623097,-113.271301,-4.6E-02));
#9826 = DIRECTION('',(-0.,-0.,-1.));
#9827 = DIRECTION('',(-0.,-1.,0.));
#9828 = ADVANCED_FACE('',(#9829),#9840,.F.);
#9829 = FACE_BOUND('',#9830,.T.);
#9830 = EDGE_LOOP('',(#9831,#9832,#9838,#9839));
#9831 = ORIENTED_EDGE('',*,*,#628,.T.);
#9832 = ORIENTED_EDGE('',*,*,#9833,.T.);
#9833 = EDGE_CURVE('',#629,#5016,#9834,.T.);
#9834 = LINE('',#9835,#9836);
#9835 = CARTESIAN_POINT('',(89.192422,-111.989149,-4.6E-02));
#9836 = VECTOR('',#9837,1.);
#9837 = DIRECTION('',(0.,0.,1.));
#9838 = ORIENTED_EDGE('',*,*,#5015,.F.);
#9839 = ORIENTED_EDGE('',*,*,#9833,.F.);
#9840 = CYLINDRICAL_SURFACE('',#9841,1.5);
#9841 = AXIS2_PLACEMENT_3D('',#9842,#9843,#9844);
#9842 = CARTESIAN_POINT('',(89.192422,-110.489149,-4.6E-02));
#9843 = DIRECTION('',(-0.,-0.,-1.));
#9844 = DIRECTION('',(-0.,-1.,0.));
#9845 = ADVANCED_FACE('',(#9846),#9857,.F.);
#9846 = FACE_BOUND('',#9847,.T.);
#9847 = EDGE_LOOP('',(#9848,#9849,#9855,#9856));
#9848 = ORIENTED_EDGE('',*,*,#639,.T.);
#9849 = ORIENTED_EDGE('',*,*,#9850,.T.);
#9850 = EDGE_CURVE('',#640,#5027,#9851,.T.);
#9851 = LINE('',#9852,#9853);
#9852 = CARTESIAN_POINT('',(95.057032,-119.155462,-4.6E-02));
#9853 = VECTOR('',#9854,1.);
#9854 = DIRECTION('',(0.,0.,1.));
#9855 = ORIENTED_EDGE('',*,*,#5026,.F.);
#9856 = ORIENTED_EDGE('',*,*,#9850,.F.);
#9857 = CYLINDRICAL_SURFACE('',#9858,1.5);
#9858 = AXIS2_PLACEMENT_3D('',#9859,#9860,#9861);
#9859 = CARTESIAN_POINT('',(95.057032,-117.655462,-4.6E-02));
#9860 = DIRECTION('',(-0.,-0.,-1.));
#9861 = DIRECTION('',(-0.,-1.,0.));
#9862 = ADVANCED_FACE('',(#9863),#9874,.F.);
#9863 = FACE_BOUND('',#9864,.T.);
#9864 = EDGE_LOOP('',(#9865,#9866,#9872,#9873));
#9865 = ORIENTED_EDGE('',*,*,#650,.T.);
#9866 = ORIENTED_EDGE('',*,*,#9867,.T.);
#9867 = EDGE_CURVE('',#651,#5038,#9868,.T.);
#9868 = LINE('',#9869,#9870);
#9869 = CARTESIAN_POINT('',(89.658001,-118.324521,-4.6E-02));
#9870 = VECTOR('',#9871,1.);
#9871 = DIRECTION('',(0.,0.,1.));
#9872 = ORIENTED_EDGE('',*,*,#5037,.F.);
#9873 = ORIENTED_EDGE('',*,*,#9867,.F.);
#9874 = CYLINDRICAL_SURFACE('',#9875,1.5);
#9875 = AXIS2_PLACEMENT_3D('',#9876,#9877,#9878);
#9876 = CARTESIAN_POINT('',(89.658001,-116.824521,-4.6E-02));
#9877 = DIRECTION('',(-0.,-0.,-1.));
#9878 = DIRECTION('',(-0.,-1.,0.));
#9879 = ADVANCED_FACE('',(#9880),#9891,.F.);
#9880 = FACE_BOUND('',#9881,.T.);
#9881 = EDGE_LOOP('',(#9882,#9883,#9889,#9890));
#9882 = ORIENTED_EDGE('',*,*,#661,.T.);
#9883 = ORIENTED_EDGE('',*,*,#9884,.T.);
#9884 = EDGE_CURVE('',#662,#5049,#9885,.T.);
#9885 = LINE('',#9886,#9887);
#9886 = CARTESIAN_POINT('',(93.53,-114.0065,-4.6E-02));
#9887 = VECTOR('',#9888,1.);
#9888 = DIRECTION('',(0.,0.,1.));
#9889 = ORIENTED_EDGE('',*,*,#5048,.F.);
#9890 = ORIENTED_EDGE('',*,*,#9884,.F.);
#9891 = CYLINDRICAL_SURFACE('',#9892,2.05);
#9892 = AXIS2_PLACEMENT_3D('',#9893,#9894,#9895);
#9893 = CARTESIAN_POINT('',(93.53,-111.9565,-4.6E-02));
#9894 = DIRECTION('',(-0.,-0.,-1.));
#9895 = DIRECTION('',(-0.,-1.,0.));
#9896 = ADVANCED_FACE('',(#9897),#9913,.F.);
#9897 = FACE_BOUND('',#9898,.T.);
#9898 = EDGE_LOOP('',(#9899,#9905,#9906,#9912));
#9899 = ORIENTED_EDGE('',*,*,#9900,.F.);
#9900 = EDGE_CURVE('',#673,#5060,#9901,.T.);
#9901 = LINE('',#9902,#9903);
#9902 = CARTESIAN_POINT('',(98.436903,-111.591699,-4.6E-02));
#9903 = VECTOR('',#9904,1.);
#9904 = DIRECTION('',(0.,0.,1.));
#9905 = ORIENTED_EDGE('',*,*,#672,.T.);
#9906 = ORIENTED_EDGE('',*,*,#9907,.F.);
#9907 = EDGE_CURVE('',#5062,#675,#9908,.T.);
#9908 = LINE('',#9909,#9910);
#9909 = CARTESIAN_POINT('',(98.399952055504,-109.692417889,-4.6E-02));
#9910 = VECTOR('',#9911,1.);
#9911 = DIRECTION('',(-0.,-0.,-1.));
#9912 = ORIENTED_EDGE('',*,*,#5059,.F.);
#9913 = CYLINDRICAL_SURFACE('',#9914,0.95);
#9914 = AXIS2_PLACEMENT_3D('',#9915,#9916,#9917);
#9915 = CARTESIAN_POINT('',(98.436903,-110.641699,-4.6E-02));
#9916 = DIRECTION('',(-0.,-0.,-1.));
#9917 = DIRECTION('',(-0.,-1.,0.));
#9918 = ADVANCED_FACE('',(#9919),#9930,.F.);
#9919 = FACE_BOUND('',#9920,.T.);
#9920 = EDGE_LOOP('',(#9921,#9922,#9923,#9924));
#9921 = ORIENTED_EDGE('',*,*,#692,.T.);
#9922 = ORIENTED_EDGE('',*,*,#9900,.T.);
#9923 = ORIENTED_EDGE('',*,*,#5079,.F.);
#9924 = ORIENTED_EDGE('',*,*,#9925,.T.);
#9925 = EDGE_CURVE('',#5071,#684,#9926,.T.);
#9926 = LINE('',#9927,#9928);
#9927 = CARTESIAN_POINT('',(98.879542944496,-111.482276111,-4.6E-02));
#9928 = VECTOR('',#9929,1.);
#9929 = DIRECTION('',(-0.,-0.,-1.));
#9930 = CYLINDRICAL_SURFACE('',#9931,0.95);
#9931 = AXIS2_PLACEMENT_3D('',#9932,#9933,#9934);
#9932 = CARTESIAN_POINT('',(98.436903,-110.641699,-4.6E-02));
#9933 = DIRECTION('',(-0.,-0.,-1.));
#9934 = DIRECTION('',(-0.,-1.,0.));
#9935 = ADVANCED_FACE('',(#9936),#9942,.F.);
#9936 = FACE_BOUND('',#9937,.T.);
#9937 = EDGE_LOOP('',(#9938,#9939,#9940,#9941));
#9938 = ORIENTED_EDGE('',*,*,#9907,.T.);
#9939 = ORIENTED_EDGE('',*,*,#683,.T.);
#9940 = ORIENTED_EDGE('',*,*,#9925,.F.);
#9941 = ORIENTED_EDGE('',*,*,#5070,.F.);
#9942 = CYLINDRICAL_SURFACE('',#9943,0.95);
#9943 = AXIS2_PLACEMENT_3D('',#9944,#9945,#9946);
#9944 = CARTESIAN_POINT('',(98.842592,-110.532995,-4.6E-02));
#9945 = DIRECTION('',(-0.,-0.,-1.));
#9946 = DIRECTION('',(-0.,-1.,0.));
#9947 = ADVANCED_FACE('',(#9948),#9959,.F.);
#9948 = FACE_BOUND('',#9949,.T.);
#9949 = EDGE_LOOP('',(#9950,#9951,#9957,#9958));
#9950 = ORIENTED_EDGE('',*,*,#701,.T.);
#9951 = ORIENTED_EDGE('',*,*,#9952,.T.);
#9952 = EDGE_CURVE('',#702,#5089,#9953,.T.);
#9953 = LINE('',#9954,#9955);
#9954 = CARTESIAN_POINT('',(94.668651,-107.892196,-4.6E-02));
#9955 = VECTOR('',#9956,1.);
#9956 = DIRECTION('',(0.,0.,1.));
#9957 = ORIENTED_EDGE('',*,*,#5088,.F.);
#9958 = ORIENTED_EDGE('',*,*,#9952,.F.);
#9959 = CYLINDRICAL_SURFACE('',#9960,1.5);
#9960 = AXIS2_PLACEMENT_3D('',#9961,#9962,#9963);
#9961 = CARTESIAN_POINT('',(94.668651,-106.392196,-4.6E-02));
#9962 = DIRECTION('',(-0.,-0.,-1.));
#9963 = DIRECTION('',(-0.,-1.,0.));
#9964 = ADVANCED_FACE('',(#9965),#9976,.F.);
#9965 = FACE_BOUND('',#9966,.T.);
#9966 = EDGE_LOOP('',(#9967,#9968,#9974,#9975));
#9967 = ORIENTED_EDGE('',*,*,#712,.T.);
#9968 = ORIENTED_EDGE('',*,*,#9969,.T.);
#9969 = EDGE_CURVE('',#713,#5100,#9970,.T.);
#9970 = LINE('',#9971,#9972);
#9971 = CARTESIAN_POINT('',(60.77,-93.7825,-4.6E-02));
#9972 = VECTOR('',#9973,1.);
#9973 = DIRECTION('',(0.,0.,1.));
#9974 = ORIENTED_EDGE('',*,*,#5099,.F.);
#9975 = ORIENTED_EDGE('',*,*,#9969,.F.);
#9976 = CYLINDRICAL_SURFACE('',#9977,1.5);
#9977 = AXIS2_PLACEMENT_3D('',#9978,#9979,#9980);
#9978 = CARTESIAN_POINT('',(60.77,-92.2825,-4.6E-02));
#9979 = DIRECTION('',(-0.,-0.,-1.));
#9980 = DIRECTION('',(-0.,-1.,0.));
#9981 = ADVANCED_FACE('',(#9982),#9993,.F.);
#9982 = FACE_BOUND('',#9983,.T.);
#9983 = EDGE_LOOP('',(#9984,#9985,#9991,#9992));
#9984 = ORIENTED_EDGE('',*,*,#723,.T.);
#9985 = ORIENTED_EDGE('',*,*,#9986,.T.);
#9986 = EDGE_CURVE('',#724,#5111,#9987,.T.);
#9987 = LINE('',#9988,#9989);
#9988 = CARTESIAN_POINT('',(65.77,-95.9825,-4.6E-02));
#9989 = VECTOR('',#9990,1.);
#9990 = DIRECTION('',(0.,0.,1.));
#9991 = ORIENTED_EDGE('',*,*,#5110,.F.);
#9992 = ORIENTED_EDGE('',*,*,#9986,.F.);
#9993 = CYLINDRICAL_SURFACE('',#9994,1.5);
#9994 = AXIS2_PLACEMENT_3D('',#9995,#9996,#9997);
#9995 = CARTESIAN_POINT('',(65.77,-94.4825,-4.6E-02));
#9996 = DIRECTION('',(-0.,-0.,-1.));
#9997 = DIRECTION('',(-0.,-1.,0.));
#9998 = ADVANCED_FACE('',(#9999),#10010,.F.);
#9999 = FACE_BOUND('',#10000,.T.);
#10000 = EDGE_LOOP('',(#10001,#10002,#10008,#10009));
#10001 = ORIENTED_EDGE('',*,*,#734,.T.);
#10002 = ORIENTED_EDGE('',*,*,#10003,.T.);
#10003 = EDGE_CURVE('',#735,#5122,#10004,.T.);
#10004 = LINE('',#10005,#10006);
#10005 = CARTESIAN_POINT('',(84.82,-99.7925,-4.6E-02));
#10006 = VECTOR('',#10007,1.);
#10007 = DIRECTION('',(0.,0.,1.));
#10008 = ORIENTED_EDGE('',*,*,#5121,.F.);
#10009 = ORIENTED_EDGE('',*,*,#10003,.F.);
#10010 = CYLINDRICAL_SURFACE('',#10011,1.5);
#10011 = AXIS2_PLACEMENT_3D('',#10012,#10013,#10014);
#10012 = CARTESIAN_POINT('',(84.82,-98.2925,-4.6E-02));
#10013 = DIRECTION('',(-0.,-0.,-1.));
#10014 = DIRECTION('',(-0.,-1.,0.));
#10015 = ADVANCED_FACE('',(#10016),#10027,.F.);
#10016 = FACE_BOUND('',#10017,.T.);
#10017 = EDGE_LOOP('',(#10018,#10019,#10025,#10026));
#10018 = ORIENTED_EDGE('',*,*,#745,.T.);
#10019 = ORIENTED_EDGE('',*,*,#10020,.T.);
#10020 = EDGE_CURVE('',#746,#5133,#10021,.T.);
#10021 = LINE('',#10022,#10023);
#10022 = CARTESIAN_POINT('',(79.82,-97.5925,-4.6E-02));
#10023 = VECTOR('',#10024,1.);
#10024 = DIRECTION('',(0.,0.,1.));
#10025 = ORIENTED_EDGE('',*,*,#5132,.F.);
#10026 = ORIENTED_EDGE('',*,*,#10020,.F.);
#10027 = CYLINDRICAL_SURFACE('',#10028,1.5);
#10028 = AXIS2_PLACEMENT_3D('',#10029,#10030,#10031);
#10029 = CARTESIAN_POINT('',(79.82,-96.0925,-4.6E-02));
#10030 = DIRECTION('',(-0.,-0.,-1.));
#10031 = DIRECTION('',(-0.,-1.,0.));
#10032 = ADVANCED_FACE('',(#10033),#10049,.F.);
#10033 = FACE_BOUND('',#10034,.T.);
#10034 = EDGE_LOOP('',(#10035,#10036,#10042,#10043));
#10035 = ORIENTED_EDGE('',*,*,#756,.T.);
#10036 = ORIENTED_EDGE('',*,*,#10037,.T.);
#10037 = EDGE_CURVE('',#759,#5146,#10038,.T.);
#10038 = LINE('',#10039,#10040);
#10039 = CARTESIAN_POINT('',(79.74,-93.3425,-4.6E-02));
#10040 = VECTOR('',#10041,1.);
#10041 = DIRECTION('',(0.,0.,1.));
#10042 = ORIENTED_EDGE('',*,*,#5143,.F.);
#10043 = ORIENTED_EDGE('',*,*,#10044,.T.);
#10044 = EDGE_CURVE('',#5144,#757,#10045,.T.);
#10045 = LINE('',#10046,#10047);
#10046 = CARTESIAN_POINT('',(79.53,-91.46600121424,-4.6E-02));
#10047 = VECTOR('',#10048,1.);
#10048 = DIRECTION('',(-0.,-0.,-1.));
#10049 = CYLINDRICAL_SURFACE('',#10050,0.95);
#10050 = AXIS2_PLACEMENT_3D('',#10051,#10052,#10053);
#10051 = CARTESIAN_POINT('',(79.74,-92.3925,-4.6E-02));
#10052 = DIRECTION('',(-0.,-0.,-1.));
#10053 = DIRECTION('',(-1.495879443705E-14,-1.,0.));
#10054 = ADVANCED_FACE('',(#10055),#10066,.F.);
#10055 = FACE_BOUND('',#10056,.T.);
#10056 = EDGE_LOOP('',(#10057,#10063,#10064,#10065));
#10057 = ORIENTED_EDGE('',*,*,#10058,.F.);
#10058 = EDGE_CURVE('',#777,#5164,#10059,.T.);
#10059 = LINE('',#10060,#10061);
#10060 = CARTESIAN_POINT('',(79.32,-93.3425,-4.6E-02));
#10061 = VECTOR('',#10062,1.);
#10062 = DIRECTION('',(0.,0.,1.));
#10063 = ORIENTED_EDGE('',*,*,#785,.T.);
#10064 = ORIENTED_EDGE('',*,*,#10044,.F.);
#10065 = ORIENTED_EDGE('',*,*,#5172,.F.);
#10066 = CYLINDRICAL_SURFACE('',#10067,0.95);
#10067 = AXIS2_PLACEMENT_3D('',#10068,#10069,#10070);
#10068 = CARTESIAN_POINT('',(79.32,-92.3925,-4.6E-02));
#10069 = DIRECTION('',(-0.,-0.,-1.));
#10070 = DIRECTION('',(-0.,-1.,0.));
#10071 = ADVANCED_FACE('',(#10072),#10083,.F.);
#10072 = FACE_BOUND('',#10073,.T.);
#10073 = EDGE_LOOP('',(#10074,#10075,#10076,#10077));
#10074 = ORIENTED_EDGE('',*,*,#776,.T.);
#10075 = ORIENTED_EDGE('',*,*,#10058,.T.);
#10076 = ORIENTED_EDGE('',*,*,#5163,.F.);
#10077 = ORIENTED_EDGE('',*,*,#10078,.T.);
#10078 = EDGE_CURVE('',#5155,#768,#10079,.T.);
#10079 = LINE('',#10080,#10081);
#10080 = CARTESIAN_POINT('',(79.53,-93.31899878575,-4.6E-02));
#10081 = VECTOR('',#10082,1.);
#10082 = DIRECTION('',(-0.,-0.,-1.));
#10083 = CYLINDRICAL_SURFACE('',#10084,0.95);
#10084 = AXIS2_PLACEMENT_3D('',#10085,#10086,#10087);
#10085 = CARTESIAN_POINT('',(79.32,-92.3925,-4.6E-02));
#10086 = DIRECTION('',(-0.,-0.,-1.));
#10087 = DIRECTION('',(-0.,-1.,0.));
#10088 = ADVANCED_FACE('',(#10089),#10095,.F.);
#10089 = FACE_BOUND('',#10090,.T.);
#10090 = EDGE_LOOP('',(#10091,#10092,#10093,#10094));
#10091 = ORIENTED_EDGE('',*,*,#10037,.F.);
#10092 = ORIENTED_EDGE('',*,*,#767,.T.);
#10093 = ORIENTED_EDGE('',*,*,#10078,.F.);
#10094 = ORIENTED_EDGE('',*,*,#5154,.F.);
#10095 = CYLINDRICAL_SURFACE('',#10096,0.95);
#10096 = AXIS2_PLACEMENT_3D('',#10097,#10098,#10099);
#10097 = CARTESIAN_POINT('',(79.74,-92.3925,-4.6E-02));
#10098 = DIRECTION('',(-0.,-0.,-1.));
#10099 = DIRECTION('',(-1.495879443705E-14,-1.,0.));
#10100 = ADVANCED_FACE('',(#10101),#10112,.F.);
#10101 = FACE_BOUND('',#10102,.T.);
#10102 = EDGE_LOOP('',(#10103,#10104,#10110,#10111));
#10103 = ORIENTED_EDGE('',*,*,#794,.T.);
#10104 = ORIENTED_EDGE('',*,*,#10105,.T.);
#10105 = EDGE_CURVE('',#795,#5182,#10106,.T.);
#10106 = LINE('',#10107,#10108);
#10107 = CARTESIAN_POINT('',(81.01,-91.3525,-4.6E-02));
#10108 = VECTOR('',#10109,1.);
#10109 = DIRECTION('',(0.,0.,1.));
#10110 = ORIENTED_EDGE('',*,*,#5181,.F.);
#10111 = ORIENTED_EDGE('',*,*,#10105,.F.);
#10112 = CYLINDRICAL_SURFACE('',#10113,1.5);
#10113 = AXIS2_PLACEMENT_3D('',#10114,#10115,#10116);
#10114 = CARTESIAN_POINT('',(81.01,-89.8525,-4.6E-02));
#10115 = DIRECTION('',(-0.,-0.,-1.));
#10116 = DIRECTION('',(-0.,-1.,0.));
#10117 = ADVANCED_FACE('',(#10118),#10129,.F.);
#10118 = FACE_BOUND('',#10119,.T.);
#10119 = EDGE_LOOP('',(#10120,#10121,#10127,#10128));
#10120 = ORIENTED_EDGE('',*,*,#805,.T.);
#10121 = ORIENTED_EDGE('',*,*,#10122,.T.);
#10122 = EDGE_CURVE('',#806,#5193,#10123,.T.);
#10123 = LINE('',#10124,#10125);
#10124 = CARTESIAN_POINT('',(84.82,-94.4425,-4.6E-02));
#10125 = VECTOR('',#10126,1.);
#10126 = DIRECTION('',(0.,0.,1.));
#10127 = ORIENTED_EDGE('',*,*,#5192,.F.);
#10128 = ORIENTED_EDGE('',*,*,#10122,.F.);
#10129 = CYLINDRICAL_SURFACE('',#10130,2.05);
#10130 = AXIS2_PLACEMENT_3D('',#10131,#10132,#10133);
#10131 = CARTESIAN_POINT('',(84.82,-92.3925,-4.6E-02));
#10132 = DIRECTION('',(-0.,-0.,-1.));
#10133 = DIRECTION('',(-0.,-1.,0.));
#10134 = ADVANCED_FACE('',(#10135),#10151,.F.);
#10135 = FACE_BOUND('',#10136,.T.);
#10136 = EDGE_LOOP('',(#10137,#10138,#10144,#10145));
#10137 = ORIENTED_EDGE('',*,*,#816,.T.);
#10138 = ORIENTED_EDGE('',*,*,#10139,.T.);
#10139 = EDGE_CURVE('',#819,#5206,#10140,.T.);
#10140 = LINE('',#10141,#10142);
#10141 = CARTESIAN_POINT('',(60.69,-89.5325,-4.6E-02));
#10142 = VECTOR('',#10143,1.);
#10143 = DIRECTION('',(0.,0.,1.));
#10144 = ORIENTED_EDGE('',*,*,#5203,.F.);
#10145 = ORIENTED_EDGE('',*,*,#10146,.T.);
#10146 = EDGE_CURVE('',#5204,#817,#10147,.T.);
#10147 = LINE('',#10148,#10149);
#10148 = CARTESIAN_POINT('',(60.48,-87.65600121424,-4.6E-02));
#10149 = VECTOR('',#10150,1.);
#10150 = DIRECTION('',(-0.,-0.,-1.));
#10151 = CYLINDRICAL_SURFACE('',#10152,0.95);
#10152 = AXIS2_PLACEMENT_3D('',#10153,#10154,#10155);
#10153 = CARTESIAN_POINT('',(60.69,-88.5825,-4.6E-02));
#10154 = DIRECTION('',(-0.,-0.,-1.));
#10155 = DIRECTION('',(-0.,-1.,0.));
#10156 = ADVANCED_FACE('',(#10157),#10168,.F.);
#10157 = FACE_BOUND('',#10158,.T.);
#10158 = EDGE_LOOP('',(#10159,#10165,#10166,#10167));
#10159 = ORIENTED_EDGE('',*,*,#10160,.F.);
#10160 = EDGE_CURVE('',#837,#5224,#10161,.T.);
#10161 = LINE('',#10162,#10163);
#10162 = CARTESIAN_POINT('',(60.27,-89.5325,-4.6E-02));
#10163 = VECTOR('',#10164,1.);
#10164 = DIRECTION('',(0.,0.,1.));
#10165 = ORIENTED_EDGE('',*,*,#845,.T.);
#10166 = ORIENTED_EDGE('',*,*,#10146,.F.);
#10167 = ORIENTED_EDGE('',*,*,#5232,.F.);
#10168 = CYLINDRICAL_SURFACE('',#10169,0.95);
#10169 = AXIS2_PLACEMENT_3D('',#10170,#10171,#10172);
#10170 = CARTESIAN_POINT('',(60.27,-88.5825,-4.6E-02));
#10171 = DIRECTION('',(-0.,0.,-1.));
#10172 = DIRECTION('',(7.479397218527E-15,-1.,-0.));
#10173 = ADVANCED_FACE('',(#10174),#10185,.F.);
#10174 = FACE_BOUND('',#10175,.T.);
#10175 = EDGE_LOOP('',(#10176,#10177,#10178,#10179));
#10176 = ORIENTED_EDGE('',*,*,#836,.T.);
#10177 = ORIENTED_EDGE('',*,*,#10160,.T.);
#10178 = ORIENTED_EDGE('',*,*,#5223,.F.);
#10179 = ORIENTED_EDGE('',*,*,#10180,.T.);
#10180 = EDGE_CURVE('',#5215,#828,#10181,.T.);
#10181 = LINE('',#10182,#10183);
#10182 = CARTESIAN_POINT('',(60.48,-89.50899878575,-4.6E-02));
#10183 = VECTOR('',#10184,1.);
#10184 = DIRECTION('',(-0.,-0.,-1.));
#10185 = CYLINDRICAL_SURFACE('',#10186,0.95);
#10186 = AXIS2_PLACEMENT_3D('',#10187,#10188,#10189);
#10187 = CARTESIAN_POINT('',(60.27,-88.5825,-4.6E-02));
#10188 = DIRECTION('',(-0.,0.,-1.));
#10189 = DIRECTION('',(7.479397218527E-15,-1.,-0.));
#10190 = ADVANCED_FACE('',(#10191),#10197,.F.);
#10191 = FACE_BOUND('',#10192,.T.);
#10192 = EDGE_LOOP('',(#10193,#10194,#10195,#10196));
#10193 = ORIENTED_EDGE('',*,*,#10139,.F.);
#10194 = ORIENTED_EDGE('',*,*,#827,.T.);
#10195 = ORIENTED_EDGE('',*,*,#10180,.F.);
#10196 = ORIENTED_EDGE('',*,*,#5214,.F.);
#10197 = CYLINDRICAL_SURFACE('',#10198,0.95);
#10198 = AXIS2_PLACEMENT_3D('',#10199,#10200,#10201);
#10199 = CARTESIAN_POINT('',(60.69,-88.5825,-4.6E-02));
#10200 = DIRECTION('',(-0.,-0.,-1.));
#10201 = DIRECTION('',(-0.,-1.,0.));
#10202 = ADVANCED_FACE('',(#10203),#10214,.F.);
#10203 = FACE_BOUND('',#10204,.T.);
#10204 = EDGE_LOOP('',(#10205,#10206,#10212,#10213));
#10205 = ORIENTED_EDGE('',*,*,#854,.T.);
#10206 = ORIENTED_EDGE('',*,*,#10207,.T.);
#10207 = EDGE_CURVE('',#855,#5242,#10208,.T.);
#10208 = LINE('',#10209,#10210);
#10209 = CARTESIAN_POINT('',(61.96,-87.5425,-4.6E-02));
#10210 = VECTOR('',#10211,1.);
#10211 = DIRECTION('',(0.,0.,1.));
#10212 = ORIENTED_EDGE('',*,*,#5241,.F.);
#10213 = ORIENTED_EDGE('',*,*,#10207,.F.);
#10214 = CYLINDRICAL_SURFACE('',#10215,1.5);
#10215 = AXIS2_PLACEMENT_3D('',#10216,#10217,#10218);
#10216 = CARTESIAN_POINT('',(61.96,-86.0425,-4.6E-02));
#10217 = DIRECTION('',(-0.,-0.,-1.));
#10218 = DIRECTION('',(-0.,-1.,0.));
#10219 = ADVANCED_FACE('',(#10220),#10231,.F.);
#10220 = FACE_BOUND('',#10221,.T.);
#10221 = EDGE_LOOP('',(#10222,#10223,#10229,#10230));
#10222 = ORIENTED_EDGE('',*,*,#865,.T.);
#10223 = ORIENTED_EDGE('',*,*,#10224,.T.);
#10224 = EDGE_CURVE('',#866,#5253,#10225,.T.);
#10225 = LINE('',#10226,#10227);
#10226 = CARTESIAN_POINT('',(65.77,-90.6325,-4.6E-02));
#10227 = VECTOR('',#10228,1.);
#10228 = DIRECTION('',(0.,0.,1.));
#10229 = ORIENTED_EDGE('',*,*,#5252,.F.);
#10230 = ORIENTED_EDGE('',*,*,#10224,.F.);
#10231 = CYLINDRICAL_SURFACE('',#10232,2.05);
#10232 = AXIS2_PLACEMENT_3D('',#10233,#10234,#10235);
#10233 = CARTESIAN_POINT('',(65.77,-88.5825,-4.6E-02));
#10234 = DIRECTION('',(-0.,-0.,-1.));
#10235 = DIRECTION('',(-0.,-1.,0.));
#10236 = ADVANCED_FACE('',(#10237),#10253,.F.);
#10237 = FACE_BOUND('',#10238,.T.);
#10238 = EDGE_LOOP('',(#10239,#10240,#10246,#10247));
#10239 = ORIENTED_EDGE('',*,*,#876,.T.);
#10240 = ORIENTED_EDGE('',*,*,#10241,.T.);
#10241 = EDGE_CURVE('',#879,#5266,#10242,.T.);
#10242 = LINE('',#10243,#10244);
#10243 = CARTESIAN_POINT('',(71.27,-89.5325,-4.6E-02));
#10244 = VECTOR('',#10245,1.);
#10245 = DIRECTION('',(0.,0.,1.));
#10246 = ORIENTED_EDGE('',*,*,#5263,.F.);
#10247 = ORIENTED_EDGE('',*,*,#10248,.T.);
#10248 = EDGE_CURVE('',#5264,#877,#10249,.T.);
#10249 = LINE('',#10250,#10251);
#10250 = CARTESIAN_POINT('',(71.06,-87.65600121424,-4.6E-02));
#10251 = VECTOR('',#10252,1.);
#10252 = DIRECTION('',(-0.,-0.,-1.));
#10253 = CYLINDRICAL_SURFACE('',#10254,0.95);
#10254 = AXIS2_PLACEMENT_3D('',#10255,#10256,#10257);
#10255 = CARTESIAN_POINT('',(71.27,-88.5825,-4.6E-02));
#10256 = DIRECTION('',(-0.,-0.,-1.));
#10257 = DIRECTION('',(-0.,-1.,0.));
#10258 = ADVANCED_FACE('',(#10259),#10270,.F.);
#10259 = FACE_BOUND('',#10260,.T.);
#10260 = EDGE_LOOP('',(#10261,#10267,#10268,#10269));
#10261 = ORIENTED_EDGE('',*,*,#10262,.F.);
#10262 = EDGE_CURVE('',#897,#5284,#10263,.T.);
#10263 = LINE('',#10264,#10265);
#10264 = CARTESIAN_POINT('',(70.85,-89.5325,-4.6E-02));
#10265 = VECTOR('',#10266,1.);
#10266 = DIRECTION('',(0.,0.,1.));
#10267 = ORIENTED_EDGE('',*,*,#905,.T.);
#10268 = ORIENTED_EDGE('',*,*,#10248,.F.);
#10269 = ORIENTED_EDGE('',*,*,#5292,.F.);
#10270 = CYLINDRICAL_SURFACE('',#10271,0.95);
#10271 = AXIS2_PLACEMENT_3D('',#10272,#10273,#10274);
#10272 = CARTESIAN_POINT('',(70.85,-88.5825,-4.6E-02));
#10273 = DIRECTION('',(-0.,-0.,-1.));
#10274 = DIRECTION('',(-0.,-1.,0.));
#10275 = ADVANCED_FACE('',(#10276),#10287,.F.);
#10276 = FACE_BOUND('',#10277,.T.);
#10277 = EDGE_LOOP('',(#10278,#10279,#10280,#10281));
#10278 = ORIENTED_EDGE('',*,*,#896,.T.);
#10279 = ORIENTED_EDGE('',*,*,#10262,.T.);
#10280 = ORIENTED_EDGE('',*,*,#5283,.F.);
#10281 = ORIENTED_EDGE('',*,*,#10282,.T.);
#10282 = EDGE_CURVE('',#5275,#888,#10283,.T.);
#10283 = LINE('',#10284,#10285);
#10284 = CARTESIAN_POINT('',(71.06,-89.50899878575,-4.6E-02));
#10285 = VECTOR('',#10286,1.);
#10286 = DIRECTION('',(-0.,-0.,-1.));
#10287 = CYLINDRICAL_SURFACE('',#10288,0.95);
#10288 = AXIS2_PLACEMENT_3D('',#10289,#10290,#10291);
#10289 = CARTESIAN_POINT('',(70.85,-88.5825,-4.6E-02));
#10290 = DIRECTION('',(-0.,-0.,-1.));
#10291 = DIRECTION('',(-0.,-1.,0.));
#10292 = ADVANCED_FACE('',(#10293),#10299,.F.);
#10293 = FACE_BOUND('',#10294,.T.);
#10294 = EDGE_LOOP('',(#10295,#10296,#10297,#10298));
#10295 = ORIENTED_EDGE('',*,*,#10241,.F.);
#10296 = ORIENTED_EDGE('',*,*,#887,.T.);
#10297 = ORIENTED_EDGE('',*,*,#10282,.F.);
#10298 = ORIENTED_EDGE('',*,*,#5274,.F.);
#10299 = CYLINDRICAL_SURFACE('',#10300,0.95);
#10300 = AXIS2_PLACEMENT_3D('',#10301,#10302,#10303);
#10301 = CARTESIAN_POINT('',(71.27,-88.5825,-4.6E-02));
#10302 = DIRECTION('',(-0.,-0.,-1.));
#10303 = DIRECTION('',(-0.,-1.,0.));
#10304 = ADVANCED_FACE('',(#10305),#10316,.F.);
#10305 = FACE_BOUND('',#10306,.T.);
#10306 = EDGE_LOOP('',(#10307,#10308,#10314,#10315));
#10307 = ORIENTED_EDGE('',*,*,#914,.T.);
#10308 = ORIENTED_EDGE('',*,*,#10309,.T.);
#10309 = EDGE_CURVE('',#915,#5302,#10310,.T.);
#10310 = LINE('',#10311,#10312);
#10311 = CARTESIAN_POINT('',(68.31,-85.0025,-4.6E-02));
#10312 = VECTOR('',#10313,1.);
#10313 = DIRECTION('',(0.,0.,1.));
#10314 = ORIENTED_EDGE('',*,*,#5301,.F.);
#10315 = ORIENTED_EDGE('',*,*,#10309,.F.);
#10316 = CYLINDRICAL_SURFACE('',#10317,1.5);
#10317 = AXIS2_PLACEMENT_3D('',#10318,#10319,#10320);
#10318 = CARTESIAN_POINT('',(68.31,-83.5025,-4.6E-02));
#10319 = DIRECTION('',(-0.,-0.,-1.));
#10320 = DIRECTION('',(-0.,-1.,0.));
#10321 = ADVANCED_FACE('',(#10322),#10333,.F.);
#10322 = FACE_BOUND('',#10323,.T.);
#10323 = EDGE_LOOP('',(#10324,#10325,#10331,#10332));
#10324 = ORIENTED_EDGE('',*,*,#925,.T.);
#10325 = ORIENTED_EDGE('',*,*,#10326,.T.);
#10326 = EDGE_CURVE('',#926,#5313,#10327,.T.);
#10327 = LINE('',#10328,#10329);
#10328 = CARTESIAN_POINT('',(87.36,-88.8125,-4.6E-02));
#10329 = VECTOR('',#10330,1.);
#10330 = DIRECTION('',(0.,0.,1.));
#10331 = ORIENTED_EDGE('',*,*,#5312,.F.);
#10332 = ORIENTED_EDGE('',*,*,#10326,.F.);
#10333 = CYLINDRICAL_SURFACE('',#10334,1.5);
#10334 = AXIS2_PLACEMENT_3D('',#10335,#10336,#10337);
#10335 = CARTESIAN_POINT('',(87.36,-87.3125,-4.6E-02));
#10336 = DIRECTION('',(-0.,-0.,-1.));
#10337 = DIRECTION('',(-0.,-1.,0.));
#10338 = ADVANCED_FACE('',(#10339),#10350,.F.);
#10339 = FACE_BOUND('',#10340,.T.);
#10340 = EDGE_LOOP('',(#10341,#10342,#10348,#10349));
#10341 = ORIENTED_EDGE('',*,*,#936,.T.);
#10342 = ORIENTED_EDGE('',*,*,#10343,.T.);
#10343 = EDGE_CURVE('',#937,#5324,#10344,.T.);
#10344 = LINE('',#10345,#10346);
#10345 = CARTESIAN_POINT('',(79.82,-78.5425,-4.6E-02));
#10346 = VECTOR('',#10347,1.);
#10347 = DIRECTION('',(0.,0.,1.));
#10348 = ORIENTED_EDGE('',*,*,#5323,.F.);
#10349 = ORIENTED_EDGE('',*,*,#10343,.F.);
#10350 = CYLINDRICAL_SURFACE('',#10351,1.5);
#10351 = AXIS2_PLACEMENT_3D('',#10352,#10353,#10354);
#10352 = CARTESIAN_POINT('',(79.82,-77.0425,-4.6E-02));
#10353 = DIRECTION('',(-0.,-0.,-1.));
#10354 = DIRECTION('',(-0.,-1.,0.));
#10355 = ADVANCED_FACE('',(#10356),#10367,.F.);
#10356 = FACE_BOUND('',#10357,.T.);
#10357 = EDGE_LOOP('',(#10358,#10359,#10365,#10366));
#10358 = ORIENTED_EDGE('',*,*,#947,.T.);
#10359 = ORIENTED_EDGE('',*,*,#10360,.T.);
#10360 = EDGE_CURVE('',#948,#5335,#10361,.T.);
#10361 = LINE('',#10362,#10363);
#10362 = CARTESIAN_POINT('',(84.82,-80.7425,-4.6E-02));
#10363 = VECTOR('',#10364,1.);
#10364 = DIRECTION('',(0.,0.,1.));
#10365 = ORIENTED_EDGE('',*,*,#5334,.F.);
#10366 = ORIENTED_EDGE('',*,*,#10360,.F.);
#10367 = CYLINDRICAL_SURFACE('',#10368,1.5);
#10368 = AXIS2_PLACEMENT_3D('',#10369,#10370,#10371);
#10369 = CARTESIAN_POINT('',(84.82,-79.2425,-4.6E-02));
#10370 = DIRECTION('',(-0.,-0.,-1.));
#10371 = DIRECTION('',(-0.,-1.,0.));
#10372 = ADVANCED_FACE('',(#10373),#10389,.F.);
#10373 = FACE_BOUND('',#10374,.T.);
#10374 = EDGE_LOOP('',(#10375,#10376,#10382,#10383));
#10375 = ORIENTED_EDGE('',*,*,#958,.T.);
#10376 = ORIENTED_EDGE('',*,*,#10377,.T.);
#10377 = EDGE_CURVE('',#961,#5348,#10378,.T.);
#10378 = LINE('',#10379,#10380);
#10379 = CARTESIAN_POINT('',(90.32,-93.3425,-4.6E-02));
#10380 = VECTOR('',#10381,1.);
#10381 = DIRECTION('',(0.,0.,1.));
#10382 = ORIENTED_EDGE('',*,*,#5345,.F.);
#10383 = ORIENTED_EDGE('',*,*,#10384,.T.);
#10384 = EDGE_CURVE('',#5346,#959,#10385,.T.);
#10385 = LINE('',#10386,#10387);
#10386 = CARTESIAN_POINT('',(90.11,-91.46600121424,-4.6E-02));
#10387 = VECTOR('',#10388,1.);
#10388 = DIRECTION('',(-0.,-0.,-1.));
#10389 = CYLINDRICAL_SURFACE('',#10390,0.95);
#10390 = AXIS2_PLACEMENT_3D('',#10391,#10392,#10393);
#10391 = CARTESIAN_POINT('',(90.32,-92.3925,-4.6E-02));
#10392 = DIRECTION('',(-0.,-0.,-1.));
#10393 = DIRECTION('',(-0.,-1.,0.));
#10394 = ADVANCED_FACE('',(#10395),#10406,.F.);
#10395 = FACE_BOUND('',#10396,.T.);
#10396 = EDGE_LOOP('',(#10397,#10403,#10404,#10405));
#10397 = ORIENTED_EDGE('',*,*,#10398,.F.);
#10398 = EDGE_CURVE('',#979,#5366,#10399,.T.);
#10399 = LINE('',#10400,#10401);
#10400 = CARTESIAN_POINT('',(89.9,-93.3425,-4.6E-02));
#10401 = VECTOR('',#10402,1.);
#10402 = DIRECTION('',(0.,0.,1.));
#10403 = ORIENTED_EDGE('',*,*,#987,.T.);
#10404 = ORIENTED_EDGE('',*,*,#10384,.F.);
#10405 = ORIENTED_EDGE('',*,*,#5374,.F.);
#10406 = CYLINDRICAL_SURFACE('',#10407,0.95);
#10407 = AXIS2_PLACEMENT_3D('',#10408,#10409,#10410);
#10408 = CARTESIAN_POINT('',(89.9,-92.3925,-4.6E-02));
#10409 = DIRECTION('',(-0.,-0.,-1.));
#10410 = DIRECTION('',(-0.,-1.,0.));
#10411 = ADVANCED_FACE('',(#10412),#10423,.F.);
#10412 = FACE_BOUND('',#10413,.T.);
#10413 = EDGE_LOOP('',(#10414,#10415,#10416,#10417));
#10414 = ORIENTED_EDGE('',*,*,#978,.T.);
#10415 = ORIENTED_EDGE('',*,*,#10398,.T.);
#10416 = ORIENTED_EDGE('',*,*,#5365,.F.);
#10417 = ORIENTED_EDGE('',*,*,#10418,.T.);
#10418 = EDGE_CURVE('',#5357,#970,#10419,.T.);
#10419 = LINE('',#10420,#10421);
#10420 = CARTESIAN_POINT('',(90.11,-93.31899878575,-4.6E-02));
#10421 = VECTOR('',#10422,1.);
#10422 = DIRECTION('',(-0.,-0.,-1.));
#10423 = CYLINDRICAL_SURFACE('',#10424,0.95);
#10424 = AXIS2_PLACEMENT_3D('',#10425,#10426,#10427);
#10425 = CARTESIAN_POINT('',(89.9,-92.3925,-4.6E-02));
#10426 = DIRECTION('',(-0.,-0.,-1.));
#10427 = DIRECTION('',(-0.,-1.,0.));
#10428 = ADVANCED_FACE('',(#10429),#10435,.F.);
#10429 = FACE_BOUND('',#10430,.T.);
#10430 = EDGE_LOOP('',(#10431,#10432,#10433,#10434));
#10431 = ORIENTED_EDGE('',*,*,#10377,.F.);
#10432 = ORIENTED_EDGE('',*,*,#969,.T.);
#10433 = ORIENTED_EDGE('',*,*,#10418,.F.);
#10434 = ORIENTED_EDGE('',*,*,#5356,.F.);
#10435 = CYLINDRICAL_SURFACE('',#10436,0.95);
#10436 = AXIS2_PLACEMENT_3D('',#10437,#10438,#10439);
#10437 = CARTESIAN_POINT('',(90.32,-92.3925,-4.6E-02));
#10438 = DIRECTION('',(-0.,-0.,-1.));
#10439 = DIRECTION('',(-0.,-1.,0.));
#10440 = ADVANCED_FACE('',(#10441),#10452,.F.);
#10441 = FACE_BOUND('',#10442,.T.);
#10442 = EDGE_LOOP('',(#10443,#10444,#10450,#10451));
#10443 = ORIENTED_EDGE('',*,*,#996,.T.);
#10444 = ORIENTED_EDGE('',*,*,#10445,.T.);
#10445 = EDGE_CURVE('',#997,#5384,#10446,.T.);
#10446 = LINE('',#10447,#10448);
#10447 = CARTESIAN_POINT('',(103.87,-95.9825,-4.6E-02));
#10448 = VECTOR('',#10449,1.);
#10449 = DIRECTION('',(0.,0.,1.));
#10450 = ORIENTED_EDGE('',*,*,#5383,.F.);
#10451 = ORIENTED_EDGE('',*,*,#10445,.F.);
#10452 = CYLINDRICAL_SURFACE('',#10453,1.5);
#10453 = AXIS2_PLACEMENT_3D('',#10454,#10455,#10456);
#10454 = CARTESIAN_POINT('',(103.87,-94.4825,-4.6E-02));
#10455 = DIRECTION('',(-0.,-0.,-1.));
#10456 = DIRECTION('',(-0.,-1.,0.));
#10457 = ADVANCED_FACE('',(#10458),#10469,.F.);
#10458 = FACE_BOUND('',#10459,.T.);
#10459 = EDGE_LOOP('',(#10460,#10461,#10467,#10468));
#10460 = ORIENTED_EDGE('',*,*,#1007,.T.);
#10461 = ORIENTED_EDGE('',*,*,#10462,.T.);
#10462 = EDGE_CURVE('',#1008,#5395,#10463,.T.);
#10463 = LINE('',#10464,#10465);
#10464 = CARTESIAN_POINT('',(98.87,-93.7825,-4.6E-02));
#10465 = VECTOR('',#10466,1.);
#10466 = DIRECTION('',(0.,0.,1.));
#10467 = ORIENTED_EDGE('',*,*,#5394,.F.);
#10468 = ORIENTED_EDGE('',*,*,#10462,.F.);
#10469 = CYLINDRICAL_SURFACE('',#10470,1.5);
#10470 = AXIS2_PLACEMENT_3D('',#10471,#10472,#10473);
#10471 = CARTESIAN_POINT('',(98.87,-92.2825,-4.6E-02));
#10472 = DIRECTION('',(-0.,-0.,-1.));
#10473 = DIRECTION('',(-0.,-1.,0.));
#10474 = ADVANCED_FACE('',(#10475),#10491,.F.);
#10475 = FACE_BOUND('',#10476,.T.);
#10476 = EDGE_LOOP('',(#10477,#10478,#10484,#10485));
#10477 = ORIENTED_EDGE('',*,*,#1018,.T.);
#10478 = ORIENTED_EDGE('',*,*,#10479,.T.);
#10479 = EDGE_CURVE('',#1021,#5408,#10480,.T.);
#10480 = LINE('',#10481,#10482);
#10481 = CARTESIAN_POINT('',(98.79,-89.5325,-4.6E-02));
#10482 = VECTOR('',#10483,1.);
#10483 = DIRECTION('',(0.,0.,1.));
#10484 = ORIENTED_EDGE('',*,*,#5405,.F.);
#10485 = ORIENTED_EDGE('',*,*,#10486,.T.);
#10486 = EDGE_CURVE('',#5406,#1019,#10487,.T.);
#10487 = LINE('',#10488,#10489);
#10488 = CARTESIAN_POINT('',(98.58,-87.65600121424,-4.6E-02));
#10489 = VECTOR('',#10490,1.);
#10490 = DIRECTION('',(-0.,0.,-1.));
#10491 = CYLINDRICAL_SURFACE('',#10492,0.95);
#10492 = AXIS2_PLACEMENT_3D('',#10493,#10494,#10495);
#10493 = CARTESIAN_POINT('',(98.79,-88.5825,-4.6E-02));
#10494 = DIRECTION('',(-0.,0.,-1.));
#10495 = DIRECTION('',(1.495879443705E-14,-1.,-0.));
#10496 = ADVANCED_FACE('',(#10497),#10508,.F.);
#10497 = FACE_BOUND('',#10498,.T.);
#10498 = EDGE_LOOP('',(#10499,#10505,#10506,#10507));
#10499 = ORIENTED_EDGE('',*,*,#10500,.F.);
#10500 = EDGE_CURVE('',#1039,#5426,#10501,.T.);
#10501 = LINE('',#10502,#10503);
#10502 = CARTESIAN_POINT('',(98.37,-89.5325,-4.6E-02));
#10503 = VECTOR('',#10504,1.);
#10504 = DIRECTION('',(0.,0.,1.));
#10505 = ORIENTED_EDGE('',*,*,#1047,.T.);
#10506 = ORIENTED_EDGE('',*,*,#10486,.F.);
#10507 = ORIENTED_EDGE('',*,*,#5434,.F.);
#10508 = CYLINDRICAL_SURFACE('',#10509,0.95);
#10509 = AXIS2_PLACEMENT_3D('',#10510,#10511,#10512);
#10510 = CARTESIAN_POINT('',(98.37,-88.5825,-4.6E-02));
#10511 = DIRECTION('',(-0.,-0.,-1.));
#10512 = DIRECTION('',(-0.,-1.,0.));
#10513 = ADVANCED_FACE('',(#10514),#10525,.F.);
#10514 = FACE_BOUND('',#10515,.T.);
#10515 = EDGE_LOOP('',(#10516,#10517,#10518,#10519));
#10516 = ORIENTED_EDGE('',*,*,#1038,.T.);
#10517 = ORIENTED_EDGE('',*,*,#10500,.T.);
#10518 = ORIENTED_EDGE('',*,*,#5425,.F.);
#10519 = ORIENTED_EDGE('',*,*,#10520,.T.);
#10520 = EDGE_CURVE('',#5417,#1030,#10521,.T.);
#10521 = LINE('',#10522,#10523);
#10522 = CARTESIAN_POINT('',(98.58,-89.50899878575,-4.6E-02));
#10523 = VECTOR('',#10524,1.);
#10524 = DIRECTION('',(-0.,0.,-1.));
#10525 = CYLINDRICAL_SURFACE('',#10526,0.95);
#10526 = AXIS2_PLACEMENT_3D('',#10527,#10528,#10529);
#10527 = CARTESIAN_POINT('',(98.37,-88.5825,-4.6E-02));
#10528 = DIRECTION('',(-0.,-0.,-1.));
#10529 = DIRECTION('',(-0.,-1.,0.));
#10530 = ADVANCED_FACE('',(#10531),#10537,.F.);
#10531 = FACE_BOUND('',#10532,.T.);
#10532 = EDGE_LOOP('',(#10533,#10534,#10535,#10536));
#10533 = ORIENTED_EDGE('',*,*,#10479,.F.);
#10534 = ORIENTED_EDGE('',*,*,#1029,.T.);
#10535 = ORIENTED_EDGE('',*,*,#10520,.F.);
#10536 = ORIENTED_EDGE('',*,*,#5416,.F.);
#10537 = CYLINDRICAL_SURFACE('',#10538,0.95);
#10538 = AXIS2_PLACEMENT_3D('',#10539,#10540,#10541);
#10539 = CARTESIAN_POINT('',(98.79,-88.5825,-4.6E-02));
#10540 = DIRECTION('',(-0.,0.,-1.));
#10541 = DIRECTION('',(1.495879443705E-14,-1.,-0.));
#10542 = ADVANCED_FACE('',(#10543),#10554,.F.);
#10543 = FACE_BOUND('',#10544,.T.);
#10544 = EDGE_LOOP('',(#10545,#10546,#10552,#10553));
#10545 = ORIENTED_EDGE('',*,*,#1056,.T.);
#10546 = ORIENTED_EDGE('',*,*,#10547,.T.);
#10547 = EDGE_CURVE('',#1057,#5444,#10548,.T.);
#10548 = LINE('',#10549,#10550);
#10549 = CARTESIAN_POINT('',(103.87,-90.6325,-4.6E-02));
#10550 = VECTOR('',#10551,1.);
#10551 = DIRECTION('',(0.,0.,1.));
#10552 = ORIENTED_EDGE('',*,*,#5443,.F.);
#10553 = ORIENTED_EDGE('',*,*,#10547,.F.);
#10554 = CYLINDRICAL_SURFACE('',#10555,2.05);
#10555 = AXIS2_PLACEMENT_3D('',#10556,#10557,#10558);
#10556 = CARTESIAN_POINT('',(103.87,-88.5825,-4.6E-02));
#10557 = DIRECTION('',(-0.,-0.,-1.));
#10558 = DIRECTION('',(-0.,-1.,0.));
#10559 = ADVANCED_FACE('',(#10560),#10571,.F.);
#10560 = FACE_BOUND('',#10561,.T.);
#10561 = EDGE_LOOP('',(#10562,#10563,#10569,#10570));
#10562 = ORIENTED_EDGE('',*,*,#1067,.T.);
#10563 = ORIENTED_EDGE('',*,*,#10564,.T.);
#10564 = EDGE_CURVE('',#1068,#5455,#10565,.T.);
#10565 = LINE('',#10566,#10567);
#10566 = CARTESIAN_POINT('',(100.06,-87.5425,-4.6E-02));
#10567 = VECTOR('',#10568,1.);
#10568 = DIRECTION('',(0.,0.,1.));
#10569 = ORIENTED_EDGE('',*,*,#5454,.F.);
#10570 = ORIENTED_EDGE('',*,*,#10564,.F.);
#10571 = CYLINDRICAL_SURFACE('',#10572,1.5);
#10572 = AXIS2_PLACEMENT_3D('',#10573,#10574,#10575);
#10573 = CARTESIAN_POINT('',(100.06,-86.0425,-4.6E-02));
#10574 = DIRECTION('',(-0.,-0.,-1.));
#10575 = DIRECTION('',(-0.,-1.,0.));
#10576 = ADVANCED_FACE('',(#10577),#10593,.F.);
#10577 = FACE_BOUND('',#10578,.T.);
#10578 = EDGE_LOOP('',(#10579,#10580,#10586,#10587));
#10579 = ORIENTED_EDGE('',*,*,#1078,.T.);
#10580 = ORIENTED_EDGE('',*,*,#10581,.T.);
#10581 = EDGE_CURVE('',#1081,#5468,#10582,.T.);
#10582 = LINE('',#10583,#10584);
#10583 = CARTESIAN_POINT('',(109.37,-89.5325,-4.6E-02));
#10584 = VECTOR('',#10585,1.);
#10585 = DIRECTION('',(0.,0.,1.));
#10586 = ORIENTED_EDGE('',*,*,#5465,.F.);
#10587 = ORIENTED_EDGE('',*,*,#10588,.T.);
#10588 = EDGE_CURVE('',#5466,#1079,#10589,.T.);
#10589 = LINE('',#10590,#10591);
#10590 = CARTESIAN_POINT('',(109.16,-87.65600121424,-4.6E-02));
#10591 = VECTOR('',#10592,1.);
#10592 = DIRECTION('',(-0.,-0.,-1.));
#10593 = CYLINDRICAL_SURFACE('',#10594,0.95);
#10594 = AXIS2_PLACEMENT_3D('',#10595,#10596,#10597);
#10595 = CARTESIAN_POINT('',(109.37,-88.5825,-4.6E-02));
#10596 = DIRECTION('',(-0.,-0.,-1.));
#10597 = DIRECTION('',(-0.,-1.,0.));
#10598 = ADVANCED_FACE('',(#10599),#10610,.F.);
#10599 = FACE_BOUND('',#10600,.T.);
#10600 = EDGE_LOOP('',(#10601,#10607,#10608,#10609));
#10601 = ORIENTED_EDGE('',*,*,#10602,.F.);
#10602 = EDGE_CURVE('',#1099,#5486,#10603,.T.);
#10603 = LINE('',#10604,#10605);
#10604 = CARTESIAN_POINT('',(108.95,-89.5325,-4.6E-02));
#10605 = VECTOR('',#10606,1.);
#10606 = DIRECTION('',(0.,0.,1.));
#10607 = ORIENTED_EDGE('',*,*,#1107,.T.);
#10608 = ORIENTED_EDGE('',*,*,#10588,.F.);
#10609 = ORIENTED_EDGE('',*,*,#5494,.F.);
#10610 = CYLINDRICAL_SURFACE('',#10611,0.95);
#10611 = AXIS2_PLACEMENT_3D('',#10612,#10613,#10614);
#10612 = CARTESIAN_POINT('',(108.95,-88.5825,-4.6E-02));
#10613 = DIRECTION('',(-0.,-0.,-1.));
#10614 = DIRECTION('',(-0.,-1.,0.));
#10615 = ADVANCED_FACE('',(#10616),#10627,.F.);
#10616 = FACE_BOUND('',#10617,.T.);
#10617 = EDGE_LOOP('',(#10618,#10619,#10620,#10621));
#10618 = ORIENTED_EDGE('',*,*,#1098,.T.);
#10619 = ORIENTED_EDGE('',*,*,#10602,.T.);
#10620 = ORIENTED_EDGE('',*,*,#5485,.F.);
#10621 = ORIENTED_EDGE('',*,*,#10622,.T.);
#10622 = EDGE_CURVE('',#5477,#1090,#10623,.T.);
#10623 = LINE('',#10624,#10625);
#10624 = CARTESIAN_POINT('',(109.16,-89.50899878575,-4.6E-02));
#10625 = VECTOR('',#10626,1.);
#10626 = DIRECTION('',(-0.,-0.,-1.));
#10627 = CYLINDRICAL_SURFACE('',#10628,0.95);
#10628 = AXIS2_PLACEMENT_3D('',#10629,#10630,#10631);
#10629 = CARTESIAN_POINT('',(108.95,-88.5825,-4.6E-02));
#10630 = DIRECTION('',(-0.,-0.,-1.));
#10631 = DIRECTION('',(-0.,-1.,0.));
#10632 = ADVANCED_FACE('',(#10633),#10639,.F.);
#10633 = FACE_BOUND('',#10634,.T.);
#10634 = EDGE_LOOP('',(#10635,#10636,#10637,#10638));
#10635 = ORIENTED_EDGE('',*,*,#10581,.F.);
#10636 = ORIENTED_EDGE('',*,*,#1089,.T.);
#10637 = ORIENTED_EDGE('',*,*,#10622,.F.);
#10638 = ORIENTED_EDGE('',*,*,#5476,.F.);
#10639 = CYLINDRICAL_SURFACE('',#10640,0.95);
#10640 = AXIS2_PLACEMENT_3D('',#10641,#10642,#10643);
#10641 = CARTESIAN_POINT('',(109.37,-88.5825,-4.6E-02));
#10642 = DIRECTION('',(-0.,-0.,-1.));
#10643 = DIRECTION('',(-0.,-1.,0.));
#10644 = ADVANCED_FACE('',(#10645),#10656,.F.);
#10645 = FACE_BOUND('',#10646,.T.);
#10646 = EDGE_LOOP('',(#10647,#10648,#10654,#10655));
#10647 = ORIENTED_EDGE('',*,*,#1116,.T.);
#10648 = ORIENTED_EDGE('',*,*,#10649,.T.);
#10649 = EDGE_CURVE('',#1117,#5504,#10650,.T.);
#10650 = LINE('',#10651,#10652);
#10651 = CARTESIAN_POINT('',(106.41,-85.0025,-4.6E-02));
#10652 = VECTOR('',#10653,1.);
#10653 = DIRECTION('',(0.,0.,1.));
#10654 = ORIENTED_EDGE('',*,*,#5503,.F.);
#10655 = ORIENTED_EDGE('',*,*,#10649,.F.);
#10656 = CYLINDRICAL_SURFACE('',#10657,1.5);
#10657 = AXIS2_PLACEMENT_3D('',#10658,#10659,#10660);
#10658 = CARTESIAN_POINT('',(106.41,-83.5025,-4.6E-02));
#10659 = DIRECTION('',(-0.,-0.,-1.));
#10660 = DIRECTION('',(-0.,-1.,0.));
#10661 = ADVANCED_FACE('',(#10662),#10673,.F.);
#10662 = FACE_BOUND('',#10663,.T.);
#10663 = EDGE_LOOP('',(#10664,#10665,#10671,#10672));
#10664 = ORIENTED_EDGE('',*,*,#1127,.T.);
#10665 = ORIENTED_EDGE('',*,*,#10666,.T.);
#10666 = EDGE_CURVE('',#1128,#5515,#10667,.T.);
#10667 = LINE('',#10668,#10669);
#10668 = CARTESIAN_POINT('',(117.92,-90.925,-4.6E-02));
#10669 = VECTOR('',#10670,1.);
#10670 = DIRECTION('',(0.,0.,1.));
#10671 = ORIENTED_EDGE('',*,*,#5514,.F.);
#10672 = ORIENTED_EDGE('',*,*,#10666,.F.);
#10673 = CYLINDRICAL_SURFACE('',#10674,1.5);
#10674 = AXIS2_PLACEMENT_3D('',#10675,#10676,#10677);
#10675 = CARTESIAN_POINT('',(117.92,-89.425,-4.6E-02));
#10676 = DIRECTION('',(-0.,-0.,-1.));
#10677 = DIRECTION('',(-0.,-1.,0.));
#10678 = ADVANCED_FACE('',(#10679),#10695,.F.);
#10679 = FACE_BOUND('',#10680,.T.);
#10680 = EDGE_LOOP('',(#10681,#10682,#10688,#10689));
#10681 = ORIENTED_EDGE('',*,*,#1138,.T.);
#10682 = ORIENTED_EDGE('',*,*,#10683,.T.);
#10683 = EDGE_CURVE('',#1141,#5528,#10684,.T.);
#10684 = LINE('',#10685,#10686);
#10685 = CARTESIAN_POINT('',(117.84,-86.675,-4.6E-02));
#10686 = VECTOR('',#10687,1.);
#10687 = DIRECTION('',(0.,0.,1.));
#10688 = ORIENTED_EDGE('',*,*,#5525,.F.);
#10689 = ORIENTED_EDGE('',*,*,#10690,.T.);
#10690 = EDGE_CURVE('',#5526,#1139,#10691,.T.);
#10691 = LINE('',#10692,#10693);
#10692 = CARTESIAN_POINT('',(117.63,-84.79850121424,-4.6E-02));
#10693 = VECTOR('',#10694,1.);
#10694 = DIRECTION('',(-0.,-0.,-1.));
#10695 = CYLINDRICAL_SURFACE('',#10696,0.95);
#10696 = AXIS2_PLACEMENT_3D('',#10697,#10698,#10699);
#10697 = CARTESIAN_POINT('',(117.84,-85.725,-4.6E-02));
#10698 = DIRECTION('',(-0.,-0.,-1.));
#10699 = DIRECTION('',(-0.,-1.,0.));
#10700 = ADVANCED_FACE('',(#10701),#10712,.F.);
#10701 = FACE_BOUND('',#10702,.T.);
#10702 = EDGE_LOOP('',(#10703,#10709,#10710,#10711));
#10703 = ORIENTED_EDGE('',*,*,#10704,.F.);
#10704 = EDGE_CURVE('',#1159,#5546,#10705,.T.);
#10705 = LINE('',#10706,#10707);
#10706 = CARTESIAN_POINT('',(117.42,-86.675,-4.6E-02));
#10707 = VECTOR('',#10708,1.);
#10708 = DIRECTION('',(0.,0.,1.));
#10709 = ORIENTED_EDGE('',*,*,#1167,.T.);
#10710 = ORIENTED_EDGE('',*,*,#10690,.F.);
#10711 = ORIENTED_EDGE('',*,*,#5554,.F.);
#10712 = CYLINDRICAL_SURFACE('',#10713,0.95);
#10713 = AXIS2_PLACEMENT_3D('',#10714,#10715,#10716);
#10714 = CARTESIAN_POINT('',(117.42,-85.725,-4.6E-02));
#10715 = DIRECTION('',(-0.,-0.,-1.));
#10716 = DIRECTION('',(-0.,-1.,0.));
#10717 = ADVANCED_FACE('',(#10718),#10729,.F.);
#10718 = FACE_BOUND('',#10719,.T.);
#10719 = EDGE_LOOP('',(#10720,#10721,#10722,#10723));
#10720 = ORIENTED_EDGE('',*,*,#1158,.T.);
#10721 = ORIENTED_EDGE('',*,*,#10704,.T.);
#10722 = ORIENTED_EDGE('',*,*,#5545,.F.);
#10723 = ORIENTED_EDGE('',*,*,#10724,.T.);
#10724 = EDGE_CURVE('',#5537,#1150,#10725,.T.);
#10725 = LINE('',#10726,#10727);
#10726 = CARTESIAN_POINT('',(117.63,-86.65149878575,-4.6E-02));
#10727 = VECTOR('',#10728,1.);
#10728 = DIRECTION('',(-0.,-0.,-1.));
#10729 = CYLINDRICAL_SURFACE('',#10730,0.95);
#10730 = AXIS2_PLACEMENT_3D('',#10731,#10732,#10733);
#10731 = CARTESIAN_POINT('',(117.42,-85.725,-4.6E-02));
#10732 = DIRECTION('',(-0.,-0.,-1.));
#10733 = DIRECTION('',(-0.,-1.,0.));
#10734 = ADVANCED_FACE('',(#10735),#10741,.F.);
#10735 = FACE_BOUND('',#10736,.T.);
#10736 = EDGE_LOOP('',(#10737,#10738,#10739,#10740));
#10737 = ORIENTED_EDGE('',*,*,#10683,.F.);
#10738 = ORIENTED_EDGE('',*,*,#1149,.T.);
#10739 = ORIENTED_EDGE('',*,*,#10724,.F.);
#10740 = ORIENTED_EDGE('',*,*,#5536,.F.);
#10741 = CYLINDRICAL_SURFACE('',#10742,0.95);
#10742 = AXIS2_PLACEMENT_3D('',#10743,#10744,#10745);
#10743 = CARTESIAN_POINT('',(117.84,-85.725,-4.6E-02));
#10744 = DIRECTION('',(-0.,-0.,-1.));
#10745 = DIRECTION('',(-0.,-1.,0.));
#10746 = ADVANCED_FACE('',(#10747),#10758,.F.);
#10747 = FACE_BOUND('',#10748,.T.);
#10748 = EDGE_LOOP('',(#10749,#10750,#10756,#10757));
#10749 = ORIENTED_EDGE('',*,*,#1176,.T.);
#10750 = ORIENTED_EDGE('',*,*,#10751,.T.);
#10751 = EDGE_CURVE('',#1177,#5564,#10752,.T.);
#10752 = LINE('',#10753,#10754);
#10753 = CARTESIAN_POINT('',(119.11,-84.685,-4.6E-02));
#10754 = VECTOR('',#10755,1.);
#10755 = DIRECTION('',(0.,0.,1.));
#10756 = ORIENTED_EDGE('',*,*,#5563,.F.);
#10757 = ORIENTED_EDGE('',*,*,#10751,.F.);
#10758 = CYLINDRICAL_SURFACE('',#10759,1.5);
#10759 = AXIS2_PLACEMENT_3D('',#10760,#10761,#10762);
#10760 = CARTESIAN_POINT('',(119.11,-83.185,-4.6E-02));
#10761 = DIRECTION('',(-0.,-0.,-1.));
#10762 = DIRECTION('',(-0.,-1.,0.));
#10763 = ADVANCED_FACE('',(#10764),#10775,.F.);
#10764 = FACE_BOUND('',#10765,.T.);
#10765 = EDGE_LOOP('',(#10766,#10767,#10773,#10774));
#10766 = ORIENTED_EDGE('',*,*,#1187,.T.);
#10767 = ORIENTED_EDGE('',*,*,#10768,.T.);
#10768 = EDGE_CURVE('',#1188,#5575,#10769,.T.);
#10769 = LINE('',#10770,#10771);
#10770 = CARTESIAN_POINT('',(160.995,-130.515,-4.6E-02));
#10771 = VECTOR('',#10772,1.);
#10772 = DIRECTION('',(0.,0.,1.));
#10773 = ORIENTED_EDGE('',*,*,#5574,.F.);
#10774 = ORIENTED_EDGE('',*,*,#10768,.F.);
#10775 = CYLINDRICAL_SURFACE('',#10776,0.5);
#10776 = AXIS2_PLACEMENT_3D('',#10777,#10778,#10779);
#10777 = CARTESIAN_POINT('',(160.995,-130.015,-4.6E-02));
#10778 = DIRECTION('',(-0.,-0.,-1.));
#10779 = DIRECTION('',(-0.,-1.,0.));
#10780 = ADVANCED_FACE('',(#10781),#10792,.F.);
#10781 = FACE_BOUND('',#10782,.T.);
#10782 = EDGE_LOOP('',(#10783,#10784,#10790,#10791));
#10783 = ORIENTED_EDGE('',*,*,#1198,.T.);
#10784 = ORIENTED_EDGE('',*,*,#10785,.T.);
#10785 = EDGE_CURVE('',#1199,#5586,#10786,.T.);
#10786 = LINE('',#10787,#10788);
#10787 = CARTESIAN_POINT('',(160.995,-127.975,-4.6E-02));
#10788 = VECTOR('',#10789,1.);
#10789 = DIRECTION('',(0.,0.,1.));
#10790 = ORIENTED_EDGE('',*,*,#5585,.F.);
#10791 = ORIENTED_EDGE('',*,*,#10785,.F.);
#10792 = CYLINDRICAL_SURFACE('',#10793,0.5);
#10793 = AXIS2_PLACEMENT_3D('',#10794,#10795,#10796);
#10794 = CARTESIAN_POINT('',(160.995,-127.475,-4.6E-02));
#10795 = DIRECTION('',(-0.,-0.,-1.));
#10796 = DIRECTION('',(-0.,-1.,0.));
#10797 = ADVANCED_FACE('',(#10798),#10809,.F.);
#10798 = FACE_BOUND('',#10799,.T.);
#10799 = EDGE_LOOP('',(#10800,#10801,#10807,#10808));
#10800 = ORIENTED_EDGE('',*,*,#1209,.T.);
#10801 = ORIENTED_EDGE('',*,*,#10802,.T.);
#10802 = EDGE_CURVE('',#1210,#5597,#10803,.T.);
#10803 = LINE('',#10804,#10805);
#10804 = CARTESIAN_POINT('',(160.995,-125.435,-4.6E-02));
#10805 = VECTOR('',#10806,1.);
#10806 = DIRECTION('',(0.,0.,1.));
#10807 = ORIENTED_EDGE('',*,*,#5596,.F.);
#10808 = ORIENTED_EDGE('',*,*,#10802,.F.);
#10809 = CYLINDRICAL_SURFACE('',#10810,0.5);
#10810 = AXIS2_PLACEMENT_3D('',#10811,#10812,#10813);
#10811 = CARTESIAN_POINT('',(160.995,-124.935,-4.6E-02));
#10812 = DIRECTION('',(-0.,-0.,-1.));
#10813 = DIRECTION('',(-0.,-1.,0.));
#10814 = ADVANCED_FACE('',(#10815),#10826,.F.);
#10815 = FACE_BOUND('',#10816,.T.);
#10816 = EDGE_LOOP('',(#10817,#10818,#10824,#10825));
#10817 = ORIENTED_EDGE('',*,*,#1220,.T.);
#10818 = ORIENTED_EDGE('',*,*,#10819,.T.);
#10819 = EDGE_CURVE('',#1221,#5608,#10820,.T.);
#10820 = LINE('',#10821,#10822);
#10821 = CARTESIAN_POINT('',(160.995,-122.895,-4.6E-02));
#10822 = VECTOR('',#10823,1.);
#10823 = DIRECTION('',(0.,0.,1.));
#10824 = ORIENTED_EDGE('',*,*,#5607,.F.);
#10825 = ORIENTED_EDGE('',*,*,#10819,.F.);
#10826 = CYLINDRICAL_SURFACE('',#10827,0.5);
#10827 = AXIS2_PLACEMENT_3D('',#10828,#10829,#10830);
#10828 = CARTESIAN_POINT('',(160.995,-122.395,-4.6E-02));
#10829 = DIRECTION('',(-0.,-0.,-1.));
#10830 = DIRECTION('',(-0.,-1.,0.));
#10831 = ADVANCED_FACE('',(#10832),#10843,.F.);
#10832 = FACE_BOUND('',#10833,.T.);
#10833 = EDGE_LOOP('',(#10834,#10835,#10841,#10842));
#10834 = ORIENTED_EDGE('',*,*,#1231,.T.);
#10835 = ORIENTED_EDGE('',*,*,#10836,.T.);
#10836 = EDGE_CURVE('',#1232,#5619,#10837,.T.);
#10837 = LINE('',#10838,#10839);
#10838 = CARTESIAN_POINT('',(160.995,-120.355,-4.6E-02));
#10839 = VECTOR('',#10840,1.);
#10840 = DIRECTION('',(0.,0.,1.));
#10841 = ORIENTED_EDGE('',*,*,#5618,.F.);
#10842 = ORIENTED_EDGE('',*,*,#10836,.F.);
#10843 = CYLINDRICAL_SURFACE('',#10844,0.5);
#10844 = AXIS2_PLACEMENT_3D('',#10845,#10846,#10847);
#10845 = CARTESIAN_POINT('',(160.995,-119.855,-4.6E-02));
#10846 = DIRECTION('',(-0.,-0.,-1.));
#10847 = DIRECTION('',(-0.,-1.,0.));
#10848 = ADVANCED_FACE('',(#10849),#10860,.F.);
#10849 = FACE_BOUND('',#10850,.T.);
#10850 = EDGE_LOOP('',(#10851,#10852,#10858,#10859));
#10851 = ORIENTED_EDGE('',*,*,#1242,.T.);
#10852 = ORIENTED_EDGE('',*,*,#10853,.T.);
#10853 = EDGE_CURVE('',#1243,#5630,#10854,.T.);
#10854 = LINE('',#10855,#10856);
#10855 = CARTESIAN_POINT('',(160.995,-117.815,-4.6E-02));
#10856 = VECTOR('',#10857,1.);
#10857 = DIRECTION('',(0.,0.,1.));
#10858 = ORIENTED_EDGE('',*,*,#5629,.F.);
#10859 = ORIENTED_EDGE('',*,*,#10853,.F.);
#10860 = CYLINDRICAL_SURFACE('',#10861,0.5);
#10861 = AXIS2_PLACEMENT_3D('',#10862,#10863,#10864);
#10862 = CARTESIAN_POINT('',(160.995,-117.315,-4.6E-02));
#10863 = DIRECTION('',(-0.,-0.,-1.));
#10864 = DIRECTION('',(-0.,-1.,0.));
#10865 = ADVANCED_FACE('',(#10866),#10877,.F.);
#10866 = FACE_BOUND('',#10867,.T.);
#10867 = EDGE_LOOP('',(#10868,#10869,#10875,#10876));
#10868 = ORIENTED_EDGE('',*,*,#1253,.T.);
#10869 = ORIENTED_EDGE('',*,*,#10870,.T.);
#10870 = EDGE_CURVE('',#1254,#5641,#10871,.T.);
#10871 = LINE('',#10872,#10873);
#10872 = CARTESIAN_POINT('',(160.995,-115.275,-4.6E-02));
#10873 = VECTOR('',#10874,1.);
#10874 = DIRECTION('',(0.,0.,1.));
#10875 = ORIENTED_EDGE('',*,*,#5640,.F.);
#10876 = ORIENTED_EDGE('',*,*,#10870,.F.);
#10877 = CYLINDRICAL_SURFACE('',#10878,0.5);
#10878 = AXIS2_PLACEMENT_3D('',#10879,#10880,#10881);
#10879 = CARTESIAN_POINT('',(160.995,-114.775,-4.6E-02));
#10880 = DIRECTION('',(-0.,-0.,-1.));
#10881 = DIRECTION('',(-0.,-1.,0.));
#10882 = ADVANCED_FACE('',(#10883),#10894,.F.);
#10883 = FACE_BOUND('',#10884,.T.);
#10884 = EDGE_LOOP('',(#10885,#10886,#10892,#10893));
#10885 = ORIENTED_EDGE('',*,*,#1264,.T.);
#10886 = ORIENTED_EDGE('',*,*,#10887,.T.);
#10887 = EDGE_CURVE('',#1265,#5652,#10888,.T.);
#10888 = LINE('',#10889,#10890);
#10889 = CARTESIAN_POINT('',(122.92,-93.125,-4.6E-02));
#10890 = VECTOR('',#10891,1.);
#10891 = DIRECTION('',(0.,0.,1.));
#10892 = ORIENTED_EDGE('',*,*,#5651,.F.);
#10893 = ORIENTED_EDGE('',*,*,#10887,.F.);
#10894 = CYLINDRICAL_SURFACE('',#10895,1.5);
#10895 = AXIS2_PLACEMENT_3D('',#10896,#10897,#10898);
#10896 = CARTESIAN_POINT('',(122.92,-91.625,-4.6E-02));
#10897 = DIRECTION('',(-0.,-0.,-1.));
#10898 = DIRECTION('',(-0.,-1.,0.));
#10899 = ADVANCED_FACE('',(#10900),#10911,.F.);
#10900 = FACE_BOUND('',#10901,.T.);
#10901 = EDGE_LOOP('',(#10902,#10903,#10909,#10910));
#10902 = ORIENTED_EDGE('',*,*,#1275,.T.);
#10903 = ORIENTED_EDGE('',*,*,#10904,.T.);
#10904 = EDGE_CURVE('',#1276,#5663,#10905,.T.);
#10905 = LINE('',#10906,#10907);
#10906 = CARTESIAN_POINT('',(136.97,-92.83,-4.6E-02));
#10907 = VECTOR('',#10908,1.);
#10908 = DIRECTION('',(0.,0.,1.));
#10909 = ORIENTED_EDGE('',*,*,#5662,.F.);
#10910 = ORIENTED_EDGE('',*,*,#10904,.F.);
#10911 = CYLINDRICAL_SURFACE('',#10912,1.5);
#10912 = AXIS2_PLACEMENT_3D('',#10913,#10914,#10915);
#10913 = CARTESIAN_POINT('',(136.97,-91.33,-4.6E-02));
#10914 = DIRECTION('',(-0.,-0.,-1.));
#10915 = DIRECTION('',(-0.,-1.,0.));
#10916 = ADVANCED_FACE('',(#10917),#10928,.F.);
#10917 = FACE_BOUND('',#10918,.T.);
#10918 = EDGE_LOOP('',(#10919,#10920,#10926,#10927));
#10919 = ORIENTED_EDGE('',*,*,#1286,.T.);
#10920 = ORIENTED_EDGE('',*,*,#10921,.T.);
#10921 = EDGE_CURVE('',#1287,#5674,#10922,.T.);
#10922 = LINE('',#10923,#10924);
#10923 = CARTESIAN_POINT('',(141.97,-95.03,-4.6E-02));
#10924 = VECTOR('',#10925,1.);
#10925 = DIRECTION('',(0.,0.,1.));
#10926 = ORIENTED_EDGE('',*,*,#5673,.F.);
#10927 = ORIENTED_EDGE('',*,*,#10921,.F.);
#10928 = CYLINDRICAL_SURFACE('',#10929,1.5);
#10929 = AXIS2_PLACEMENT_3D('',#10930,#10931,#10932);
#10930 = CARTESIAN_POINT('',(141.97,-93.53,-4.6E-02));
#10931 = DIRECTION('',(-0.,-0.,-1.));
#10932 = DIRECTION('',(-0.,-1.,0.));
#10933 = ADVANCED_FACE('',(#10934),#10945,.F.);
#10934 = FACE_BOUND('',#10935,.T.);
#10935 = EDGE_LOOP('',(#10936,#10937,#10943,#10944));
#10936 = ORIENTED_EDGE('',*,*,#1297,.T.);
#10937 = ORIENTED_EDGE('',*,*,#10938,.T.);
#10938 = EDGE_CURVE('',#1298,#5685,#10939,.T.);
#10939 = LINE('',#10940,#10941);
#10940 = CARTESIAN_POINT('',(122.92,-87.775,-4.6E-02));
#10941 = VECTOR('',#10942,1.);
#10942 = DIRECTION('',(0.,0.,1.));
#10943 = ORIENTED_EDGE('',*,*,#5684,.F.);
#10944 = ORIENTED_EDGE('',*,*,#10938,.F.);
#10945 = CYLINDRICAL_SURFACE('',#10946,2.05);
#10946 = AXIS2_PLACEMENT_3D('',#10947,#10948,#10949);
#10947 = CARTESIAN_POINT('',(122.92,-85.725,-4.6E-02));
#10948 = DIRECTION('',(-0.,-0.,-1.));
#10949 = DIRECTION('',(-0.,-1.,0.));
#10950 = ADVANCED_FACE('',(#10951),#10967,.F.);
#10951 = FACE_BOUND('',#10952,.T.);
#10952 = EDGE_LOOP('',(#10953,#10954,#10960,#10961));
#10953 = ORIENTED_EDGE('',*,*,#1308,.T.);
#10954 = ORIENTED_EDGE('',*,*,#10955,.T.);
#10955 = EDGE_CURVE('',#1311,#5698,#10956,.T.);
#10956 = LINE('',#10957,#10958);
#10957 = CARTESIAN_POINT('',(128.42,-86.675,-4.6E-02));
#10958 = VECTOR('',#10959,1.);
#10959 = DIRECTION('',(0.,0.,1.));
#10960 = ORIENTED_EDGE('',*,*,#5695,.F.);
#10961 = ORIENTED_EDGE('',*,*,#10962,.T.);
#10962 = EDGE_CURVE('',#5696,#1309,#10963,.T.);
#10963 = LINE('',#10964,#10965);
#10964 = CARTESIAN_POINT('',(128.21,-84.79850121424,-4.6E-02));
#10965 = VECTOR('',#10966,1.);
#10966 = DIRECTION('',(-0.,-0.,-1.));
#10967 = CYLINDRICAL_SURFACE('',#10968,0.95);
#10968 = AXIS2_PLACEMENT_3D('',#10969,#10970,#10971);
#10969 = CARTESIAN_POINT('',(128.42,-85.725,-4.6E-02));
#10970 = DIRECTION('',(-0.,-0.,-1.));
#10971 = DIRECTION('',(-2.991758887411E-14,-1.,0.));
#10972 = ADVANCED_FACE('',(#10973),#10984,.F.);
#10973 = FACE_BOUND('',#10974,.T.);
#10974 = EDGE_LOOP('',(#10975,#10981,#10982,#10983));
#10975 = ORIENTED_EDGE('',*,*,#10976,.F.);
#10976 = EDGE_CURVE('',#1329,#5716,#10977,.T.);
#10977 = LINE('',#10978,#10979);
#10978 = CARTESIAN_POINT('',(128.,-86.675,-4.6E-02));
#10979 = VECTOR('',#10980,1.);
#10980 = DIRECTION('',(0.,0.,1.));
#10981 = ORIENTED_EDGE('',*,*,#1337,.T.);
#10982 = ORIENTED_EDGE('',*,*,#10962,.F.);
#10983 = ORIENTED_EDGE('',*,*,#5724,.F.);
#10984 = CYLINDRICAL_SURFACE('',#10985,0.95);
#10985 = AXIS2_PLACEMENT_3D('',#10986,#10987,#10988);
#10986 = CARTESIAN_POINT('',(128.,-85.725,-4.6E-02));
#10987 = DIRECTION('',(-0.,-0.,-1.));
#10988 = DIRECTION('',(-0.,-1.,0.));
#10989 = ADVANCED_FACE('',(#10990),#11001,.F.);
#10990 = FACE_BOUND('',#10991,.T.);
#10991 = EDGE_LOOP('',(#10992,#10993,#10994,#10995));
#10992 = ORIENTED_EDGE('',*,*,#1328,.T.);
#10993 = ORIENTED_EDGE('',*,*,#10976,.T.);
#10994 = ORIENTED_EDGE('',*,*,#5715,.F.);
#10995 = ORIENTED_EDGE('',*,*,#10996,.T.);
#10996 = EDGE_CURVE('',#5707,#1320,#10997,.T.);
#10997 = LINE('',#10998,#10999);
#10998 = CARTESIAN_POINT('',(128.21,-86.65149878575,-4.6E-02));
#10999 = VECTOR('',#11000,1.);
#11000 = DIRECTION('',(-0.,-0.,-1.));
#11001 = CYLINDRICAL_SURFACE('',#11002,0.95);
#11002 = AXIS2_PLACEMENT_3D('',#11003,#11004,#11005);
#11003 = CARTESIAN_POINT('',(128.,-85.725,-4.6E-02));
#11004 = DIRECTION('',(-0.,-0.,-1.));
#11005 = DIRECTION('',(-0.,-1.,0.));
#11006 = ADVANCED_FACE('',(#11007),#11013,.F.);
#11007 = FACE_BOUND('',#11008,.T.);
#11008 = EDGE_LOOP('',(#11009,#11010,#11011,#11012));
#11009 = ORIENTED_EDGE('',*,*,#10955,.F.);
#11010 = ORIENTED_EDGE('',*,*,#1319,.T.);
#11011 = ORIENTED_EDGE('',*,*,#10996,.F.);
#11012 = ORIENTED_EDGE('',*,*,#5706,.F.);
#11013 = CYLINDRICAL_SURFACE('',#11014,0.95);
#11014 = AXIS2_PLACEMENT_3D('',#11015,#11016,#11017);
#11015 = CARTESIAN_POINT('',(128.42,-85.725,-4.6E-02));
#11016 = DIRECTION('',(-0.,-0.,-1.));
#11017 = DIRECTION('',(-2.991758887411E-14,-1.,0.));
#11018 = ADVANCED_FACE('',(#11019),#11035,.F.);
#11019 = FACE_BOUND('',#11020,.T.);
#11020 = EDGE_LOOP('',(#11021,#11022,#11028,#11029));
#11021 = ORIENTED_EDGE('',*,*,#1346,.T.);
#11022 = ORIENTED_EDGE('',*,*,#11023,.T.);
#11023 = EDGE_CURVE('',#1349,#5736,#11024,.T.);
#11024 = LINE('',#11025,#11026);
#11025 = CARTESIAN_POINT('',(136.89,-88.58,-4.6E-02));
#11026 = VECTOR('',#11027,1.);
#11027 = DIRECTION('',(0.,0.,1.));
#11028 = ORIENTED_EDGE('',*,*,#5733,.F.);
#11029 = ORIENTED_EDGE('',*,*,#11030,.T.);
#11030 = EDGE_CURVE('',#5734,#1347,#11031,.T.);
#11031 = LINE('',#11032,#11033);
#11032 = CARTESIAN_POINT('',(136.68,-86.70350121424,-4.6E-02));
#11033 = VECTOR('',#11034,1.);
#11034 = DIRECTION('',(-0.,-0.,-1.));
#11035 = CYLINDRICAL_SURFACE('',#11036,0.95);
#11036 = AXIS2_PLACEMENT_3D('',#11037,#11038,#11039);
#11037 = CARTESIAN_POINT('',(136.89,-87.63,-4.6E-02));
#11038 = DIRECTION('',(-0.,-0.,-1.));
#11039 = DIRECTION('',(-0.,-1.,0.));
#11040 = ADVANCED_FACE('',(#11041),#11052,.F.);
#11041 = FACE_BOUND('',#11042,.T.);
#11042 = EDGE_LOOP('',(#11043,#11049,#11050,#11051));
#11043 = ORIENTED_EDGE('',*,*,#11044,.F.);
#11044 = EDGE_CURVE('',#1367,#5754,#11045,.T.);
#11045 = LINE('',#11046,#11047);
#11046 = CARTESIAN_POINT('',(136.47,-88.58,-4.6E-02));
#11047 = VECTOR('',#11048,1.);
#11048 = DIRECTION('',(0.,0.,1.));
#11049 = ORIENTED_EDGE('',*,*,#1375,.T.);
#11050 = ORIENTED_EDGE('',*,*,#11030,.F.);
#11051 = ORIENTED_EDGE('',*,*,#5762,.F.);
#11052 = CYLINDRICAL_SURFACE('',#11053,0.95);
#11053 = AXIS2_PLACEMENT_3D('',#11054,#11055,#11056);
#11054 = CARTESIAN_POINT('',(136.47,-87.63,-4.6E-02));
#11055 = DIRECTION('',(-0.,-0.,-1.));
#11056 = DIRECTION('',(-0.,-1.,0.));
#11057 = ADVANCED_FACE('',(#11058),#11069,.F.);
#11058 = FACE_BOUND('',#11059,.T.);
#11059 = EDGE_LOOP('',(#11060,#11061,#11062,#11063));
#11060 = ORIENTED_EDGE('',*,*,#1366,.T.);
#11061 = ORIENTED_EDGE('',*,*,#11044,.T.);
#11062 = ORIENTED_EDGE('',*,*,#5753,.F.);
#11063 = ORIENTED_EDGE('',*,*,#11064,.T.);
#11064 = EDGE_CURVE('',#5745,#1358,#11065,.T.);
#11065 = LINE('',#11066,#11067);
#11066 = CARTESIAN_POINT('',(136.68,-88.55649878575,-4.6E-02));
#11067 = VECTOR('',#11068,1.);
#11068 = DIRECTION('',(-0.,-0.,-1.));
#11069 = CYLINDRICAL_SURFACE('',#11070,0.95);
#11070 = AXIS2_PLACEMENT_3D('',#11071,#11072,#11073);
#11071 = CARTESIAN_POINT('',(136.47,-87.63,-4.6E-02));
#11072 = DIRECTION('',(-0.,-0.,-1.));
#11073 = DIRECTION('',(-0.,-1.,0.));
#11074 = ADVANCED_FACE('',(#11075),#11081,.F.);
#11075 = FACE_BOUND('',#11076,.T.);
#11076 = EDGE_LOOP('',(#11077,#11078,#11079,#11080));
#11077 = ORIENTED_EDGE('',*,*,#11023,.F.);
#11078 = ORIENTED_EDGE('',*,*,#1357,.T.);
#11079 = ORIENTED_EDGE('',*,*,#11064,.F.);
#11080 = ORIENTED_EDGE('',*,*,#5744,.F.);
#11081 = CYLINDRICAL_SURFACE('',#11082,0.95);
#11082 = AXIS2_PLACEMENT_3D('',#11083,#11084,#11085);
#11083 = CARTESIAN_POINT('',(136.89,-87.63,-4.6E-02));
#11084 = DIRECTION('',(-0.,-0.,-1.));
#11085 = DIRECTION('',(-0.,-1.,0.));
#11086 = ADVANCED_FACE('',(#11087),#11098,.F.);
#11087 = FACE_BOUND('',#11088,.T.);
#11088 = EDGE_LOOP('',(#11089,#11090,#11096,#11097));
#11089 = ORIENTED_EDGE('',*,*,#1384,.T.);
#11090 = ORIENTED_EDGE('',*,*,#11091,.T.);
#11091 = EDGE_CURVE('',#1385,#5772,#11092,.T.);
#11092 = LINE('',#11093,#11094);
#11093 = CARTESIAN_POINT('',(125.46,-82.145,-4.6E-02));
#11094 = VECTOR('',#11095,1.);
#11095 = DIRECTION('',(0.,0.,1.));
#11096 = ORIENTED_EDGE('',*,*,#5771,.F.);
#11097 = ORIENTED_EDGE('',*,*,#11091,.F.);
#11098 = CYLINDRICAL_SURFACE('',#11099,1.5);
#11099 = AXIS2_PLACEMENT_3D('',#11100,#11101,#11102);
#11100 = CARTESIAN_POINT('',(125.46,-80.645,-4.6E-02));
#11101 = DIRECTION('',(-0.,-0.,-1.));
#11102 = DIRECTION('',(-0.,-1.,0.));
#11103 = ADVANCED_FACE('',(#11104),#11115,.F.);
#11104 = FACE_BOUND('',#11105,.T.);
#11105 = EDGE_LOOP('',(#11106,#11107,#11113,#11114));
#11106 = ORIENTED_EDGE('',*,*,#1395,.T.);
#11107 = ORIENTED_EDGE('',*,*,#11108,.T.);
#11108 = EDGE_CURVE('',#1396,#5783,#11109,.T.);
#11109 = LINE('',#11110,#11111);
#11110 = CARTESIAN_POINT('',(141.97,-89.68,-4.6E-02));
#11111 = VECTOR('',#11112,1.);
#11112 = DIRECTION('',(0.,0.,1.));
#11113 = ORIENTED_EDGE('',*,*,#5782,.F.);
#11114 = ORIENTED_EDGE('',*,*,#11108,.F.);
#11115 = CYLINDRICAL_SURFACE('',#11116,2.05);
#11116 = AXIS2_PLACEMENT_3D('',#11117,#11118,#11119);
#11117 = CARTESIAN_POINT('',(141.97,-87.63,-4.6E-02));
#11118 = DIRECTION('',(-0.,-0.,-1.));
#11119 = DIRECTION('',(-0.,-1.,0.));
#11120 = ADVANCED_FACE('',(#11121),#11132,.F.);
#11121 = FACE_BOUND('',#11122,.T.);
#11122 = EDGE_LOOP('',(#11123,#11124,#11130,#11131));
#11123 = ORIENTED_EDGE('',*,*,#1406,.T.);
#11124 = ORIENTED_EDGE('',*,*,#11125,.T.);
#11125 = EDGE_CURVE('',#1407,#5794,#11126,.T.);
#11126 = LINE('',#11127,#11128);
#11127 = CARTESIAN_POINT('',(138.16,-86.59,-4.6E-02));
#11128 = VECTOR('',#11129,1.);
#11129 = DIRECTION('',(0.,0.,1.));
#11130 = ORIENTED_EDGE('',*,*,#5793,.F.);
#11131 = ORIENTED_EDGE('',*,*,#11125,.F.);
#11132 = CYLINDRICAL_SURFACE('',#11133,1.5);
#11133 = AXIS2_PLACEMENT_3D('',#11134,#11135,#11136);
#11134 = CARTESIAN_POINT('',(138.16,-85.09,-4.6E-02));
#11135 = DIRECTION('',(-0.,-0.,-1.));
#11136 = DIRECTION('',(-0.,-1.,0.));
#11137 = ADVANCED_FACE('',(#11138),#11154,.F.);
#11138 = FACE_BOUND('',#11139,.T.);
#11139 = EDGE_LOOP('',(#11140,#11141,#11147,#11148));
#11140 = ORIENTED_EDGE('',*,*,#1417,.T.);
#11141 = ORIENTED_EDGE('',*,*,#11142,.T.);
#11142 = EDGE_CURVE('',#1420,#5807,#11143,.T.);
#11143 = LINE('',#11144,#11145);
#11144 = CARTESIAN_POINT('',(147.47,-88.58,-4.6E-02));
#11145 = VECTOR('',#11146,1.);
#11146 = DIRECTION('',(0.,0.,1.));
#11147 = ORIENTED_EDGE('',*,*,#5804,.F.);
#11148 = ORIENTED_EDGE('',*,*,#11149,.T.);
#11149 = EDGE_CURVE('',#5805,#1418,#11150,.T.);
#11150 = LINE('',#11151,#11152);
#11151 = CARTESIAN_POINT('',(147.26,-86.70350121424,-4.6E-02));
#11152 = VECTOR('',#11153,1.);
#11153 = DIRECTION('',(-0.,-0.,-1.));
#11154 = CYLINDRICAL_SURFACE('',#11155,0.95);
#11155 = AXIS2_PLACEMENT_3D('',#11156,#11157,#11158);
#11156 = CARTESIAN_POINT('',(147.47,-87.63,-4.6E-02));
#11157 = DIRECTION('',(-0.,-0.,-1.));
#11158 = DIRECTION('',(-0.,-1.,0.));
#11159 = ADVANCED_FACE('',(#11160),#11171,.F.);
#11160 = FACE_BOUND('',#11161,.T.);
#11161 = EDGE_LOOP('',(#11162,#11168,#11169,#11170));
#11162 = ORIENTED_EDGE('',*,*,#11163,.F.);
#11163 = EDGE_CURVE('',#1438,#5825,#11164,.T.);
#11164 = LINE('',#11165,#11166);
#11165 = CARTESIAN_POINT('',(147.05,-88.58,-4.6E-02));
#11166 = VECTOR('',#11167,1.);
#11167 = DIRECTION('',(0.,0.,1.));
#11168 = ORIENTED_EDGE('',*,*,#1446,.T.);
#11169 = ORIENTED_EDGE('',*,*,#11149,.F.);
#11170 = ORIENTED_EDGE('',*,*,#5833,.F.);
#11171 = CYLINDRICAL_SURFACE('',#11172,0.95);
#11172 = AXIS2_PLACEMENT_3D('',#11173,#11174,#11175);
#11173 = CARTESIAN_POINT('',(147.05,-87.63,-4.6E-02));
#11174 = DIRECTION('',(-0.,-0.,-1.));
#11175 = DIRECTION('',(-0.,-1.,0.));
#11176 = ADVANCED_FACE('',(#11177),#11188,.F.);
#11177 = FACE_BOUND('',#11178,.T.);
#11178 = EDGE_LOOP('',(#11179,#11180,#11181,#11182));
#11179 = ORIENTED_EDGE('',*,*,#1437,.T.);
#11180 = ORIENTED_EDGE('',*,*,#11163,.T.);
#11181 = ORIENTED_EDGE('',*,*,#5824,.F.);
#11182 = ORIENTED_EDGE('',*,*,#11183,.T.);
#11183 = EDGE_CURVE('',#5816,#1429,#11184,.T.);
#11184 = LINE('',#11185,#11186);
#11185 = CARTESIAN_POINT('',(147.26,-88.55649878575,-4.6E-02));
#11186 = VECTOR('',#11187,1.);
#11187 = DIRECTION('',(-0.,-0.,-1.));
#11188 = CYLINDRICAL_SURFACE('',#11189,0.95);
#11189 = AXIS2_PLACEMENT_3D('',#11190,#11191,#11192);
#11190 = CARTESIAN_POINT('',(147.05,-87.63,-4.6E-02));
#11191 = DIRECTION('',(-0.,-0.,-1.));
#11192 = DIRECTION('',(-0.,-1.,0.));
#11193 = ADVANCED_FACE('',(#11194),#11200,.F.);
#11194 = FACE_BOUND('',#11195,.T.);
#11195 = EDGE_LOOP('',(#11196,#11197,#11198,#11199));
#11196 = ORIENTED_EDGE('',*,*,#11142,.F.);
#11197 = ORIENTED_EDGE('',*,*,#1428,.T.);
#11198 = ORIENTED_EDGE('',*,*,#11183,.F.);
#11199 = ORIENTED_EDGE('',*,*,#5815,.F.);
#11200 = CYLINDRICAL_SURFACE('',#11201,0.95);
#11201 = AXIS2_PLACEMENT_3D('',#11202,#11203,#11204);
#11202 = CARTESIAN_POINT('',(147.47,-87.63,-4.6E-02));
#11203 = DIRECTION('',(-0.,-0.,-1.));
#11204 = DIRECTION('',(-0.,-1.,0.));
#11205 = ADVANCED_FACE('',(#11206),#11217,.F.);
#11206 = FACE_BOUND('',#11207,.T.);
#11207 = EDGE_LOOP('',(#11208,#11209,#11215,#11216));
#11208 = ORIENTED_EDGE('',*,*,#1455,.T.);
#11209 = ORIENTED_EDGE('',*,*,#11210,.T.);
#11210 = EDGE_CURVE('',#1456,#5843,#11211,.T.);
#11211 = LINE('',#11212,#11213);
#11212 = CARTESIAN_POINT('',(144.51,-84.05,-4.6E-02));
#11213 = VECTOR('',#11214,1.);
#11214 = DIRECTION('',(0.,0.,1.));
#11215 = ORIENTED_EDGE('',*,*,#5842,.F.);
#11216 = ORIENTED_EDGE('',*,*,#11210,.F.);
#11217 = CYLINDRICAL_SURFACE('',#11218,1.5);
#11218 = AXIS2_PLACEMENT_3D('',#11219,#11220,#11221);
#11219 = CARTESIAN_POINT('',(144.51,-82.55,-4.6E-02));
#11220 = DIRECTION('',(-0.,-0.,-1.));
#11221 = DIRECTION('',(-0.,-1.,0.));
#11222 = ADVANCED_FACE('',(#11223),#11234,.F.);
#11223 = FACE_BOUND('',#11224,.T.);
#11224 = EDGE_LOOP('',(#11225,#11226,#11232,#11233));
#11225 = ORIENTED_EDGE('',*,*,#1466,.T.);
#11226 = ORIENTED_EDGE('',*,*,#11227,.T.);
#11227 = EDGE_CURVE('',#1467,#5854,#11228,.T.);
#11228 = LINE('',#11229,#11230);
#11229 = CARTESIAN_POINT('',(161.02,-102.65,-4.6E-02));
#11230 = VECTOR('',#11231,1.);
#11231 = DIRECTION('',(0.,0.,1.));
#11232 = ORIENTED_EDGE('',*,*,#5853,.F.);
#11233 = ORIENTED_EDGE('',*,*,#11227,.F.);
#11234 = CYLINDRICAL_SURFACE('',#11235,1.5);
#11235 = AXIS2_PLACEMENT_3D('',#11236,#11237,#11238);
#11236 = CARTESIAN_POINT('',(161.02,-101.15,-4.6E-02));
#11237 = DIRECTION('',(-0.,-0.,-1.));
#11238 = DIRECTION('',(-0.,-1.,0.));
#11239 = ADVANCED_FACE('',(#11240),#11251,.F.);
#11240 = FACE_BOUND('',#11241,.T.);
#11241 = EDGE_LOOP('',(#11242,#11243,#11249,#11250));
#11242 = ORIENTED_EDGE('',*,*,#1477,.T.);
#11243 = ORIENTED_EDGE('',*,*,#11244,.T.);
#11244 = EDGE_CURVE('',#1478,#5865,#11245,.T.);
#11245 = LINE('',#11246,#11247);
#11246 = CARTESIAN_POINT('',(156.02,-100.45,-4.6E-02));
#11247 = VECTOR('',#11248,1.);
#11248 = DIRECTION('',(0.,0.,1.));
#11249 = ORIENTED_EDGE('',*,*,#5864,.F.);
#11250 = ORIENTED_EDGE('',*,*,#11244,.F.);
#11251 = CYLINDRICAL_SURFACE('',#11252,1.5);
#11252 = AXIS2_PLACEMENT_3D('',#11253,#11254,#11255);
#11253 = CARTESIAN_POINT('',(156.02,-98.95,-4.6E-02));
#11254 = DIRECTION('',(-0.,-0.,-1.));
#11255 = DIRECTION('',(-0.,-1.,0.));
#11256 = ADVANCED_FACE('',(#11257),#11273,.F.);
#11257 = FACE_BOUND('',#11258,.T.);
#11258 = EDGE_LOOP('',(#11259,#11260,#11266,#11267));
#11259 = ORIENTED_EDGE('',*,*,#1488,.T.);
#11260 = ORIENTED_EDGE('',*,*,#11261,.T.);
#11261 = EDGE_CURVE('',#1491,#5878,#11262,.T.);
#11262 = LINE('',#11263,#11264);
#11263 = CARTESIAN_POINT('',(155.94,-96.2,-4.6E-02));
#11264 = VECTOR('',#11265,1.);
#11265 = DIRECTION('',(0.,0.,1.));
#11266 = ORIENTED_EDGE('',*,*,#5875,.F.);
#11267 = ORIENTED_EDGE('',*,*,#11268,.T.);
#11268 = EDGE_CURVE('',#5876,#1489,#11269,.T.);
#11269 = LINE('',#11270,#11271);
#11270 = CARTESIAN_POINT('',(155.73,-94.32350121424,-4.6E-02));
#11271 = VECTOR('',#11272,1.);
#11272 = DIRECTION('',(-0.,-0.,-1.));
#11273 = CYLINDRICAL_SURFACE('',#11274,0.95);
#11274 = AXIS2_PLACEMENT_3D('',#11275,#11276,#11277);
#11275 = CARTESIAN_POINT('',(155.94,-95.25,-4.6E-02));
#11276 = DIRECTION('',(-0.,-0.,-1.));
#11277 = DIRECTION('',(-0.,-1.,0.));
#11278 = ADVANCED_FACE('',(#11279),#11290,.F.);
#11279 = FACE_BOUND('',#11280,.T.);
#11280 = EDGE_LOOP('',(#11281,#11287,#11288,#11289));
#11281 = ORIENTED_EDGE('',*,*,#11282,.F.);
#11282 = EDGE_CURVE('',#1509,#5896,#11283,.T.);
#11283 = LINE('',#11284,#11285);
#11284 = CARTESIAN_POINT('',(155.52,-96.2,-4.6E-02));
#11285 = VECTOR('',#11286,1.);
#11286 = DIRECTION('',(0.,0.,1.));
#11287 = ORIENTED_EDGE('',*,*,#1517,.T.);
#11288 = ORIENTED_EDGE('',*,*,#11268,.F.);
#11289 = ORIENTED_EDGE('',*,*,#5904,.F.);
#11290 = CYLINDRICAL_SURFACE('',#11291,0.95);
#11291 = AXIS2_PLACEMENT_3D('',#11292,#11293,#11294);
#11292 = CARTESIAN_POINT('',(155.52,-95.25,-4.6E-02));
#11293 = DIRECTION('',(-0.,0.,-1.));
#11294 = DIRECTION('',(2.991758887411E-14,-1.,-0.));
#11295 = ADVANCED_FACE('',(#11296),#11307,.F.);
#11296 = FACE_BOUND('',#11297,.T.);
#11297 = EDGE_LOOP('',(#11298,#11299,#11300,#11301));
#11298 = ORIENTED_EDGE('',*,*,#1508,.T.);
#11299 = ORIENTED_EDGE('',*,*,#11282,.T.);
#11300 = ORIENTED_EDGE('',*,*,#5895,.F.);
#11301 = ORIENTED_EDGE('',*,*,#11302,.T.);
#11302 = EDGE_CURVE('',#5887,#1500,#11303,.T.);
#11303 = LINE('',#11304,#11305);
#11304 = CARTESIAN_POINT('',(155.73,-96.17649878575,-4.6E-02));
#11305 = VECTOR('',#11306,1.);
#11306 = DIRECTION('',(-0.,-0.,-1.));
#11307 = CYLINDRICAL_SURFACE('',#11308,0.95);
#11308 = AXIS2_PLACEMENT_3D('',#11309,#11310,#11311);
#11309 = CARTESIAN_POINT('',(155.52,-95.25,-4.6E-02));
#11310 = DIRECTION('',(-0.,0.,-1.));
#11311 = DIRECTION('',(2.991758887411E-14,-1.,-0.));
#11312 = ADVANCED_FACE('',(#11313),#11319,.F.);
#11313 = FACE_BOUND('',#11314,.T.);
#11314 = EDGE_LOOP('',(#11315,#11316,#11317,#11318));
#11315 = ORIENTED_EDGE('',*,*,#11261,.F.);
#11316 = ORIENTED_EDGE('',*,*,#1499,.T.);
#11317 = ORIENTED_EDGE('',*,*,#11302,.F.);
#11318 = ORIENTED_EDGE('',*,*,#5886,.F.);
#11319 = CYLINDRICAL_SURFACE('',#11320,0.95);
#11320 = AXIS2_PLACEMENT_3D('',#11321,#11322,#11323);
#11321 = CARTESIAN_POINT('',(155.94,-95.25,-4.6E-02));
#11322 = DIRECTION('',(-0.,-0.,-1.));
#11323 = DIRECTION('',(-0.,-1.,0.));
#11324 = ADVANCED_FACE('',(#11325),#11336,.F.);
#11325 = FACE_BOUND('',#11326,.T.);
#11326 = EDGE_LOOP('',(#11327,#11328,#11334,#11335));
#11327 = ORIENTED_EDGE('',*,*,#1526,.T.);
#11328 = ORIENTED_EDGE('',*,*,#11329,.T.);
#11329 = EDGE_CURVE('',#1527,#5914,#11330,.T.);
#11330 = LINE('',#11331,#11332);
#11331 = CARTESIAN_POINT('',(161.02,-97.3,-4.6E-02));
#11332 = VECTOR('',#11333,1.);
#11333 = DIRECTION('',(0.,0.,1.));
#11334 = ORIENTED_EDGE('',*,*,#5913,.F.);
#11335 = ORIENTED_EDGE('',*,*,#11329,.F.);
#11336 = CYLINDRICAL_SURFACE('',#11337,2.05);
#11337 = AXIS2_PLACEMENT_3D('',#11338,#11339,#11340);
#11338 = CARTESIAN_POINT('',(161.02,-95.25,-4.6E-02));
#11339 = DIRECTION('',(-0.,0.,-1.));
#11340 = DIRECTION('',(1.386424850264E-14,-1.,-0.));
#11341 = ADVANCED_FACE('',(#11342),#11353,.F.);
#11342 = FACE_BOUND('',#11343,.T.);
#11343 = EDGE_LOOP('',(#11344,#11345,#11351,#11352));
#11344 = ORIENTED_EDGE('',*,*,#1537,.T.);
#11345 = ORIENTED_EDGE('',*,*,#11346,.T.);
#11346 = EDGE_CURVE('',#1538,#5925,#11347,.T.);
#11347 = LINE('',#11348,#11349);
#11348 = CARTESIAN_POINT('',(157.21,-94.21,-4.6E-02));
#11349 = VECTOR('',#11350,1.);
#11350 = DIRECTION('',(0.,0.,1.));
#11351 = ORIENTED_EDGE('',*,*,#5924,.F.);
#11352 = ORIENTED_EDGE('',*,*,#11346,.F.);
#11353 = CYLINDRICAL_SURFACE('',#11354,1.5);
#11354 = AXIS2_PLACEMENT_3D('',#11355,#11356,#11357);
#11355 = CARTESIAN_POINT('',(157.21,-92.71,-4.6E-02));
#11356 = DIRECTION('',(-0.,-0.,-1.));
#11357 = DIRECTION('',(-0.,-1.,0.));
#11358 = ADVANCED_FACE('',(#11359),#11375,.F.);
#11359 = FACE_BOUND('',#11360,.T.);
#11360 = EDGE_LOOP('',(#11361,#11362,#11368,#11369));
#11361 = ORIENTED_EDGE('',*,*,#1548,.T.);
#11362 = ORIENTED_EDGE('',*,*,#11363,.T.);
#11363 = EDGE_CURVE('',#1551,#5938,#11364,.T.);
#11364 = LINE('',#11365,#11366);
#11365 = CARTESIAN_POINT('',(166.52,-96.2,-4.6E-02));
#11366 = VECTOR('',#11367,1.);
#11367 = DIRECTION('',(0.,0.,1.));
#11368 = ORIENTED_EDGE('',*,*,#5935,.F.);
#11369 = ORIENTED_EDGE('',*,*,#11370,.T.);
#11370 = EDGE_CURVE('',#5936,#1549,#11371,.T.);
#11371 = LINE('',#11372,#11373);
#11372 = CARTESIAN_POINT('',(166.31,-94.32350121424,-4.6E-02));
#11373 = VECTOR('',#11374,1.);
#11374 = DIRECTION('',(-0.,0.,-1.));
#11375 = CYLINDRICAL_SURFACE('',#11376,0.95);
#11376 = AXIS2_PLACEMENT_3D('',#11377,#11378,#11379);
#11377 = CARTESIAN_POINT('',(166.52,-95.25,-4.6E-02));
#11378 = DIRECTION('',(-0.,0.,-1.));
#11379 = DIRECTION('',(2.991758887411E-14,-1.,-0.));
#11380 = ADVANCED_FACE('',(#11381),#11392,.F.);
#11381 = FACE_BOUND('',#11382,.T.);
#11382 = EDGE_LOOP('',(#11383,#11389,#11390,#11391));
#11383 = ORIENTED_EDGE('',*,*,#11384,.F.);
#11384 = EDGE_CURVE('',#1569,#5956,#11385,.T.);
#11385 = LINE('',#11386,#11387);
#11386 = CARTESIAN_POINT('',(166.1,-96.2,-4.6E-02));
#11387 = VECTOR('',#11388,1.);
#11388 = DIRECTION('',(0.,0.,1.));
#11389 = ORIENTED_EDGE('',*,*,#1577,.T.);
#11390 = ORIENTED_EDGE('',*,*,#11370,.F.);
#11391 = ORIENTED_EDGE('',*,*,#5964,.F.);
#11392 = CYLINDRICAL_SURFACE('',#11393,0.95);
#11393 = AXIS2_PLACEMENT_3D('',#11394,#11395,#11396);
#11394 = CARTESIAN_POINT('',(166.1,-95.25,-4.6E-02));
#11395 = DIRECTION('',(-0.,-0.,-1.));
#11396 = DIRECTION('',(-2.991758887411E-14,-1.,0.));
#11397 = ADVANCED_FACE('',(#11398),#11409,.F.);
#11398 = FACE_BOUND('',#11399,.T.);
#11399 = EDGE_LOOP('',(#11400,#11401,#11402,#11403));
#11400 = ORIENTED_EDGE('',*,*,#1568,.T.);
#11401 = ORIENTED_EDGE('',*,*,#11384,.T.);
#11402 = ORIENTED_EDGE('',*,*,#5955,.F.);
#11403 = ORIENTED_EDGE('',*,*,#11404,.T.);
#11404 = EDGE_CURVE('',#5947,#1560,#11405,.T.);
#11405 = LINE('',#11406,#11407);
#11406 = CARTESIAN_POINT('',(166.31,-96.17649878575,-4.6E-02));
#11407 = VECTOR('',#11408,1.);
#11408 = DIRECTION('',(-0.,0.,-1.));
#11409 = CYLINDRICAL_SURFACE('',#11410,0.95);
#11410 = AXIS2_PLACEMENT_3D('',#11411,#11412,#11413);
#11411 = CARTESIAN_POINT('',(166.1,-95.25,-4.6E-02));
#11412 = DIRECTION('',(-0.,-0.,-1.));
#11413 = DIRECTION('',(-2.991758887411E-14,-1.,0.));
#11414 = ADVANCED_FACE('',(#11415),#11421,.F.);
#11415 = FACE_BOUND('',#11416,.T.);
#11416 = EDGE_LOOP('',(#11417,#11418,#11419,#11420));
#11417 = ORIENTED_EDGE('',*,*,#11363,.F.);
#11418 = ORIENTED_EDGE('',*,*,#1559,.T.);
#11419 = ORIENTED_EDGE('',*,*,#11404,.F.);
#11420 = ORIENTED_EDGE('',*,*,#5946,.F.);
#11421 = CYLINDRICAL_SURFACE('',#11422,0.95);
#11422 = AXIS2_PLACEMENT_3D('',#11423,#11424,#11425);
#11423 = CARTESIAN_POINT('',(166.52,-95.25,-4.6E-02));
#11424 = DIRECTION('',(-0.,0.,-1.));
#11425 = DIRECTION('',(2.991758887411E-14,-1.,-0.));
#11426 = ADVANCED_FACE('',(#11427),#11438,.F.);
#11427 = FACE_BOUND('',#11428,.T.);
#11428 = EDGE_LOOP('',(#11429,#11430,#11436,#11437));
#11429 = ORIENTED_EDGE('',*,*,#1586,.T.);
#11430 = ORIENTED_EDGE('',*,*,#11431,.T.);
#11431 = EDGE_CURVE('',#1587,#5974,#11432,.T.);
#11432 = LINE('',#11433,#11434);
#11433 = CARTESIAN_POINT('',(163.56,-91.67,-4.6E-02));
#11434 = VECTOR('',#11435,1.);
#11435 = DIRECTION('',(0.,0.,1.));
#11436 = ORIENTED_EDGE('',*,*,#5973,.F.);
#11437 = ORIENTED_EDGE('',*,*,#11431,.F.);
#11438 = CYLINDRICAL_SURFACE('',#11439,1.5);
#11439 = AXIS2_PLACEMENT_3D('',#11440,#11441,#11442);
#11440 = CARTESIAN_POINT('',(163.56,-90.17,-4.6E-02));
#11441 = DIRECTION('',(-0.,-0.,-1.));
#11442 = DIRECTION('',(-0.,-1.,0.));
#11443 = ADVANCED_FACE('',(#11444),#11455,.F.);
#11444 = FACE_BOUND('',#11445,.T.);
#11445 = EDGE_LOOP('',(#11446,#11447,#11453,#11454));
#11446 = ORIENTED_EDGE('',*,*,#1597,.T.);
#11447 = ORIENTED_EDGE('',*,*,#11448,.T.);
#11448 = EDGE_CURVE('',#1598,#5985,#11449,.T.);
#11449 = LINE('',#11450,#11451);
#11450 = CARTESIAN_POINT('',(175.07,-100.45,-4.6E-02));
#11451 = VECTOR('',#11452,1.);
#11452 = DIRECTION('',(0.,0.,1.));
#11453 = ORIENTED_EDGE('',*,*,#5984,.F.);
#11454 = ORIENTED_EDGE('',*,*,#11448,.F.);
#11455 = CYLINDRICAL_SURFACE('',#11456,1.5);
#11456 = AXIS2_PLACEMENT_3D('',#11457,#11458,#11459);
#11457 = CARTESIAN_POINT('',(175.07,-98.95,-4.6E-02));
#11458 = DIRECTION('',(-0.,-0.,-1.));
#11459 = DIRECTION('',(-0.,-1.,0.));
#11460 = ADVANCED_FACE('',(#11461),#11472,.F.);
#11461 = FACE_BOUND('',#11462,.T.);
#11462 = EDGE_LOOP('',(#11463,#11464,#11470,#11471));
#11463 = ORIENTED_EDGE('',*,*,#1608,.T.);
#11464 = ORIENTED_EDGE('',*,*,#11465,.T.);
#11465 = EDGE_CURVE('',#1609,#5996,#11466,.T.);
#11466 = LINE('',#11467,#11468);
#11467 = CARTESIAN_POINT('',(180.07,-102.65,-4.6E-02));
#11468 = VECTOR('',#11469,1.);
#11469 = DIRECTION('',(0.,0.,1.));
#11470 = ORIENTED_EDGE('',*,*,#5995,.F.);
#11471 = ORIENTED_EDGE('',*,*,#11465,.F.);
#11472 = CYLINDRICAL_SURFACE('',#11473,1.5);
#11473 = AXIS2_PLACEMENT_3D('',#11474,#11475,#11476);
#11474 = CARTESIAN_POINT('',(180.07,-101.15,-4.6E-02));
#11475 = DIRECTION('',(-0.,-0.,-1.));
#11476 = DIRECTION('',(-0.,-1.,0.));
#11477 = ADVANCED_FACE('',(#11478),#11494,.F.);
#11478 = FACE_BOUND('',#11479,.T.);
#11479 = EDGE_LOOP('',(#11480,#11481,#11487,#11488));
#11480 = ORIENTED_EDGE('',*,*,#1619,.T.);
#11481 = ORIENTED_EDGE('',*,*,#11482,.T.);
#11482 = EDGE_CURVE('',#1622,#6009,#11483,.T.);
#11483 = LINE('',#11484,#11485);
#11484 = CARTESIAN_POINT('',(174.99,-96.2,-4.6E-02));
#11485 = VECTOR('',#11486,1.);
#11486 = DIRECTION('',(0.,0.,1.));
#11487 = ORIENTED_EDGE('',*,*,#6006,.F.);
#11488 = ORIENTED_EDGE('',*,*,#11489,.T.);
#11489 = EDGE_CURVE('',#6007,#1620,#11490,.T.);
#11490 = LINE('',#11491,#11492);
#11491 = CARTESIAN_POINT('',(174.78,-94.32350121424,-4.6E-02));
#11492 = VECTOR('',#11493,1.);
#11493 = DIRECTION('',(-0.,-0.,-1.));
#11494 = CYLINDRICAL_SURFACE('',#11495,0.95);
#11495 = AXIS2_PLACEMENT_3D('',#11496,#11497,#11498);
#11496 = CARTESIAN_POINT('',(174.99,-95.25,-4.6E-02));
#11497 = DIRECTION('',(-0.,-0.,-1.));
#11498 = DIRECTION('',(-0.,-1.,0.));
#11499 = ADVANCED_FACE('',(#11500),#11511,.F.);
#11500 = FACE_BOUND('',#11501,.T.);
#11501 = EDGE_LOOP('',(#11502,#11508,#11509,#11510));
#11502 = ORIENTED_EDGE('',*,*,#11503,.F.);
#11503 = EDGE_CURVE('',#1640,#6027,#11504,.T.);
#11504 = LINE('',#11505,#11506);
#11505 = CARTESIAN_POINT('',(174.57,-96.2,-4.6E-02));
#11506 = VECTOR('',#11507,1.);
#11507 = DIRECTION('',(0.,0.,1.));
#11508 = ORIENTED_EDGE('',*,*,#1648,.T.);
#11509 = ORIENTED_EDGE('',*,*,#11489,.F.);
#11510 = ORIENTED_EDGE('',*,*,#6035,.F.);
#11511 = CYLINDRICAL_SURFACE('',#11512,0.95);
#11512 = AXIS2_PLACEMENT_3D('',#11513,#11514,#11515);
#11513 = CARTESIAN_POINT('',(174.57,-95.25,-4.6E-02));
#11514 = DIRECTION('',(-0.,-0.,-1.));
#11515 = DIRECTION('',(-0.,-1.,0.));
#11516 = ADVANCED_FACE('',(#11517),#11528,.F.);
#11517 = FACE_BOUND('',#11518,.T.);
#11518 = EDGE_LOOP('',(#11519,#11520,#11521,#11522));
#11519 = ORIENTED_EDGE('',*,*,#1639,.T.);
#11520 = ORIENTED_EDGE('',*,*,#11503,.T.);
#11521 = ORIENTED_EDGE('',*,*,#6026,.F.);
#11522 = ORIENTED_EDGE('',*,*,#11523,.T.);
#11523 = EDGE_CURVE('',#6018,#1631,#11524,.T.);
#11524 = LINE('',#11525,#11526);
#11525 = CARTESIAN_POINT('',(174.78,-96.17649878575,-4.6E-02));
#11526 = VECTOR('',#11527,1.);
#11527 = DIRECTION('',(-0.,-0.,-1.));
#11528 = CYLINDRICAL_SURFACE('',#11529,0.95);
#11529 = AXIS2_PLACEMENT_3D('',#11530,#11531,#11532);
#11530 = CARTESIAN_POINT('',(174.57,-95.25,-4.6E-02));
#11531 = DIRECTION('',(-0.,-0.,-1.));
#11532 = DIRECTION('',(-0.,-1.,0.));
#11533 = ADVANCED_FACE('',(#11534),#11540,.F.);
#11534 = FACE_BOUND('',#11535,.T.);
#11535 = EDGE_LOOP('',(#11536,#11537,#11538,#11539));
#11536 = ORIENTED_EDGE('',*,*,#11482,.F.);
#11537 = ORIENTED_EDGE('',*,*,#1630,.T.);
#11538 = ORIENTED_EDGE('',*,*,#11523,.F.);
#11539 = ORIENTED_EDGE('',*,*,#6017,.F.);
#11540 = CYLINDRICAL_SURFACE('',#11541,0.95);
#11541 = AXIS2_PLACEMENT_3D('',#11542,#11543,#11544);
#11542 = CARTESIAN_POINT('',(174.99,-95.25,-4.6E-02));
#11543 = DIRECTION('',(-0.,-0.,-1.));
#11544 = DIRECTION('',(-0.,-1.,0.));
#11545 = ADVANCED_FACE('',(#11546),#11557,.F.);
#11546 = FACE_BOUND('',#11547,.T.);
#11547 = EDGE_LOOP('',(#11548,#11549,#11555,#11556));
#11548 = ORIENTED_EDGE('',*,*,#1657,.T.);
#11549 = ORIENTED_EDGE('',*,*,#11550,.T.);
#11550 = EDGE_CURVE('',#1658,#6045,#11551,.T.);
#11551 = LINE('',#11552,#11553);
#11552 = CARTESIAN_POINT('',(176.26,-94.21,-4.6E-02));
#11553 = VECTOR('',#11554,1.);
#11554 = DIRECTION('',(0.,0.,1.));
#11555 = ORIENTED_EDGE('',*,*,#6044,.F.);
#11556 = ORIENTED_EDGE('',*,*,#11550,.F.);
#11557 = CYLINDRICAL_SURFACE('',#11558,1.5);
#11558 = AXIS2_PLACEMENT_3D('',#11559,#11560,#11561);
#11559 = CARTESIAN_POINT('',(176.26,-92.71,-4.6E-02));
#11560 = DIRECTION('',(-0.,-0.,-1.));
#11561 = DIRECTION('',(-0.,-1.,0.));
#11562 = ADVANCED_FACE('',(#11563),#11574,.F.);
#11563 = FACE_BOUND('',#11564,.T.);
#11564 = EDGE_LOOP('',(#11565,#11566,#11572,#11573));
#11565 = ORIENTED_EDGE('',*,*,#1668,.T.);
#11566 = ORIENTED_EDGE('',*,*,#11567,.T.);
#11567 = EDGE_CURVE('',#1669,#6056,#11568,.T.);
#11568 = LINE('',#11569,#11570);
#11569 = CARTESIAN_POINT('',(180.07,-97.3,-4.6E-02));
#11570 = VECTOR('',#11571,1.);
#11571 = DIRECTION('',(0.,0.,1.));
#11572 = ORIENTED_EDGE('',*,*,#6055,.F.);
#11573 = ORIENTED_EDGE('',*,*,#11567,.F.);
#11574 = CYLINDRICAL_SURFACE('',#11575,2.05);
#11575 = AXIS2_PLACEMENT_3D('',#11576,#11577,#11578);
#11576 = CARTESIAN_POINT('',(180.07,-95.25,-4.6E-02));
#11577 = DIRECTION('',(-0.,-0.,-1.));
#11578 = DIRECTION('',(-0.,-1.,0.));
#11579 = ADVANCED_FACE('',(#11580),#11596,.F.);
#11580 = FACE_BOUND('',#11581,.T.);
#11581 = EDGE_LOOP('',(#11582,#11583,#11589,#11590));
#11582 = ORIENTED_EDGE('',*,*,#1679,.T.);
#11583 = ORIENTED_EDGE('',*,*,#11584,.T.);
#11584 = EDGE_CURVE('',#1682,#6069,#11585,.T.);
#11585 = LINE('',#11586,#11587);
#11586 = CARTESIAN_POINT('',(185.57,-96.2,-4.6E-02));
#11587 = VECTOR('',#11588,1.);
#11588 = DIRECTION('',(0.,0.,1.));
#11589 = ORIENTED_EDGE('',*,*,#6066,.F.);
#11590 = ORIENTED_EDGE('',*,*,#11591,.T.);
#11591 = EDGE_CURVE('',#6067,#1680,#11592,.T.);
#11592 = LINE('',#11593,#11594);
#11593 = CARTESIAN_POINT('',(185.36,-94.32350121424,-4.6E-02));
#11594 = VECTOR('',#11595,1.);
#11595 = DIRECTION('',(-0.,-0.,-1.));
#11596 = CYLINDRICAL_SURFACE('',#11597,0.95);
#11597 = AXIS2_PLACEMENT_3D('',#11598,#11599,#11600);
#11598 = CARTESIAN_POINT('',(185.57,-95.25,-4.6E-02));
#11599 = DIRECTION('',(-0.,-0.,-1.));
#11600 = DIRECTION('',(-0.,-1.,0.));
#11601 = ADVANCED_FACE('',(#11602),#11613,.F.);
#11602 = FACE_BOUND('',#11603,.T.);
#11603 = EDGE_LOOP('',(#11604,#11610,#11611,#11612));
#11604 = ORIENTED_EDGE('',*,*,#11605,.F.);
#11605 = EDGE_CURVE('',#1700,#6087,#11606,.T.);
#11606 = LINE('',#11607,#11608);
#11607 = CARTESIAN_POINT('',(185.15,-96.2,-4.6E-02));
#11608 = VECTOR('',#11609,1.);
#11609 = DIRECTION('',(0.,0.,1.));
#11610 = ORIENTED_EDGE('',*,*,#1708,.T.);
#11611 = ORIENTED_EDGE('',*,*,#11591,.F.);
#11612 = ORIENTED_EDGE('',*,*,#6095,.F.);
#11613 = CYLINDRICAL_SURFACE('',#11614,0.95);
#11614 = AXIS2_PLACEMENT_3D('',#11615,#11616,#11617);
#11615 = CARTESIAN_POINT('',(185.15,-95.25,-4.6E-02));
#11616 = DIRECTION('',(-0.,0.,-1.));
#11617 = DIRECTION('',(2.991758887411E-14,-1.,-0.));
#11618 = ADVANCED_FACE('',(#11619),#11630,.F.);
#11619 = FACE_BOUND('',#11620,.T.);
#11620 = EDGE_LOOP('',(#11621,#11622,#11623,#11624));
#11621 = ORIENTED_EDGE('',*,*,#1699,.T.);
#11622 = ORIENTED_EDGE('',*,*,#11605,.T.);
#11623 = ORIENTED_EDGE('',*,*,#6086,.F.);
#11624 = ORIENTED_EDGE('',*,*,#11625,.T.);
#11625 = EDGE_CURVE('',#6078,#1691,#11626,.T.);
#11626 = LINE('',#11627,#11628);
#11627 = CARTESIAN_POINT('',(185.36,-96.17649878575,-4.6E-02));
#11628 = VECTOR('',#11629,1.);
#11629 = DIRECTION('',(-0.,-0.,-1.));
#11630 = CYLINDRICAL_SURFACE('',#11631,0.95);
#11631 = AXIS2_PLACEMENT_3D('',#11632,#11633,#11634);
#11632 = CARTESIAN_POINT('',(185.15,-95.25,-4.6E-02));
#11633 = DIRECTION('',(-0.,0.,-1.));
#11634 = DIRECTION('',(2.991758887411E-14,-1.,-0.));
#11635 = ADVANCED_FACE('',(#11636),#11642,.F.);
#11636 = FACE_BOUND('',#11637,.T.);
#11637 = EDGE_LOOP('',(#11638,#11639,#11640,#11641));
#11638 = ORIENTED_EDGE('',*,*,#11584,.F.);
#11639 = ORIENTED_EDGE('',*,*,#1690,.T.);
#11640 = ORIENTED_EDGE('',*,*,#11625,.F.);
#11641 = ORIENTED_EDGE('',*,*,#6077,.F.);
#11642 = CYLINDRICAL_SURFACE('',#11643,0.95);
#11643 = AXIS2_PLACEMENT_3D('',#11644,#11645,#11646);
#11644 = CARTESIAN_POINT('',(185.57,-95.25,-4.6E-02));
#11645 = DIRECTION('',(-0.,-0.,-1.));
#11646 = DIRECTION('',(-0.,-1.,0.));
#11647 = ADVANCED_FACE('',(#11648),#11659,.F.);
#11648 = FACE_BOUND('',#11649,.T.);
#11649 = EDGE_LOOP('',(#11650,#11651,#11657,#11658));
#11650 = ORIENTED_EDGE('',*,*,#1717,.T.);
#11651 = ORIENTED_EDGE('',*,*,#11652,.T.);
#11652 = EDGE_CURVE('',#1718,#6105,#11653,.T.);
#11653 = LINE('',#11654,#11655);
#11654 = CARTESIAN_POINT('',(182.61,-91.67,-4.6E-02));
#11655 = VECTOR('',#11656,1.);
#11656 = DIRECTION('',(0.,0.,1.));
#11657 = ORIENTED_EDGE('',*,*,#6104,.F.);
#11658 = ORIENTED_EDGE('',*,*,#11652,.F.);
#11659 = CYLINDRICAL_SURFACE('',#11660,1.5);
#11660 = AXIS2_PLACEMENT_3D('',#11661,#11662,#11663);
#11661 = CARTESIAN_POINT('',(182.61,-90.17,-4.6E-02));
#11662 = DIRECTION('',(-0.,-0.,-1.));
#11663 = DIRECTION('',(-0.,-1.,0.));
#11664 = ADVANCED_FACE('',(#11665),#11676,.F.);
#11665 = FACE_BOUND('',#11666,.T.);
#11666 = EDGE_LOOP('',(#11667,#11668,#11674,#11675));
#11667 = ORIENTED_EDGE('',*,*,#1728,.T.);
#11668 = ORIENTED_EDGE('',*,*,#11669,.T.);
#11669 = EDGE_CURVE('',#1729,#6116,#11670,.T.);
#11670 = LINE('',#11671,#11672);
#11671 = CARTESIAN_POINT('',(156.02,-81.4,-4.6E-02));
#11672 = VECTOR('',#11673,1.);
#11673 = DIRECTION('',(0.,0.,1.));
#11674 = ORIENTED_EDGE('',*,*,#6115,.F.);
#11675 = ORIENTED_EDGE('',*,*,#11669,.F.);
#11676 = CYLINDRICAL_SURFACE('',#11677,1.5);
#11677 = AXIS2_PLACEMENT_3D('',#11678,#11679,#11680);
#11678 = CARTESIAN_POINT('',(156.02,-79.9,-4.6E-02));
#11679 = DIRECTION('',(-0.,-0.,-1.));
#11680 = DIRECTION('',(-0.,-1.,0.));
#11681 = ADVANCED_FACE('',(#11682),#11693,.F.);
#11682 = FACE_BOUND('',#11683,.T.);
#11683 = EDGE_LOOP('',(#11684,#11685,#11691,#11692));
#11684 = ORIENTED_EDGE('',*,*,#1739,.T.);
#11685 = ORIENTED_EDGE('',*,*,#11686,.T.);
#11686 = EDGE_CURVE('',#1740,#6127,#11687,.T.);
#11687 = LINE('',#11688,#11689);
#11688 = CARTESIAN_POINT('',(161.02,-83.6,-4.6E-02));
#11689 = VECTOR('',#11690,1.);
#11690 = DIRECTION('',(0.,0.,1.));
#11691 = ORIENTED_EDGE('',*,*,#6126,.F.);
#11692 = ORIENTED_EDGE('',*,*,#11686,.F.);
#11693 = CYLINDRICAL_SURFACE('',#11694,1.5);
#11694 = AXIS2_PLACEMENT_3D('',#11695,#11696,#11697);
#11695 = CARTESIAN_POINT('',(161.02,-82.1,-4.6E-02));
#11696 = DIRECTION('',(-0.,-0.,-1.));
#11697 = DIRECTION('',(-0.,-1.,0.));
#11698 = ADVANCED_FACE('',(#11699),#11710,.F.);
#11699 = FACE_BOUND('',#11700,.T.);
#11700 = EDGE_LOOP('',(#11701,#11702,#11708,#11709));
#11701 = ORIENTED_EDGE('',*,*,#1750,.T.);
#11702 = ORIENTED_EDGE('',*,*,#11703,.T.);
#11703 = EDGE_CURVE('',#1751,#6138,#11704,.T.);
#11704 = LINE('',#11705,#11706);
#11705 = CARTESIAN_POINT('',(175.07,-81.4,-4.6E-02));
#11706 = VECTOR('',#11707,1.);
#11707 = DIRECTION('',(0.,0.,1.));
#11708 = ORIENTED_EDGE('',*,*,#6137,.F.);
#11709 = ORIENTED_EDGE('',*,*,#11703,.F.);
#11710 = CYLINDRICAL_SURFACE('',#11711,1.5);
#11711 = AXIS2_PLACEMENT_3D('',#11712,#11713,#11714);
#11712 = CARTESIAN_POINT('',(175.07,-79.9,-4.6E-02));
#11713 = DIRECTION('',(-0.,-0.,-1.));
#11714 = DIRECTION('',(-0.,-1.,0.));
#11715 = ADVANCED_FACE('',(#11716),#11727,.F.);
#11716 = FACE_BOUND('',#11717,.T.);
#11717 = EDGE_LOOP('',(#11718,#11719,#11725,#11726));
#11718 = ORIENTED_EDGE('',*,*,#1761,.T.);
#11719 = ORIENTED_EDGE('',*,*,#11720,.T.);
#11720 = EDGE_CURVE('',#1762,#6149,#11721,.T.);
#11721 = LINE('',#11722,#11723);
#11722 = CARTESIAN_POINT('',(180.07,-83.6,-4.6E-02));
#11723 = VECTOR('',#11724,1.);
#11724 = DIRECTION('',(0.,0.,1.));
#11725 = ORIENTED_EDGE('',*,*,#6148,.F.);
#11726 = ORIENTED_EDGE('',*,*,#11720,.F.);
#11727 = CYLINDRICAL_SURFACE('',#11728,1.5);
#11728 = AXIS2_PLACEMENT_3D('',#11729,#11730,#11731);
#11729 = CARTESIAN_POINT('',(180.07,-82.1,-4.6E-02));
#11730 = DIRECTION('',(-0.,-0.,-1.));
#11731 = DIRECTION('',(-0.,-1.,0.));
#11732 = ADVANCED_FACE('',(#11733),#11744,.F.);
#11733 = FACE_BOUND('',#11734,.T.);
#11734 = EDGE_LOOP('',(#11735,#11736,#11742,#11743));
#11735 = ORIENTED_EDGE('',*,*,#1772,.T.);
#11736 = ORIENTED_EDGE('',*,*,#11737,.T.);
#11737 = EDGE_CURVE('',#1773,#6160,#11738,.T.);
#11738 = LINE('',#11739,#11740);
#11739 = CARTESIAN_POINT('',(60.77,-74.7325,-4.6E-02));
#11740 = VECTOR('',#11741,1.);
#11741 = DIRECTION('',(0.,0.,1.));
#11742 = ORIENTED_EDGE('',*,*,#6159,.F.);
#11743 = ORIENTED_EDGE('',*,*,#11737,.F.);
#11744 = CYLINDRICAL_SURFACE('',#11745,1.5);
#11745 = AXIS2_PLACEMENT_3D('',#11746,#11747,#11748);
#11746 = CARTESIAN_POINT('',(60.77,-73.2325,-4.6E-02));
#11747 = DIRECTION('',(-0.,-0.,-1.));
#11748 = DIRECTION('',(-0.,-1.,0.));
#11749 = ADVANCED_FACE('',(#11750),#11766,.F.);
#11750 = FACE_BOUND('',#11751,.T.);
#11751 = EDGE_LOOP('',(#11752,#11753,#11759,#11760));
#11752 = ORIENTED_EDGE('',*,*,#1783,.T.);
#11753 = ORIENTED_EDGE('',*,*,#11754,.T.);
#11754 = EDGE_CURVE('',#1786,#6173,#11755,.T.);
#11755 = LINE('',#11756,#11757);
#11756 = CARTESIAN_POINT('',(60.69,-70.4825,-4.6E-02));
#11757 = VECTOR('',#11758,1.);
#11758 = DIRECTION('',(0.,0.,1.));
#11759 = ORIENTED_EDGE('',*,*,#6170,.F.);
#11760 = ORIENTED_EDGE('',*,*,#11761,.T.);
#11761 = EDGE_CURVE('',#6171,#1784,#11762,.T.);
#11762 = LINE('',#11763,#11764);
#11763 = CARTESIAN_POINT('',(60.48,-68.60600121424,-4.6E-02));
#11764 = VECTOR('',#11765,1.);
#11765 = DIRECTION('',(-0.,-0.,-1.));
#11766 = CYLINDRICAL_SURFACE('',#11767,0.95);
#11767 = AXIS2_PLACEMENT_3D('',#11768,#11769,#11770);
#11768 = CARTESIAN_POINT('',(60.69,-69.5325,-4.6E-02));
#11769 = DIRECTION('',(-0.,-0.,-1.));
#11770 = DIRECTION('',(-0.,-1.,0.));
#11771 = ADVANCED_FACE('',(#11772),#11783,.F.);
#11772 = FACE_BOUND('',#11773,.T.);
#11773 = EDGE_LOOP('',(#11774,#11780,#11781,#11782));
#11774 = ORIENTED_EDGE('',*,*,#11775,.F.);
#11775 = EDGE_CURVE('',#1804,#6191,#11776,.T.);
#11776 = LINE('',#11777,#11778);
#11777 = CARTESIAN_POINT('',(60.27,-70.4825,-4.6E-02));
#11778 = VECTOR('',#11779,1.);
#11779 = DIRECTION('',(0.,0.,1.));
#11780 = ORIENTED_EDGE('',*,*,#1812,.T.);
#11781 = ORIENTED_EDGE('',*,*,#11761,.F.);
#11782 = ORIENTED_EDGE('',*,*,#6199,.F.);
#11783 = CYLINDRICAL_SURFACE('',#11784,0.95);
#11784 = AXIS2_PLACEMENT_3D('',#11785,#11786,#11787);
#11785 = CARTESIAN_POINT('',(60.27,-69.5325,-4.6E-02));
#11786 = DIRECTION('',(-0.,0.,-1.));
#11787 = DIRECTION('',(7.479397218527E-15,-1.,-0.));
#11788 = ADVANCED_FACE('',(#11789),#11800,.F.);
#11789 = FACE_BOUND('',#11790,.T.);
#11790 = EDGE_LOOP('',(#11791,#11792,#11793,#11794));
#11791 = ORIENTED_EDGE('',*,*,#1803,.T.);
#11792 = ORIENTED_EDGE('',*,*,#11775,.T.);
#11793 = ORIENTED_EDGE('',*,*,#6190,.F.);
#11794 = ORIENTED_EDGE('',*,*,#11795,.T.);
#11795 = EDGE_CURVE('',#6182,#1795,#11796,.T.);
#11796 = LINE('',#11797,#11798);
#11797 = CARTESIAN_POINT('',(60.48,-70.45899878575,-4.6E-02));
#11798 = VECTOR('',#11799,1.);
#11799 = DIRECTION('',(-0.,-0.,-1.));
#11800 = CYLINDRICAL_SURFACE('',#11801,0.95);
#11801 = AXIS2_PLACEMENT_3D('',#11802,#11803,#11804);
#11802 = CARTESIAN_POINT('',(60.27,-69.5325,-4.6E-02));
#11803 = DIRECTION('',(-0.,0.,-1.));
#11804 = DIRECTION('',(7.479397218527E-15,-1.,-0.));
#11805 = ADVANCED_FACE('',(#11806),#11812,.F.);
#11806 = FACE_BOUND('',#11807,.T.);
#11807 = EDGE_LOOP('',(#11808,#11809,#11810,#11811));
#11808 = ORIENTED_EDGE('',*,*,#11754,.F.);
#11809 = ORIENTED_EDGE('',*,*,#1794,.T.);
#11810 = ORIENTED_EDGE('',*,*,#11795,.F.);
#11811 = ORIENTED_EDGE('',*,*,#6181,.F.);
#11812 = CYLINDRICAL_SURFACE('',#11813,0.95);
#11813 = AXIS2_PLACEMENT_3D('',#11814,#11815,#11816);
#11814 = CARTESIAN_POINT('',(60.69,-69.5325,-4.6E-02));
#11815 = DIRECTION('',(-0.,-0.,-1.));
#11816 = DIRECTION('',(-0.,-1.,0.));
#11817 = ADVANCED_FACE('',(#11818),#11829,.F.);
#11818 = FACE_BOUND('',#11819,.T.);
#11819 = EDGE_LOOP('',(#11820,#11821,#11827,#11828));
#11820 = ORIENTED_EDGE('',*,*,#1821,.T.);
#11821 = ORIENTED_EDGE('',*,*,#11822,.T.);
#11822 = EDGE_CURVE('',#1822,#6209,#11823,.T.);
#11823 = LINE('',#11824,#11825);
#11824 = CARTESIAN_POINT('',(65.77,-76.9325,-4.6E-02));
#11825 = VECTOR('',#11826,1.);
#11826 = DIRECTION('',(0.,0.,1.));
#11827 = ORIENTED_EDGE('',*,*,#6208,.F.);
#11828 = ORIENTED_EDGE('',*,*,#11822,.F.);
#11829 = CYLINDRICAL_SURFACE('',#11830,1.5);
#11830 = AXIS2_PLACEMENT_3D('',#11831,#11832,#11833);
#11831 = CARTESIAN_POINT('',(65.77,-75.4325,-4.6E-02));
#11832 = DIRECTION('',(-0.,-0.,-1.));
#11833 = DIRECTION('',(-0.,-1.,0.));
#11834 = ADVANCED_FACE('',(#11835),#11846,.F.);
#11835 = FACE_BOUND('',#11836,.T.);
#11836 = EDGE_LOOP('',(#11837,#11838,#11844,#11845));
#11837 = ORIENTED_EDGE('',*,*,#1832,.T.);
#11838 = ORIENTED_EDGE('',*,*,#11839,.T.);
#11839 = EDGE_CURVE('',#1833,#6220,#11840,.T.);
#11840 = LINE('',#11841,#11842);
#11841 = CARTESIAN_POINT('',(65.77,-71.5825,-4.6E-02));
#11842 = VECTOR('',#11843,1.);
#11843 = DIRECTION('',(0.,0.,1.));
#11844 = ORIENTED_EDGE('',*,*,#6219,.F.);
#11845 = ORIENTED_EDGE('',*,*,#11839,.F.);
#11846 = CYLINDRICAL_SURFACE('',#11847,2.05);
#11847 = AXIS2_PLACEMENT_3D('',#11848,#11849,#11850);
#11848 = CARTESIAN_POINT('',(65.77,-69.5325,-4.6E-02));
#11849 = DIRECTION('',(-0.,-0.,-1.));
#11850 = DIRECTION('',(-0.,-1.,0.));
#11851 = ADVANCED_FACE('',(#11852),#11868,.F.);
#11852 = FACE_BOUND('',#11853,.T.);
#11853 = EDGE_LOOP('',(#11854,#11855,#11861,#11862));
#11854 = ORIENTED_EDGE('',*,*,#1843,.T.);
#11855 = ORIENTED_EDGE('',*,*,#11856,.T.);
#11856 = EDGE_CURVE('',#1846,#6233,#11857,.T.);
#11857 = LINE('',#11858,#11859);
#11858 = CARTESIAN_POINT('',(71.27,-70.4825,-4.6E-02));
#11859 = VECTOR('',#11860,1.);
#11860 = DIRECTION('',(0.,0.,1.));
#11861 = ORIENTED_EDGE('',*,*,#6230,.F.);
#11862 = ORIENTED_EDGE('',*,*,#11863,.T.);
#11863 = EDGE_CURVE('',#6231,#1844,#11864,.T.);
#11864 = LINE('',#11865,#11866);
#11865 = CARTESIAN_POINT('',(71.06,-68.60600121424,-4.6E-02));
#11866 = VECTOR('',#11867,1.);
#11867 = DIRECTION('',(-0.,-0.,-1.));
#11868 = CYLINDRICAL_SURFACE('',#11869,0.95);
#11869 = AXIS2_PLACEMENT_3D('',#11870,#11871,#11872);
#11870 = CARTESIAN_POINT('',(71.27,-69.5325,-4.6E-02));
#11871 = DIRECTION('',(-0.,-0.,-1.));
#11872 = DIRECTION('',(-0.,-1.,0.));
#11873 = ADVANCED_FACE('',(#11874),#11885,.F.);
#11874 = FACE_BOUND('',#11875,.T.);
#11875 = EDGE_LOOP('',(#11876,#11882,#11883,#11884));
#11876 = ORIENTED_EDGE('',*,*,#11877,.F.);
#11877 = EDGE_CURVE('',#1864,#6251,#11878,.T.);
#11878 = LINE('',#11879,#11880);
#11879 = CARTESIAN_POINT('',(70.85,-70.4825,-4.6E-02));
#11880 = VECTOR('',#11881,1.);
#11881 = DIRECTION('',(0.,0.,1.));
#11882 = ORIENTED_EDGE('',*,*,#1872,.T.);
#11883 = ORIENTED_EDGE('',*,*,#11863,.F.);
#11884 = ORIENTED_EDGE('',*,*,#6259,.F.);
#11885 = CYLINDRICAL_SURFACE('',#11886,0.95);
#11886 = AXIS2_PLACEMENT_3D('',#11887,#11888,#11889);
#11887 = CARTESIAN_POINT('',(70.85,-69.5325,-4.6E-02));
#11888 = DIRECTION('',(-0.,-0.,-1.));
#11889 = DIRECTION('',(-0.,-1.,0.));
#11890 = ADVANCED_FACE('',(#11891),#11902,.F.);
#11891 = FACE_BOUND('',#11892,.T.);
#11892 = EDGE_LOOP('',(#11893,#11894,#11895,#11896));
#11893 = ORIENTED_EDGE('',*,*,#1863,.T.);
#11894 = ORIENTED_EDGE('',*,*,#11877,.T.);
#11895 = ORIENTED_EDGE('',*,*,#6250,.F.);
#11896 = ORIENTED_EDGE('',*,*,#11897,.T.);
#11897 = EDGE_CURVE('',#6242,#1855,#11898,.T.);
#11898 = LINE('',#11899,#11900);
#11899 = CARTESIAN_POINT('',(71.06,-70.45899878575,-4.6E-02));
#11900 = VECTOR('',#11901,1.);
#11901 = DIRECTION('',(-0.,-0.,-1.));
#11902 = CYLINDRICAL_SURFACE('',#11903,0.95);
#11903 = AXIS2_PLACEMENT_3D('',#11904,#11905,#11906);
#11904 = CARTESIAN_POINT('',(70.85,-69.5325,-4.6E-02));
#11905 = DIRECTION('',(-0.,-0.,-1.));
#11906 = DIRECTION('',(-0.,-1.,0.));
#11907 = ADVANCED_FACE('',(#11908),#11914,.F.);
#11908 = FACE_BOUND('',#11909,.T.);
#11909 = EDGE_LOOP('',(#11910,#11911,#11912,#11913));
#11910 = ORIENTED_EDGE('',*,*,#11856,.F.);
#11911 = ORIENTED_EDGE('',*,*,#1854,.T.);
#11912 = ORIENTED_EDGE('',*,*,#11897,.F.);
#11913 = ORIENTED_EDGE('',*,*,#6241,.F.);
#11914 = CYLINDRICAL_SURFACE('',#11915,0.95);
#11915 = AXIS2_PLACEMENT_3D('',#11916,#11917,#11918);
#11916 = CARTESIAN_POINT('',(71.27,-69.5325,-4.6E-02));
#11917 = DIRECTION('',(-0.,-0.,-1.));
#11918 = DIRECTION('',(-0.,-1.,0.));
#11919 = ADVANCED_FACE('',(#11920),#11931,.F.);
#11920 = FACE_BOUND('',#11921,.T.);
#11921 = EDGE_LOOP('',(#11922,#11923,#11929,#11930));
#11922 = ORIENTED_EDGE('',*,*,#1881,.T.);
#11923 = ORIENTED_EDGE('',*,*,#11924,.T.);
#11924 = EDGE_CURVE('',#1882,#6269,#11925,.T.);
#11925 = LINE('',#11926,#11927);
#11926 = CARTESIAN_POINT('',(61.96,-68.4925,-4.6E-02));
#11927 = VECTOR('',#11928,1.);
#11928 = DIRECTION('',(0.,0.,1.));
#11929 = ORIENTED_EDGE('',*,*,#6268,.F.);
#11930 = ORIENTED_EDGE('',*,*,#11924,.F.);
#11931 = CYLINDRICAL_SURFACE('',#11932,1.5);
#11932 = AXIS2_PLACEMENT_3D('',#11933,#11934,#11935);
#11933 = CARTESIAN_POINT('',(61.96,-66.9925,-4.6E-02));
#11934 = DIRECTION('',(-0.,-0.,-1.));
#11935 = DIRECTION('',(-0.,-1.,0.));
#11936 = ADVANCED_FACE('',(#11937),#11948,.F.);
#11937 = FACE_BOUND('',#11938,.T.);
#11938 = EDGE_LOOP('',(#11939,#11940,#11946,#11947));
#11939 = ORIENTED_EDGE('',*,*,#1892,.T.);
#11940 = ORIENTED_EDGE('',*,*,#11941,.T.);
#11941 = EDGE_CURVE('',#1893,#6280,#11942,.T.);
#11942 = LINE('',#11943,#11944);
#11943 = CARTESIAN_POINT('',(68.31,-65.9525,-4.6E-02));
#11944 = VECTOR('',#11945,1.);
#11945 = DIRECTION('',(0.,0.,1.));
#11946 = ORIENTED_EDGE('',*,*,#6279,.F.);
#11947 = ORIENTED_EDGE('',*,*,#11941,.F.);
#11948 = CYLINDRICAL_SURFACE('',#11949,1.5);
#11949 = AXIS2_PLACEMENT_3D('',#11950,#11951,#11952);
#11950 = CARTESIAN_POINT('',(68.31,-64.4525,-4.6E-02));
#11951 = DIRECTION('',(-0.,-0.,-1.));
#11952 = DIRECTION('',(-0.,-1.,0.));
#11953 = ADVANCED_FACE('',(#11954),#11970,.F.);
#11954 = FACE_BOUND('',#11955,.T.);
#11955 = EDGE_LOOP('',(#11956,#11957,#11963,#11964));
#11956 = ORIENTED_EDGE('',*,*,#1903,.T.);
#11957 = ORIENTED_EDGE('',*,*,#11958,.T.);
#11958 = EDGE_CURVE('',#1906,#6293,#11959,.T.);
#11959 = LINE('',#11960,#11961);
#11960 = CARTESIAN_POINT('',(79.74,-74.2925,-4.6E-02));
#11961 = VECTOR('',#11962,1.);
#11962 = DIRECTION('',(0.,0.,1.));
#11963 = ORIENTED_EDGE('',*,*,#6290,.F.);
#11964 = ORIENTED_EDGE('',*,*,#11965,.T.);
#11965 = EDGE_CURVE('',#6291,#1904,#11966,.T.);
#11966 = LINE('',#11967,#11968);
#11967 = CARTESIAN_POINT('',(79.53,-72.41600121424,-4.6E-02));
#11968 = VECTOR('',#11969,1.);
#11969 = DIRECTION('',(-0.,-0.,-1.));
#11970 = CYLINDRICAL_SURFACE('',#11971,0.95);
#11971 = AXIS2_PLACEMENT_3D('',#11972,#11973,#11974);
#11972 = CARTESIAN_POINT('',(79.74,-73.3425,-4.6E-02));
#11973 = DIRECTION('',(-0.,-0.,-1.));
#11974 = DIRECTION('',(-1.495879443705E-14,-1.,0.));
#11975 = ADVANCED_FACE('',(#11976),#11987,.F.);
#11976 = FACE_BOUND('',#11977,.T.);
#11977 = EDGE_LOOP('',(#11978,#11984,#11985,#11986));
#11978 = ORIENTED_EDGE('',*,*,#11979,.F.);
#11979 = EDGE_CURVE('',#1924,#6311,#11980,.T.);
#11980 = LINE('',#11981,#11982);
#11981 = CARTESIAN_POINT('',(79.32,-74.2925,-4.6E-02));
#11982 = VECTOR('',#11983,1.);
#11983 = DIRECTION('',(0.,0.,1.));
#11984 = ORIENTED_EDGE('',*,*,#1932,.T.);
#11985 = ORIENTED_EDGE('',*,*,#11965,.F.);
#11986 = ORIENTED_EDGE('',*,*,#6319,.F.);
#11987 = CYLINDRICAL_SURFACE('',#11988,0.95);
#11988 = AXIS2_PLACEMENT_3D('',#11989,#11990,#11991);
#11989 = CARTESIAN_POINT('',(79.32,-73.3425,-4.6E-02));
#11990 = DIRECTION('',(-0.,-0.,-1.));
#11991 = DIRECTION('',(-0.,-1.,0.));
#11992 = ADVANCED_FACE('',(#11993),#12004,.F.);
#11993 = FACE_BOUND('',#11994,.T.);
#11994 = EDGE_LOOP('',(#11995,#11996,#11997,#11998));
#11995 = ORIENTED_EDGE('',*,*,#1923,.T.);
#11996 = ORIENTED_EDGE('',*,*,#11979,.T.);
#11997 = ORIENTED_EDGE('',*,*,#6310,.F.);
#11998 = ORIENTED_EDGE('',*,*,#11999,.T.);
#11999 = EDGE_CURVE('',#6302,#1915,#12000,.T.);
#12000 = LINE('',#12001,#12002);
#12001 = CARTESIAN_POINT('',(79.53,-74.26899878575,-4.6E-02));
#12002 = VECTOR('',#12003,1.);
#12003 = DIRECTION('',(-0.,-0.,-1.));
#12004 = CYLINDRICAL_SURFACE('',#12005,0.95);
#12005 = AXIS2_PLACEMENT_3D('',#12006,#12007,#12008);
#12006 = CARTESIAN_POINT('',(79.32,-73.3425,-4.6E-02));
#12007 = DIRECTION('',(-0.,-0.,-1.));
#12008 = DIRECTION('',(-0.,-1.,0.));
#12009 = ADVANCED_FACE('',(#12010),#12016,.F.);
#12010 = FACE_BOUND('',#12011,.T.);
#12011 = EDGE_LOOP('',(#12012,#12013,#12014,#12015));
#12012 = ORIENTED_EDGE('',*,*,#11958,.F.);
#12013 = ORIENTED_EDGE('',*,*,#1914,.T.);
#12014 = ORIENTED_EDGE('',*,*,#11999,.F.);
#12015 = ORIENTED_EDGE('',*,*,#6301,.F.);
#12016 = CYLINDRICAL_SURFACE('',#12017,0.95);
#12017 = AXIS2_PLACEMENT_3D('',#12018,#12019,#12020);
#12018 = CARTESIAN_POINT('',(79.74,-73.3425,-4.6E-02));
#12019 = DIRECTION('',(-0.,-0.,-1.));
#12020 = DIRECTION('',(-1.495879443705E-14,-1.,0.));
#12021 = ADVANCED_FACE('',(#12022),#12033,.F.);
#12022 = FACE_BOUND('',#12023,.T.);
#12023 = EDGE_LOOP('',(#12024,#12025,#12031,#12032));
#12024 = ORIENTED_EDGE('',*,*,#1941,.T.);
#12025 = ORIENTED_EDGE('',*,*,#12026,.T.);
#12026 = EDGE_CURVE('',#1942,#6329,#12027,.T.);
#12027 = LINE('',#12028,#12029);
#12028 = CARTESIAN_POINT('',(81.01,-72.3025,-4.6E-02));
#12029 = VECTOR('',#12030,1.);
#12030 = DIRECTION('',(0.,0.,1.));
#12031 = ORIENTED_EDGE('',*,*,#6328,.F.);
#12032 = ORIENTED_EDGE('',*,*,#12026,.F.);
#12033 = CYLINDRICAL_SURFACE('',#12034,1.5);
#12034 = AXIS2_PLACEMENT_3D('',#12035,#12036,#12037);
#12035 = CARTESIAN_POINT('',(81.01,-70.8025,-4.6E-02));
#12036 = DIRECTION('',(-0.,-0.,-1.));
#12037 = DIRECTION('',(-0.,-1.,0.));
#12038 = ADVANCED_FACE('',(#12039),#12050,.F.);
#12039 = FACE_BOUND('',#12040,.T.);
#12040 = EDGE_LOOP('',(#12041,#12042,#12048,#12049));
#12041 = ORIENTED_EDGE('',*,*,#1952,.T.);
#12042 = ORIENTED_EDGE('',*,*,#12043,.T.);
#12043 = EDGE_CURVE('',#1953,#6340,#12044,.T.);
#12044 = LINE('',#12045,#12046);
#12045 = CARTESIAN_POINT('',(84.82,-75.3925,-4.6E-02));
#12046 = VECTOR('',#12047,1.);
#12047 = DIRECTION('',(0.,0.,1.));
#12048 = ORIENTED_EDGE('',*,*,#6339,.F.);
#12049 = ORIENTED_EDGE('',*,*,#12043,.F.);
#12050 = CYLINDRICAL_SURFACE('',#12051,2.05);
#12051 = AXIS2_PLACEMENT_3D('',#12052,#12053,#12054);
#12052 = CARTESIAN_POINT('',(84.82,-73.3425,-4.6E-02));
#12053 = DIRECTION('',(-0.,-0.,-1.));
#12054 = DIRECTION('',(-0.,-1.,0.));
#12055 = ADVANCED_FACE('',(#12056),#12067,.F.);
#12056 = FACE_BOUND('',#12057,.T.);
#12057 = EDGE_LOOP('',(#12058,#12059,#12065,#12066));
#12058 = ORIENTED_EDGE('',*,*,#1963,.T.);
#12059 = ORIENTED_EDGE('',*,*,#12060,.T.);
#12060 = EDGE_CURVE('',#1964,#6351,#12061,.T.);
#12061 = LINE('',#12062,#12063);
#12062 = CARTESIAN_POINT('',(87.36,-69.7625,-4.6E-02));
#12063 = VECTOR('',#12064,1.);
#12064 = DIRECTION('',(0.,0.,1.));
#12065 = ORIENTED_EDGE('',*,*,#6350,.F.);
#12066 = ORIENTED_EDGE('',*,*,#12060,.F.);
#12067 = CYLINDRICAL_SURFACE('',#12068,1.5);
#12068 = AXIS2_PLACEMENT_3D('',#12069,#12070,#12071);
#12069 = CARTESIAN_POINT('',(87.36,-68.2625,-4.6E-02));
#12070 = DIRECTION('',(-0.,-0.,-1.));
#12071 = DIRECTION('',(-0.,-1.,0.));
#12072 = ADVANCED_FACE('',(#12073),#12084,.F.);
#12073 = FACE_BOUND('',#12074,.T.);
#12074 = EDGE_LOOP('',(#12075,#12076,#12082,#12083));
#12075 = ORIENTED_EDGE('',*,*,#1974,.T.);
#12076 = ORIENTED_EDGE('',*,*,#12077,.T.);
#12077 = EDGE_CURVE('',#1975,#6362,#12078,.T.);
#12078 = LINE('',#12079,#12080);
#12079 = CARTESIAN_POINT('',(57.412,-57.904,-4.6E-02));
#12080 = VECTOR('',#12081,1.);
#12081 = DIRECTION('',(0.,0.,1.));
#12082 = ORIENTED_EDGE('',*,*,#6361,.F.);
#12083 = ORIENTED_EDGE('',*,*,#12077,.F.);
#12084 = CYLINDRICAL_SURFACE('',#12085,0.5);
#12085 = AXIS2_PLACEMENT_3D('',#12086,#12087,#12088);
#12086 = CARTESIAN_POINT('',(57.412,-57.404,-4.6E-02));
#12087 = DIRECTION('',(-0.,-0.,-1.));
#12088 = DIRECTION('',(-0.,-1.,0.));
#12089 = ADVANCED_FACE('',(#12090),#12101,.F.);
#12090 = FACE_BOUND('',#12091,.T.);
#12091 = EDGE_LOOP('',(#12092,#12093,#12099,#12100));
#12092 = ORIENTED_EDGE('',*,*,#1985,.T.);
#12093 = ORIENTED_EDGE('',*,*,#12094,.T.);
#12094 = EDGE_CURVE('',#1986,#6373,#12095,.T.);
#12095 = LINE('',#12096,#12097);
#12096 = CARTESIAN_POINT('',(57.412,-55.364,-4.6E-02));
#12097 = VECTOR('',#12098,1.);
#12098 = DIRECTION('',(0.,0.,1.));
#12099 = ORIENTED_EDGE('',*,*,#6372,.F.);
#12100 = ORIENTED_EDGE('',*,*,#12094,.F.);
#12101 = CYLINDRICAL_SURFACE('',#12102,0.5);
#12102 = AXIS2_PLACEMENT_3D('',#12103,#12104,#12105);
#12103 = CARTESIAN_POINT('',(57.412,-54.864,-4.6E-02));
#12104 = DIRECTION('',(-0.,-0.,-1.));
#12105 = DIRECTION('',(-0.,-1.,0.));
#12106 = ADVANCED_FACE('',(#12107),#12118,.F.);
#12107 = FACE_BOUND('',#12108,.T.);
#12108 = EDGE_LOOP('',(#12109,#12110,#12116,#12117));
#12109 = ORIENTED_EDGE('',*,*,#1996,.T.);
#12110 = ORIENTED_EDGE('',*,*,#12111,.T.);
#12111 = EDGE_CURVE('',#1997,#6384,#12112,.T.);
#12112 = LINE('',#12113,#12114);
#12113 = CARTESIAN_POINT('',(61.742,-55.927,-4.6E-02));
#12114 = VECTOR('',#12115,1.);
#12115 = DIRECTION('',(0.,0.,1.));
#12116 = ORIENTED_EDGE('',*,*,#6383,.F.);
#12117 = ORIENTED_EDGE('',*,*,#12111,.F.);
#12118 = CYLINDRICAL_SURFACE('',#12119,0.375);
#12119 = AXIS2_PLACEMENT_3D('',#12120,#12121,#12122);
#12120 = CARTESIAN_POINT('',(61.742,-55.552,-4.6E-02));
#12121 = DIRECTION('',(-0.,-0.,-1.));
#12122 = DIRECTION('',(-0.,-1.,0.));
#12123 = ADVANCED_FACE('',(#12124),#12135,.F.);
#12124 = FACE_BOUND('',#12125,.T.);
#12125 = EDGE_LOOP('',(#12126,#12127,#12133,#12134));
#12126 = ORIENTED_EDGE('',*,*,#2007,.T.);
#12127 = ORIENTED_EDGE('',*,*,#12128,.T.);
#12128 = EDGE_CURVE('',#2008,#6395,#12129,.T.);
#12129 = LINE('',#12130,#12131);
#12130 = CARTESIAN_POINT('',(61.742,-53.927,-4.6E-02));
#12131 = VECTOR('',#12132,1.);
#12132 = DIRECTION('',(0.,0.,1.));
#12133 = ORIENTED_EDGE('',*,*,#6394,.F.);
#12134 = ORIENTED_EDGE('',*,*,#12128,.F.);
#12135 = CYLINDRICAL_SURFACE('',#12136,0.375);
#12136 = AXIS2_PLACEMENT_3D('',#12137,#12138,#12139);
#12137 = CARTESIAN_POINT('',(61.742,-53.552,-4.6E-02));
#12138 = DIRECTION('',(-0.,-0.,-1.));
#12139 = DIRECTION('',(-0.,-1.,0.));
#12140 = ADVANCED_FACE('',(#12141),#12152,.F.);
#12141 = FACE_BOUND('',#12142,.T.);
#12142 = EDGE_LOOP('',(#12143,#12144,#12150,#12151));
#12143 = ORIENTED_EDGE('',*,*,#2018,.T.);
#12144 = ORIENTED_EDGE('',*,*,#12145,.T.);
#12145 = EDGE_CURVE('',#2019,#6406,#12146,.T.);
#12146 = LINE('',#12147,#12148);
#12147 = CARTESIAN_POINT('',(57.412,-52.824,-4.6E-02));
#12148 = VECTOR('',#12149,1.);
#12149 = DIRECTION('',(0.,0.,1.));
#12150 = ORIENTED_EDGE('',*,*,#6405,.F.);
#12151 = ORIENTED_EDGE('',*,*,#12145,.F.);
#12152 = CYLINDRICAL_SURFACE('',#12153,0.5);
#12153 = AXIS2_PLACEMENT_3D('',#12154,#12155,#12156);
#12154 = CARTESIAN_POINT('',(57.412,-52.324,-4.6E-02));
#12155 = DIRECTION('',(-0.,-0.,-1.));
#12156 = DIRECTION('',(-0.,-1.,0.));
#12157 = ADVANCED_FACE('',(#12158),#12169,.F.);
#12158 = FACE_BOUND('',#12159,.T.);
#12159 = EDGE_LOOP('',(#12160,#12161,#12167,#12168));
#12160 = ORIENTED_EDGE('',*,*,#2029,.T.);
#12161 = ORIENTED_EDGE('',*,*,#12162,.T.);
#12162 = EDGE_CURVE('',#2030,#6417,#12163,.T.);
#12163 = LINE('',#12164,#12165);
#12164 = CARTESIAN_POINT('',(79.82,-59.4925,-4.6E-02));
#12165 = VECTOR('',#12166,1.);
#12166 = DIRECTION('',(0.,0.,1.));
#12167 = ORIENTED_EDGE('',*,*,#6416,.F.);
#12168 = ORIENTED_EDGE('',*,*,#12162,.F.);
#12169 = CYLINDRICAL_SURFACE('',#12170,1.5);
#12170 = AXIS2_PLACEMENT_3D('',#12171,#12172,#12173);
#12171 = CARTESIAN_POINT('',(79.82,-57.9925,-4.6E-02));
#12172 = DIRECTION('',(-0.,-0.,-1.));
#12173 = DIRECTION('',(-0.,-1.,0.));
#12174 = ADVANCED_FACE('',(#12175),#12186,.F.);
#12175 = FACE_BOUND('',#12176,.T.);
#12176 = EDGE_LOOP('',(#12177,#12178,#12184,#12185));
#12177 = ORIENTED_EDGE('',*,*,#2040,.T.);
#12178 = ORIENTED_EDGE('',*,*,#12179,.T.);
#12179 = EDGE_CURVE('',#2041,#6428,#12180,.T.);
#12180 = LINE('',#12181,#12182);
#12181 = CARTESIAN_POINT('',(84.82,-61.6925,-4.6E-02));
#12182 = VECTOR('',#12183,1.);
#12183 = DIRECTION('',(0.,0.,1.));
#12184 = ORIENTED_EDGE('',*,*,#6427,.F.);
#12185 = ORIENTED_EDGE('',*,*,#12179,.F.);
#12186 = CYLINDRICAL_SURFACE('',#12187,1.5);
#12187 = AXIS2_PLACEMENT_3D('',#12188,#12189,#12190);
#12188 = CARTESIAN_POINT('',(84.82,-60.1925,-4.6E-02));
#12189 = DIRECTION('',(-0.,-0.,-1.));
#12190 = DIRECTION('',(-0.,-1.,0.));
#12191 = ADVANCED_FACE('',(#12192),#12208,.F.);
#12192 = FACE_BOUND('',#12193,.T.);
#12193 = EDGE_LOOP('',(#12194,#12195,#12201,#12202));
#12194 = ORIENTED_EDGE('',*,*,#2051,.T.);
#12195 = ORIENTED_EDGE('',*,*,#12196,.T.);
#12196 = EDGE_CURVE('',#2054,#6441,#12197,.T.);
#12197 = LINE('',#12198,#12199);
#12198 = CARTESIAN_POINT('',(79.74,-55.2425,-4.6E-02));
#12199 = VECTOR('',#12200,1.);
#12200 = DIRECTION('',(0.,0.,1.));
#12201 = ORIENTED_EDGE('',*,*,#6438,.F.);
#12202 = ORIENTED_EDGE('',*,*,#12203,.T.);
#12203 = EDGE_CURVE('',#6439,#2052,#12204,.T.);
#12204 = LINE('',#12205,#12206);
#12205 = CARTESIAN_POINT('',(79.53,-53.36600121424,-4.6E-02));
#12206 = VECTOR('',#12207,1.);
#12207 = DIRECTION('',(-0.,-0.,-1.));
#12208 = CYLINDRICAL_SURFACE('',#12209,0.95);
#12209 = AXIS2_PLACEMENT_3D('',#12210,#12211,#12212);
#12210 = CARTESIAN_POINT('',(79.74,-54.2925,-4.6E-02));
#12211 = DIRECTION('',(-0.,-0.,-1.));
#12212 = DIRECTION('',(-1.495879443705E-14,-1.,0.));
#12213 = ADVANCED_FACE('',(#12214),#12225,.F.);
#12214 = FACE_BOUND('',#12215,.T.);
#12215 = EDGE_LOOP('',(#12216,#12222,#12223,#12224));
#12216 = ORIENTED_EDGE('',*,*,#12217,.F.);
#12217 = EDGE_CURVE('',#2072,#6459,#12218,.T.);
#12218 = LINE('',#12219,#12220);
#12219 = CARTESIAN_POINT('',(79.32,-55.2425,-4.6E-02));
#12220 = VECTOR('',#12221,1.);
#12221 = DIRECTION('',(0.,0.,1.));
#12222 = ORIENTED_EDGE('',*,*,#2080,.T.);
#12223 = ORIENTED_EDGE('',*,*,#12203,.F.);
#12224 = ORIENTED_EDGE('',*,*,#6467,.F.);
#12225 = CYLINDRICAL_SURFACE('',#12226,0.95);
#12226 = AXIS2_PLACEMENT_3D('',#12227,#12228,#12229);
#12227 = CARTESIAN_POINT('',(79.32,-54.2925,-4.6E-02));
#12228 = DIRECTION('',(-0.,-0.,-1.));
#12229 = DIRECTION('',(-0.,-1.,0.));
#12230 = ADVANCED_FACE('',(#12231),#12242,.F.);
#12231 = FACE_BOUND('',#12232,.T.);
#12232 = EDGE_LOOP('',(#12233,#12234,#12235,#12236));
#12233 = ORIENTED_EDGE('',*,*,#2071,.T.);
#12234 = ORIENTED_EDGE('',*,*,#12217,.T.);
#12235 = ORIENTED_EDGE('',*,*,#6458,.F.);
#12236 = ORIENTED_EDGE('',*,*,#12237,.T.);
#12237 = EDGE_CURVE('',#6450,#2063,#12238,.T.);
#12238 = LINE('',#12239,#12240);
#12239 = CARTESIAN_POINT('',(79.53,-55.21899878575,-4.6E-02));
#12240 = VECTOR('',#12241,1.);
#12241 = DIRECTION('',(-0.,-0.,-1.));
#12242 = CYLINDRICAL_SURFACE('',#12243,0.95);
#12243 = AXIS2_PLACEMENT_3D('',#12244,#12245,#12246);
#12244 = CARTESIAN_POINT('',(79.32,-54.2925,-4.6E-02));
#12245 = DIRECTION('',(-0.,-0.,-1.));
#12246 = DIRECTION('',(-0.,-1.,0.));
#12247 = ADVANCED_FACE('',(#12248),#12254,.F.);
#12248 = FACE_BOUND('',#12249,.T.);
#12249 = EDGE_LOOP('',(#12250,#12251,#12252,#12253));
#12250 = ORIENTED_EDGE('',*,*,#12196,.F.);
#12251 = ORIENTED_EDGE('',*,*,#2062,.T.);
#12252 = ORIENTED_EDGE('',*,*,#12237,.F.);
#12253 = ORIENTED_EDGE('',*,*,#6449,.F.);
#12254 = CYLINDRICAL_SURFACE('',#12255,0.95);
#12255 = AXIS2_PLACEMENT_3D('',#12256,#12257,#12258);
#12256 = CARTESIAN_POINT('',(79.74,-54.2925,-4.6E-02));
#12257 = DIRECTION('',(-0.,-0.,-1.));
#12258 = DIRECTION('',(-1.495879443705E-14,-1.,0.));
#12259 = ADVANCED_FACE('',(#12260),#12271,.F.);
#12260 = FACE_BOUND('',#12261,.T.);
#12261 = EDGE_LOOP('',(#12262,#12263,#12269,#12270));
#12262 = ORIENTED_EDGE('',*,*,#2089,.T.);
#12263 = ORIENTED_EDGE('',*,*,#12264,.T.);
#12264 = EDGE_CURVE('',#2090,#6477,#12265,.T.);
#12265 = LINE('',#12266,#12267);
#12266 = CARTESIAN_POINT('',(81.01,-53.2525,-4.6E-02));
#12267 = VECTOR('',#12268,1.);
#12268 = DIRECTION('',(0.,0.,1.));
#12269 = ORIENTED_EDGE('',*,*,#6476,.F.);
#12270 = ORIENTED_EDGE('',*,*,#12264,.F.);
#12271 = CYLINDRICAL_SURFACE('',#12272,1.5);
#12272 = AXIS2_PLACEMENT_3D('',#12273,#12274,#12275);
#12273 = CARTESIAN_POINT('',(81.01,-51.7525,-4.6E-02));
#12274 = DIRECTION('',(-0.,-0.,-1.));
#12275 = DIRECTION('',(-0.,-1.,0.));
#12276 = ADVANCED_FACE('',(#12277),#12288,.F.);
#12277 = FACE_BOUND('',#12278,.T.);
#12278 = EDGE_LOOP('',(#12279,#12280,#12286,#12287));
#12279 = ORIENTED_EDGE('',*,*,#2100,.T.);
#12280 = ORIENTED_EDGE('',*,*,#12281,.T.);
#12281 = EDGE_CURVE('',#2101,#6488,#12282,.T.);
#12282 = LINE('',#12283,#12284);
#12283 = CARTESIAN_POINT('',(84.82,-56.3425,-4.6E-02));
#12284 = VECTOR('',#12285,1.);
#12285 = DIRECTION('',(0.,0.,1.));
#12286 = ORIENTED_EDGE('',*,*,#6487,.F.);
#12287 = ORIENTED_EDGE('',*,*,#12281,.F.);
#12288 = CYLINDRICAL_SURFACE('',#12289,2.05);
#12289 = AXIS2_PLACEMENT_3D('',#12290,#12291,#12292);
#12290 = CARTESIAN_POINT('',(84.82,-54.2925,-4.6E-02));
#12291 = DIRECTION('',(-0.,-0.,-1.));
#12292 = DIRECTION('',(-0.,-1.,0.));
#12293 = ADVANCED_FACE('',(#12294),#12305,.F.);
#12294 = FACE_BOUND('',#12295,.T.);
#12295 = EDGE_LOOP('',(#12296,#12297,#12303,#12304));
#12296 = ORIENTED_EDGE('',*,*,#2111,.T.);
#12297 = ORIENTED_EDGE('',*,*,#12298,.T.);
#12298 = EDGE_CURVE('',#2112,#6499,#12299,.T.);
#12299 = LINE('',#12300,#12301);
#12300 = CARTESIAN_POINT('',(87.36,-50.7125,-4.6E-02));
#12301 = VECTOR('',#12302,1.);
#12302 = DIRECTION('',(0.,0.,1.));
#12303 = ORIENTED_EDGE('',*,*,#6498,.F.);
#12304 = ORIENTED_EDGE('',*,*,#12298,.F.);
#12305 = CYLINDRICAL_SURFACE('',#12306,1.5);
#12306 = AXIS2_PLACEMENT_3D('',#12307,#12308,#12309);
#12307 = CARTESIAN_POINT('',(87.36,-49.2125,-4.6E-02));
#12308 = DIRECTION('',(-0.,-0.,-1.));
#12309 = DIRECTION('',(-0.,-1.,0.));
#12310 = ADVANCED_FACE('',(#12311),#12327,.F.);
#12311 = FACE_BOUND('',#12312,.T.);
#12312 = EDGE_LOOP('',(#12313,#12314,#12320,#12321));
#12313 = ORIENTED_EDGE('',*,*,#2122,.T.);
#12314 = ORIENTED_EDGE('',*,*,#12315,.T.);
#12315 = EDGE_CURVE('',#2125,#6512,#12316,.T.);
#12316 = LINE('',#12317,#12318);
#12317 = CARTESIAN_POINT('',(90.32,-74.2925,-4.6E-02));
#12318 = VECTOR('',#12319,1.);
#12319 = DIRECTION('',(0.,0.,1.));
#12320 = ORIENTED_EDGE('',*,*,#6509,.F.);
#12321 = ORIENTED_EDGE('',*,*,#12322,.T.);
#12322 = EDGE_CURVE('',#6510,#2123,#12323,.T.);
#12323 = LINE('',#12324,#12325);
#12324 = CARTESIAN_POINT('',(90.11,-72.41600121424,-4.6E-02));
#12325 = VECTOR('',#12326,1.);
#12326 = DIRECTION('',(-0.,-0.,-1.));
#12327 = CYLINDRICAL_SURFACE('',#12328,0.95);
#12328 = AXIS2_PLACEMENT_3D('',#12329,#12330,#12331);
#12329 = CARTESIAN_POINT('',(90.32,-73.3425,-4.6E-02));
#12330 = DIRECTION('',(-0.,-0.,-1.));
#12331 = DIRECTION('',(-0.,-1.,0.));
#12332 = ADVANCED_FACE('',(#12333),#12344,.F.);
#12333 = FACE_BOUND('',#12334,.T.);
#12334 = EDGE_LOOP('',(#12335,#12341,#12342,#12343));
#12335 = ORIENTED_EDGE('',*,*,#12336,.F.);
#12336 = EDGE_CURVE('',#2143,#6530,#12337,.T.);
#12337 = LINE('',#12338,#12339);
#12338 = CARTESIAN_POINT('',(89.9,-74.2925,-4.6E-02));
#12339 = VECTOR('',#12340,1.);
#12340 = DIRECTION('',(0.,0.,1.));
#12341 = ORIENTED_EDGE('',*,*,#2151,.T.);
#12342 = ORIENTED_EDGE('',*,*,#12322,.F.);
#12343 = ORIENTED_EDGE('',*,*,#6538,.F.);
#12344 = CYLINDRICAL_SURFACE('',#12345,0.95);
#12345 = AXIS2_PLACEMENT_3D('',#12346,#12347,#12348);
#12346 = CARTESIAN_POINT('',(89.9,-73.3425,-4.6E-02));
#12347 = DIRECTION('',(-0.,-0.,-1.));
#12348 = DIRECTION('',(-0.,-1.,0.));
#12349 = ADVANCED_FACE('',(#12350),#12361,.F.);
#12350 = FACE_BOUND('',#12351,.T.);
#12351 = EDGE_LOOP('',(#12352,#12353,#12354,#12355));
#12352 = ORIENTED_EDGE('',*,*,#2142,.T.);
#12353 = ORIENTED_EDGE('',*,*,#12336,.T.);
#12354 = ORIENTED_EDGE('',*,*,#6529,.F.);
#12355 = ORIENTED_EDGE('',*,*,#12356,.T.);
#12356 = EDGE_CURVE('',#6521,#2134,#12357,.T.);
#12357 = LINE('',#12358,#12359);
#12358 = CARTESIAN_POINT('',(90.11,-74.26899878575,-4.6E-02));
#12359 = VECTOR('',#12360,1.);
#12360 = DIRECTION('',(-0.,-0.,-1.));
#12361 = CYLINDRICAL_SURFACE('',#12362,0.95);
#12362 = AXIS2_PLACEMENT_3D('',#12363,#12364,#12365);
#12363 = CARTESIAN_POINT('',(89.9,-73.3425,-4.6E-02));
#12364 = DIRECTION('',(-0.,-0.,-1.));
#12365 = DIRECTION('',(-0.,-1.,0.));
#12366 = ADVANCED_FACE('',(#12367),#12373,.F.);
#12367 = FACE_BOUND('',#12368,.T.);
#12368 = EDGE_LOOP('',(#12369,#12370,#12371,#12372));
#12369 = ORIENTED_EDGE('',*,*,#12315,.F.);
#12370 = ORIENTED_EDGE('',*,*,#2133,.T.);
#12371 = ORIENTED_EDGE('',*,*,#12356,.F.);
#12372 = ORIENTED_EDGE('',*,*,#6520,.F.);
#12373 = CYLINDRICAL_SURFACE('',#12374,0.95);
#12374 = AXIS2_PLACEMENT_3D('',#12375,#12376,#12377);
#12375 = CARTESIAN_POINT('',(90.32,-73.3425,-4.6E-02));
#12376 = DIRECTION('',(-0.,-0.,-1.));
#12377 = DIRECTION('',(-0.,-1.,0.));
#12378 = ADVANCED_FACE('',(#12379),#12390,.F.);
#12379 = FACE_BOUND('',#12380,.T.);
#12380 = EDGE_LOOP('',(#12381,#12382,#12388,#12389));
#12381 = ORIENTED_EDGE('',*,*,#2160,.T.);
#12382 = ORIENTED_EDGE('',*,*,#12383,.T.);
#12383 = EDGE_CURVE('',#2161,#6548,#12384,.T.);
#12384 = LINE('',#12385,#12386);
#12385 = CARTESIAN_POINT('',(98.87,-74.7325,-4.6E-02));
#12386 = VECTOR('',#12387,1.);
#12387 = DIRECTION('',(0.,0.,1.));
#12388 = ORIENTED_EDGE('',*,*,#6547,.F.);
#12389 = ORIENTED_EDGE('',*,*,#12383,.F.);
#12390 = CYLINDRICAL_SURFACE('',#12391,1.5);
#12391 = AXIS2_PLACEMENT_3D('',#12392,#12393,#12394);
#12392 = CARTESIAN_POINT('',(98.87,-73.2325,-4.6E-02));
#12393 = DIRECTION('',(-0.,-0.,-1.));
#12394 = DIRECTION('',(-0.,-1.,0.));
#12395 = ADVANCED_FACE('',(#12396),#12407,.F.);
#12396 = FACE_BOUND('',#12397,.T.);
#12397 = EDGE_LOOP('',(#12398,#12399,#12405,#12406));
#12398 = ORIENTED_EDGE('',*,*,#2171,.T.);
#12399 = ORIENTED_EDGE('',*,*,#12400,.T.);
#12400 = EDGE_CURVE('',#2172,#6559,#12401,.T.);
#12401 = LINE('',#12402,#12403);
#12402 = CARTESIAN_POINT('',(103.87,-76.9325,-4.6E-02));
#12403 = VECTOR('',#12404,1.);
#12404 = DIRECTION('',(0.,0.,1.));
#12405 = ORIENTED_EDGE('',*,*,#6558,.F.);
#12406 = ORIENTED_EDGE('',*,*,#12400,.F.);
#12407 = CYLINDRICAL_SURFACE('',#12408,1.5);
#12408 = AXIS2_PLACEMENT_3D('',#12409,#12410,#12411);
#12409 = CARTESIAN_POINT('',(103.87,-75.4325,-4.6E-02));
#12410 = DIRECTION('',(-0.,-0.,-1.));
#12411 = DIRECTION('',(-0.,-1.,0.));
#12412 = ADVANCED_FACE('',(#12413),#12429,.F.);
#12413 = FACE_BOUND('',#12414,.T.);
#12414 = EDGE_LOOP('',(#12415,#12416,#12422,#12423));
#12415 = ORIENTED_EDGE('',*,*,#2182,.T.);
#12416 = ORIENTED_EDGE('',*,*,#12417,.T.);
#12417 = EDGE_CURVE('',#2185,#6572,#12418,.T.);
#12418 = LINE('',#12419,#12420);
#12419 = CARTESIAN_POINT('',(98.79,-70.4825,-4.6E-02));
#12420 = VECTOR('',#12421,1.);
#12421 = DIRECTION('',(0.,0.,1.));
#12422 = ORIENTED_EDGE('',*,*,#6569,.F.);
#12423 = ORIENTED_EDGE('',*,*,#12424,.T.);
#12424 = EDGE_CURVE('',#6570,#2183,#12425,.T.);
#12425 = LINE('',#12426,#12427);
#12426 = CARTESIAN_POINT('',(98.58,-68.60600121424,-4.6E-02));
#12427 = VECTOR('',#12428,1.);
#12428 = DIRECTION('',(-0.,0.,-1.));
#12429 = CYLINDRICAL_SURFACE('',#12430,0.95);
#12430 = AXIS2_PLACEMENT_3D('',#12431,#12432,#12433);
#12431 = CARTESIAN_POINT('',(98.79,-69.5325,-4.6E-02));
#12432 = DIRECTION('',(-0.,0.,-1.));
#12433 = DIRECTION('',(1.495879443705E-14,-1.,-0.));
#12434 = ADVANCED_FACE('',(#12435),#12446,.F.);
#12435 = FACE_BOUND('',#12436,.T.);
#12436 = EDGE_LOOP('',(#12437,#12443,#12444,#12445));
#12437 = ORIENTED_EDGE('',*,*,#12438,.F.);
#12438 = EDGE_CURVE('',#2203,#6590,#12439,.T.);
#12439 = LINE('',#12440,#12441);
#12440 = CARTESIAN_POINT('',(98.37,-70.4825,-4.6E-02));
#12441 = VECTOR('',#12442,1.);
#12442 = DIRECTION('',(0.,0.,1.));
#12443 = ORIENTED_EDGE('',*,*,#2211,.T.);
#12444 = ORIENTED_EDGE('',*,*,#12424,.F.);
#12445 = ORIENTED_EDGE('',*,*,#6598,.F.);
#12446 = CYLINDRICAL_SURFACE('',#12447,0.95);
#12447 = AXIS2_PLACEMENT_3D('',#12448,#12449,#12450);
#12448 = CARTESIAN_POINT('',(98.37,-69.5325,-4.6E-02));
#12449 = DIRECTION('',(-0.,-0.,-1.));
#12450 = DIRECTION('',(-0.,-1.,0.));
#12451 = ADVANCED_FACE('',(#12452),#12463,.F.);
#12452 = FACE_BOUND('',#12453,.T.);
#12453 = EDGE_LOOP('',(#12454,#12455,#12456,#12457));
#12454 = ORIENTED_EDGE('',*,*,#2202,.T.);
#12455 = ORIENTED_EDGE('',*,*,#12438,.T.);
#12456 = ORIENTED_EDGE('',*,*,#6589,.F.);
#12457 = ORIENTED_EDGE('',*,*,#12458,.T.);
#12458 = EDGE_CURVE('',#6581,#2194,#12459,.T.);
#12459 = LINE('',#12460,#12461);
#12460 = CARTESIAN_POINT('',(98.58,-70.45899878575,-4.6E-02));
#12461 = VECTOR('',#12462,1.);
#12462 = DIRECTION('',(-0.,0.,-1.));
#12463 = CYLINDRICAL_SURFACE('',#12464,0.95);
#12464 = AXIS2_PLACEMENT_3D('',#12465,#12466,#12467);
#12465 = CARTESIAN_POINT('',(98.37,-69.5325,-4.6E-02));
#12466 = DIRECTION('',(-0.,-0.,-1.));
#12467 = DIRECTION('',(-0.,-1.,0.));
#12468 = ADVANCED_FACE('',(#12469),#12475,.F.);
#12469 = FACE_BOUND('',#12470,.T.);
#12470 = EDGE_LOOP('',(#12471,#12472,#12473,#12474));
#12471 = ORIENTED_EDGE('',*,*,#12417,.F.);
#12472 = ORIENTED_EDGE('',*,*,#2193,.T.);
#12473 = ORIENTED_EDGE('',*,*,#12458,.F.);
#12474 = ORIENTED_EDGE('',*,*,#6580,.F.);
#12475 = CYLINDRICAL_SURFACE('',#12476,0.95);
#12476 = AXIS2_PLACEMENT_3D('',#12477,#12478,#12479);
#12477 = CARTESIAN_POINT('',(98.79,-69.5325,-4.6E-02));
#12478 = DIRECTION('',(-0.,0.,-1.));
#12479 = DIRECTION('',(1.495879443705E-14,-1.,-0.));
#12480 = ADVANCED_FACE('',(#12481),#12492,.F.);
#12481 = FACE_BOUND('',#12482,.T.);
#12482 = EDGE_LOOP('',(#12483,#12484,#12490,#12491));
#12483 = ORIENTED_EDGE('',*,*,#2220,.T.);
#12484 = ORIENTED_EDGE('',*,*,#12485,.T.);
#12485 = EDGE_CURVE('',#2221,#6608,#12486,.T.);
#12486 = LINE('',#12487,#12488);
#12487 = CARTESIAN_POINT('',(103.87,-71.5825,-4.6E-02));
#12488 = VECTOR('',#12489,1.);
#12489 = DIRECTION('',(0.,0.,1.));
#12490 = ORIENTED_EDGE('',*,*,#6607,.F.);
#12491 = ORIENTED_EDGE('',*,*,#12485,.F.);
#12492 = CYLINDRICAL_SURFACE('',#12493,2.05);
#12493 = AXIS2_PLACEMENT_3D('',#12494,#12495,#12496);
#12494 = CARTESIAN_POINT('',(103.87,-69.5325,-4.6E-02));
#12495 = DIRECTION('',(-0.,-0.,-1.));
#12496 = DIRECTION('',(-0.,-1.,0.));
#12497 = ADVANCED_FACE('',(#12498),#12509,.F.);
#12498 = FACE_BOUND('',#12499,.T.);
#12499 = EDGE_LOOP('',(#12500,#12501,#12507,#12508));
#12500 = ORIENTED_EDGE('',*,*,#2231,.T.);
#12501 = ORIENTED_EDGE('',*,*,#12502,.T.);
#12502 = EDGE_CURVE('',#2232,#6619,#12503,.T.);
#12503 = LINE('',#12504,#12505);
#12504 = CARTESIAN_POINT('',(100.06,-68.4925,-4.6E-02));
#12505 = VECTOR('',#12506,1.);
#12506 = DIRECTION('',(0.,0.,1.));
#12507 = ORIENTED_EDGE('',*,*,#6618,.F.);
#12508 = ORIENTED_EDGE('',*,*,#12502,.F.);
#12509 = CYLINDRICAL_SURFACE('',#12510,1.5);
#12510 = AXIS2_PLACEMENT_3D('',#12511,#12512,#12513);
#12511 = CARTESIAN_POINT('',(100.06,-66.9925,-4.6E-02));
#12512 = DIRECTION('',(-0.,-0.,-1.));
#12513 = DIRECTION('',(-0.,-1.,0.));
#12514 = ADVANCED_FACE('',(#12515),#12531,.F.);
#12515 = FACE_BOUND('',#12516,.T.);
#12516 = EDGE_LOOP('',(#12517,#12518,#12524,#12525));
#12517 = ORIENTED_EDGE('',*,*,#2242,.T.);
#12518 = ORIENTED_EDGE('',*,*,#12519,.T.);
#12519 = EDGE_CURVE('',#2245,#6632,#12520,.T.);
#12520 = LINE('',#12521,#12522);
#12521 = CARTESIAN_POINT('',(109.37,-70.4825,-4.6E-02));
#12522 = VECTOR('',#12523,1.);
#12523 = DIRECTION('',(0.,0.,1.));
#12524 = ORIENTED_EDGE('',*,*,#6629,.F.);
#12525 = ORIENTED_EDGE('',*,*,#12526,.T.);
#12526 = EDGE_CURVE('',#6630,#2243,#12527,.T.);
#12527 = LINE('',#12528,#12529);
#12528 = CARTESIAN_POINT('',(109.16,-68.60600121424,-4.6E-02));
#12529 = VECTOR('',#12530,1.);
#12530 = DIRECTION('',(-0.,-0.,-1.));
#12531 = CYLINDRICAL_SURFACE('',#12532,0.95);
#12532 = AXIS2_PLACEMENT_3D('',#12533,#12534,#12535);
#12533 = CARTESIAN_POINT('',(109.37,-69.5325,-4.6E-02));
#12534 = DIRECTION('',(-0.,-0.,-1.));
#12535 = DIRECTION('',(-0.,-1.,0.));
#12536 = ADVANCED_FACE('',(#12537),#12548,.F.);
#12537 = FACE_BOUND('',#12538,.T.);
#12538 = EDGE_LOOP('',(#12539,#12545,#12546,#12547));
#12539 = ORIENTED_EDGE('',*,*,#12540,.F.);
#12540 = EDGE_CURVE('',#2263,#6650,#12541,.T.);
#12541 = LINE('',#12542,#12543);
#12542 = CARTESIAN_POINT('',(108.95,-70.4825,-4.6E-02));
#12543 = VECTOR('',#12544,1.);
#12544 = DIRECTION('',(0.,0.,1.));
#12545 = ORIENTED_EDGE('',*,*,#2271,.T.);
#12546 = ORIENTED_EDGE('',*,*,#12526,.F.);
#12547 = ORIENTED_EDGE('',*,*,#6658,.F.);
#12548 = CYLINDRICAL_SURFACE('',#12549,0.95);
#12549 = AXIS2_PLACEMENT_3D('',#12550,#12551,#12552);
#12550 = CARTESIAN_POINT('',(108.95,-69.5325,-4.6E-02));
#12551 = DIRECTION('',(-0.,-0.,-1.));
#12552 = DIRECTION('',(-0.,-1.,0.));
#12553 = ADVANCED_FACE('',(#12554),#12565,.F.);
#12554 = FACE_BOUND('',#12555,.T.);
#12555 = EDGE_LOOP('',(#12556,#12557,#12558,#12559));
#12556 = ORIENTED_EDGE('',*,*,#2262,.T.);
#12557 = ORIENTED_EDGE('',*,*,#12540,.T.);
#12558 = ORIENTED_EDGE('',*,*,#6649,.F.);
#12559 = ORIENTED_EDGE('',*,*,#12560,.T.);
#12560 = EDGE_CURVE('',#6641,#2254,#12561,.T.);
#12561 = LINE('',#12562,#12563);
#12562 = CARTESIAN_POINT('',(109.16,-70.45899878575,-4.6E-02));
#12563 = VECTOR('',#12564,1.);
#12564 = DIRECTION('',(-0.,-0.,-1.));
#12565 = CYLINDRICAL_SURFACE('',#12566,0.95);
#12566 = AXIS2_PLACEMENT_3D('',#12567,#12568,#12569);
#12567 = CARTESIAN_POINT('',(108.95,-69.5325,-4.6E-02));
#12568 = DIRECTION('',(-0.,-0.,-1.));
#12569 = DIRECTION('',(-0.,-1.,0.));
#12570 = ADVANCED_FACE('',(#12571),#12577,.F.);
#12571 = FACE_BOUND('',#12572,.T.);
#12572 = EDGE_LOOP('',(#12573,#12574,#12575,#12576));
#12573 = ORIENTED_EDGE('',*,*,#12519,.F.);
#12574 = ORIENTED_EDGE('',*,*,#2253,.T.);
#12575 = ORIENTED_EDGE('',*,*,#12560,.F.);
#12576 = ORIENTED_EDGE('',*,*,#6640,.F.);
#12577 = CYLINDRICAL_SURFACE('',#12578,0.95);
#12578 = AXIS2_PLACEMENT_3D('',#12579,#12580,#12581);
#12579 = CARTESIAN_POINT('',(109.37,-69.5325,-4.6E-02));
#12580 = DIRECTION('',(-0.,-0.,-1.));
#12581 = DIRECTION('',(-0.,-1.,0.));
#12582 = ADVANCED_FACE('',(#12583),#12594,.F.);
#12583 = FACE_BOUND('',#12584,.T.);
#12584 = EDGE_LOOP('',(#12585,#12586,#12592,#12593));
#12585 = ORIENTED_EDGE('',*,*,#2280,.T.);
#12586 = ORIENTED_EDGE('',*,*,#12587,.T.);
#12587 = EDGE_CURVE('',#2281,#6668,#12588,.T.);
#12588 = LINE('',#12589,#12590);
#12589 = CARTESIAN_POINT('',(117.92,-71.875,-4.6E-02));
#12590 = VECTOR('',#12591,1.);
#12591 = DIRECTION('',(0.,0.,1.));
#12592 = ORIENTED_EDGE('',*,*,#6667,.F.);
#12593 = ORIENTED_EDGE('',*,*,#12587,.F.);
#12594 = CYLINDRICAL_SURFACE('',#12595,1.5);
#12595 = AXIS2_PLACEMENT_3D('',#12596,#12597,#12598);
#12596 = CARTESIAN_POINT('',(117.92,-70.375,-4.6E-02));
#12597 = DIRECTION('',(-0.,-0.,-1.));
#12598 = DIRECTION('',(-0.,-1.,0.));
#12599 = ADVANCED_FACE('',(#12600),#12611,.F.);
#12600 = FACE_BOUND('',#12601,.T.);
#12601 = EDGE_LOOP('',(#12602,#12603,#12609,#12610));
#12602 = ORIENTED_EDGE('',*,*,#2291,.T.);
#12603 = ORIENTED_EDGE('',*,*,#12604,.T.);
#12604 = EDGE_CURVE('',#2292,#6679,#12605,.T.);
#12605 = LINE('',#12606,#12607);
#12606 = CARTESIAN_POINT('',(106.41,-65.9525,-4.6E-02));
#12607 = VECTOR('',#12608,1.);
#12608 = DIRECTION('',(0.,0.,1.));
#12609 = ORIENTED_EDGE('',*,*,#6678,.F.);
#12610 = ORIENTED_EDGE('',*,*,#12604,.F.);
#12611 = CYLINDRICAL_SURFACE('',#12612,1.5);
#12612 = AXIS2_PLACEMENT_3D('',#12613,#12614,#12615);
#12613 = CARTESIAN_POINT('',(106.41,-64.4525,-4.6E-02));
#12614 = DIRECTION('',(-0.,-0.,-1.));
#12615 = DIRECTION('',(-0.,-1.,0.));
#12616 = ADVANCED_FACE('',(#12617),#12633,.F.);
#12617 = FACE_BOUND('',#12618,.T.);
#12618 = EDGE_LOOP('',(#12619,#12620,#12626,#12627));
#12619 = ORIENTED_EDGE('',*,*,#2302,.T.);
#12620 = ORIENTED_EDGE('',*,*,#12621,.T.);
#12621 = EDGE_CURVE('',#2305,#6692,#12622,.T.);
#12622 = LINE('',#12623,#12624);
#12623 = CARTESIAN_POINT('',(117.84,-67.625,-4.6E-02));
#12624 = VECTOR('',#12625,1.);
#12625 = DIRECTION('',(0.,0.,1.));
#12626 = ORIENTED_EDGE('',*,*,#6689,.F.);
#12627 = ORIENTED_EDGE('',*,*,#12628,.T.);
#12628 = EDGE_CURVE('',#6690,#2303,#12629,.T.);
#12629 = LINE('',#12630,#12631);
#12630 = CARTESIAN_POINT('',(117.63,-65.74850121424,-4.6E-02));
#12631 = VECTOR('',#12632,1.);
#12632 = DIRECTION('',(-0.,-0.,-1.));
#12633 = CYLINDRICAL_SURFACE('',#12634,0.95);
#12634 = AXIS2_PLACEMENT_3D('',#12635,#12636,#12637);
#12635 = CARTESIAN_POINT('',(117.84,-66.675,-4.6E-02));
#12636 = DIRECTION('',(-0.,-0.,-1.));
#12637 = DIRECTION('',(-0.,-1.,0.));
#12638 = ADVANCED_FACE('',(#12639),#12650,.F.);
#12639 = FACE_BOUND('',#12640,.T.);
#12640 = EDGE_LOOP('',(#12641,#12647,#12648,#12649));
#12641 = ORIENTED_EDGE('',*,*,#12642,.F.);
#12642 = EDGE_CURVE('',#2323,#6710,#12643,.T.);
#12643 = LINE('',#12644,#12645);
#12644 = CARTESIAN_POINT('',(117.42,-67.625,-4.6E-02));
#12645 = VECTOR('',#12646,1.);
#12646 = DIRECTION('',(0.,0.,1.));
#12647 = ORIENTED_EDGE('',*,*,#2331,.T.);
#12648 = ORIENTED_EDGE('',*,*,#12628,.F.);
#12649 = ORIENTED_EDGE('',*,*,#6718,.F.);
#12650 = CYLINDRICAL_SURFACE('',#12651,0.95);
#12651 = AXIS2_PLACEMENT_3D('',#12652,#12653,#12654);
#12652 = CARTESIAN_POINT('',(117.42,-66.675,-4.6E-02));
#12653 = DIRECTION('',(-0.,-0.,-1.));
#12654 = DIRECTION('',(-0.,-1.,0.));
#12655 = ADVANCED_FACE('',(#12656),#12667,.F.);
#12656 = FACE_BOUND('',#12657,.T.);
#12657 = EDGE_LOOP('',(#12658,#12659,#12660,#12661));
#12658 = ORIENTED_EDGE('',*,*,#2322,.T.);
#12659 = ORIENTED_EDGE('',*,*,#12642,.T.);
#12660 = ORIENTED_EDGE('',*,*,#6709,.F.);
#12661 = ORIENTED_EDGE('',*,*,#12662,.T.);
#12662 = EDGE_CURVE('',#6701,#2314,#12663,.T.);
#12663 = LINE('',#12664,#12665);
#12664 = CARTESIAN_POINT('',(117.63,-67.60149878575,-4.6E-02));
#12665 = VECTOR('',#12666,1.);
#12666 = DIRECTION('',(-0.,-0.,-1.));
#12667 = CYLINDRICAL_SURFACE('',#12668,0.95);
#12668 = AXIS2_PLACEMENT_3D('',#12669,#12670,#12671);
#12669 = CARTESIAN_POINT('',(117.42,-66.675,-4.6E-02));
#12670 = DIRECTION('',(-0.,-0.,-1.));
#12671 = DIRECTION('',(-0.,-1.,0.));
#12672 = ADVANCED_FACE('',(#12673),#12679,.F.);
#12673 = FACE_BOUND('',#12674,.T.);
#12674 = EDGE_LOOP('',(#12675,#12676,#12677,#12678));
#12675 = ORIENTED_EDGE('',*,*,#12621,.F.);
#12676 = ORIENTED_EDGE('',*,*,#2313,.T.);
#12677 = ORIENTED_EDGE('',*,*,#12662,.F.);
#12678 = ORIENTED_EDGE('',*,*,#6700,.F.);
#12679 = CYLINDRICAL_SURFACE('',#12680,0.95);
#12680 = AXIS2_PLACEMENT_3D('',#12681,#12682,#12683);
#12681 = CARTESIAN_POINT('',(117.84,-66.675,-4.6E-02));
#12682 = DIRECTION('',(-0.,-0.,-1.));
#12683 = DIRECTION('',(-0.,-1.,0.));
#12684 = ADVANCED_FACE('',(#12685),#12696,.F.);
#12685 = FACE_BOUND('',#12686,.T.);
#12686 = EDGE_LOOP('',(#12687,#12688,#12694,#12695));
#12687 = ORIENTED_EDGE('',*,*,#2340,.T.);
#12688 = ORIENTED_EDGE('',*,*,#12689,.T.);
#12689 = EDGE_CURVE('',#2341,#6728,#12690,.T.);
#12690 = LINE('',#12691,#12692);
#12691 = CARTESIAN_POINT('',(119.11,-65.635,-4.6E-02));
#12692 = VECTOR('',#12693,1.);
#12693 = DIRECTION('',(0.,0.,1.));
#12694 = ORIENTED_EDGE('',*,*,#6727,.F.);
#12695 = ORIENTED_EDGE('',*,*,#12689,.F.);
#12696 = CYLINDRICAL_SURFACE('',#12697,1.5);
#12697 = AXIS2_PLACEMENT_3D('',#12698,#12699,#12700);
#12698 = CARTESIAN_POINT('',(119.11,-64.135,-4.6E-02));
#12699 = DIRECTION('',(-0.,-0.,-1.));
#12700 = DIRECTION('',(-0.,-1.,0.));
#12701 = ADVANCED_FACE('',(#12702),#12713,.F.);
#12702 = FACE_BOUND('',#12703,.T.);
#12703 = EDGE_LOOP('',(#12704,#12705,#12711,#12712));
#12704 = ORIENTED_EDGE('',*,*,#2351,.T.);
#12705 = ORIENTED_EDGE('',*,*,#12706,.T.);
#12706 = EDGE_CURVE('',#2352,#6739,#12707,.T.);
#12707 = LINE('',#12708,#12709);
#12708 = CARTESIAN_POINT('',(103.87,-57.8825,-4.6E-02));
#12709 = VECTOR('',#12710,1.);
#12710 = DIRECTION('',(0.,0.,1.));
#12711 = ORIENTED_EDGE('',*,*,#6738,.F.);
#12712 = ORIENTED_EDGE('',*,*,#12706,.F.);
#12713 = CYLINDRICAL_SURFACE('',#12714,1.5);
#12714 = AXIS2_PLACEMENT_3D('',#12715,#12716,#12717);
#12715 = CARTESIAN_POINT('',(103.87,-56.3825,-4.6E-02));
#12716 = DIRECTION('',(-0.,-0.,-1.));
#12717 = DIRECTION('',(-0.,-1.,0.));
#12718 = ADVANCED_FACE('',(#12719),#12735,.F.);
#12719 = FACE_BOUND('',#12720,.T.);
#12720 = EDGE_LOOP('',(#12721,#12722,#12728,#12729));
#12721 = ORIENTED_EDGE('',*,*,#2362,.T.);
#12722 = ORIENTED_EDGE('',*,*,#12723,.T.);
#12723 = EDGE_CURVE('',#2365,#6752,#12724,.T.);
#12724 = LINE('',#12725,#12726);
#12725 = CARTESIAN_POINT('',(90.32,-55.2425,-4.6E-02));
#12726 = VECTOR('',#12727,1.);
#12727 = DIRECTION('',(0.,0.,1.));
#12728 = ORIENTED_EDGE('',*,*,#6749,.F.);
#12729 = ORIENTED_EDGE('',*,*,#12730,.T.);
#12730 = EDGE_CURVE('',#6750,#2363,#12731,.T.);
#12731 = LINE('',#12732,#12733);
#12732 = CARTESIAN_POINT('',(90.11,-53.36600121424,-4.6E-02));
#12733 = VECTOR('',#12734,1.);
#12734 = DIRECTION('',(-0.,-0.,-1.));
#12735 = CYLINDRICAL_SURFACE('',#12736,0.95);
#12736 = AXIS2_PLACEMENT_3D('',#12737,#12738,#12739);
#12737 = CARTESIAN_POINT('',(90.32,-54.2925,-4.6E-02));
#12738 = DIRECTION('',(-0.,-0.,-1.));
#12739 = DIRECTION('',(-0.,-1.,0.));
#12740 = ADVANCED_FACE('',(#12741),#12752,.F.);
#12741 = FACE_BOUND('',#12742,.T.);
#12742 = EDGE_LOOP('',(#12743,#12749,#12750,#12751));
#12743 = ORIENTED_EDGE('',*,*,#12744,.F.);
#12744 = EDGE_CURVE('',#2383,#6770,#12745,.T.);
#12745 = LINE('',#12746,#12747);
#12746 = CARTESIAN_POINT('',(89.9,-55.2425,-4.6E-02));
#12747 = VECTOR('',#12748,1.);
#12748 = DIRECTION('',(0.,0.,1.));
#12749 = ORIENTED_EDGE('',*,*,#2391,.T.);
#12750 = ORIENTED_EDGE('',*,*,#12730,.F.);
#12751 = ORIENTED_EDGE('',*,*,#6778,.F.);
#12752 = CYLINDRICAL_SURFACE('',#12753,0.95);
#12753 = AXIS2_PLACEMENT_3D('',#12754,#12755,#12756);
#12754 = CARTESIAN_POINT('',(89.9,-54.2925,-4.6E-02));
#12755 = DIRECTION('',(-0.,-0.,-1.));
#12756 = DIRECTION('',(-0.,-1.,0.));
#12757 = ADVANCED_FACE('',(#12758),#12769,.F.);
#12758 = FACE_BOUND('',#12759,.T.);
#12759 = EDGE_LOOP('',(#12760,#12761,#12762,#12763));
#12760 = ORIENTED_EDGE('',*,*,#2382,.T.);
#12761 = ORIENTED_EDGE('',*,*,#12744,.T.);
#12762 = ORIENTED_EDGE('',*,*,#6769,.F.);
#12763 = ORIENTED_EDGE('',*,*,#12764,.T.);
#12764 = EDGE_CURVE('',#6761,#2374,#12765,.T.);
#12765 = LINE('',#12766,#12767);
#12766 = CARTESIAN_POINT('',(90.11,-55.21899878575,-4.6E-02));
#12767 = VECTOR('',#12768,1.);
#12768 = DIRECTION('',(-0.,-0.,-1.));
#12769 = CYLINDRICAL_SURFACE('',#12770,0.95);
#12770 = AXIS2_PLACEMENT_3D('',#12771,#12772,#12773);
#12771 = CARTESIAN_POINT('',(89.9,-54.2925,-4.6E-02));
#12772 = DIRECTION('',(-0.,-0.,-1.));
#12773 = DIRECTION('',(-0.,-1.,0.));
#12774 = ADVANCED_FACE('',(#12775),#12781,.F.);
#12775 = FACE_BOUND('',#12776,.T.);
#12776 = EDGE_LOOP('',(#12777,#12778,#12779,#12780));
#12777 = ORIENTED_EDGE('',*,*,#12723,.F.);
#12778 = ORIENTED_EDGE('',*,*,#2373,.T.);
#12779 = ORIENTED_EDGE('',*,*,#12764,.F.);
#12780 = ORIENTED_EDGE('',*,*,#6760,.F.);
#12781 = CYLINDRICAL_SURFACE('',#12782,0.95);
#12782 = AXIS2_PLACEMENT_3D('',#12783,#12784,#12785);
#12783 = CARTESIAN_POINT('',(90.32,-54.2925,-4.6E-02));
#12784 = DIRECTION('',(-0.,-0.,-1.));
#12785 = DIRECTION('',(-0.,-1.,0.));
#12786 = ADVANCED_FACE('',(#12787),#12798,.F.);
#12787 = FACE_BOUND('',#12788,.T.);
#12788 = EDGE_LOOP('',(#12789,#12790,#12796,#12797));
#12789 = ORIENTED_EDGE('',*,*,#2400,.T.);
#12790 = ORIENTED_EDGE('',*,*,#12791,.T.);
#12791 = EDGE_CURVE('',#2401,#6788,#12792,.T.);
#12792 = LINE('',#12793,#12794);
#12793 = CARTESIAN_POINT('',(98.87,-55.6825,-4.6E-02));
#12794 = VECTOR('',#12795,1.);
#12795 = DIRECTION('',(0.,0.,1.));
#12796 = ORIENTED_EDGE('',*,*,#6787,.F.);
#12797 = ORIENTED_EDGE('',*,*,#12791,.F.);
#12798 = CYLINDRICAL_SURFACE('',#12799,1.5);
#12799 = AXIS2_PLACEMENT_3D('',#12800,#12801,#12802);
#12800 = CARTESIAN_POINT('',(98.87,-54.1825,-4.6E-02));
#12801 = DIRECTION('',(-0.,-0.,-1.));
#12802 = DIRECTION('',(-0.,-1.,0.));
#12803 = ADVANCED_FACE('',(#12804),#12820,.F.);
#12804 = FACE_BOUND('',#12805,.T.);
#12805 = EDGE_LOOP('',(#12806,#12807,#12813,#12814));
#12806 = ORIENTED_EDGE('',*,*,#2411,.T.);
#12807 = ORIENTED_EDGE('',*,*,#12808,.T.);
#12808 = EDGE_CURVE('',#2414,#6801,#12809,.T.);
#12809 = LINE('',#12810,#12811);
#12810 = CARTESIAN_POINT('',(98.79,-51.4325,-4.6E-02));
#12811 = VECTOR('',#12812,1.);
#12812 = DIRECTION('',(0.,0.,1.));
#12813 = ORIENTED_EDGE('',*,*,#6798,.F.);
#12814 = ORIENTED_EDGE('',*,*,#12815,.T.);
#12815 = EDGE_CURVE('',#6799,#2412,#12816,.T.);
#12816 = LINE('',#12817,#12818);
#12817 = CARTESIAN_POINT('',(98.58,-49.55600121424,-4.6E-02));
#12818 = VECTOR('',#12819,1.);
#12819 = DIRECTION('',(-0.,0.,-1.));
#12820 = CYLINDRICAL_SURFACE('',#12821,0.95);
#12821 = AXIS2_PLACEMENT_3D('',#12822,#12823,#12824);
#12822 = CARTESIAN_POINT('',(98.79,-50.4825,-4.6E-02));
#12823 = DIRECTION('',(-0.,0.,-1.));
#12824 = DIRECTION('',(1.495879443705E-14,-1.,-0.));
#12825 = ADVANCED_FACE('',(#12826),#12837,.F.);
#12826 = FACE_BOUND('',#12827,.T.);
#12827 = EDGE_LOOP('',(#12828,#12834,#12835,#12836));
#12828 = ORIENTED_EDGE('',*,*,#12829,.F.);
#12829 = EDGE_CURVE('',#2432,#6819,#12830,.T.);
#12830 = LINE('',#12831,#12832);
#12831 = CARTESIAN_POINT('',(98.37,-51.4325,-4.6E-02));
#12832 = VECTOR('',#12833,1.);
#12833 = DIRECTION('',(0.,0.,1.));
#12834 = ORIENTED_EDGE('',*,*,#2440,.T.);
#12835 = ORIENTED_EDGE('',*,*,#12815,.F.);
#12836 = ORIENTED_EDGE('',*,*,#6827,.F.);
#12837 = CYLINDRICAL_SURFACE('',#12838,0.95);
#12838 = AXIS2_PLACEMENT_3D('',#12839,#12840,#12841);
#12839 = CARTESIAN_POINT('',(98.37,-50.4825,-4.6E-02));
#12840 = DIRECTION('',(-0.,-0.,-1.));
#12841 = DIRECTION('',(-0.,-1.,0.));
#12842 = ADVANCED_FACE('',(#12843),#12854,.F.);
#12843 = FACE_BOUND('',#12844,.T.);
#12844 = EDGE_LOOP('',(#12845,#12846,#12847,#12848));
#12845 = ORIENTED_EDGE('',*,*,#2431,.T.);
#12846 = ORIENTED_EDGE('',*,*,#12829,.T.);
#12847 = ORIENTED_EDGE('',*,*,#6818,.F.);
#12848 = ORIENTED_EDGE('',*,*,#12849,.T.);
#12849 = EDGE_CURVE('',#6810,#2423,#12850,.T.);
#12850 = LINE('',#12851,#12852);
#12851 = CARTESIAN_POINT('',(98.58,-51.40899878575,-4.6E-02));
#12852 = VECTOR('',#12853,1.);
#12853 = DIRECTION('',(-0.,0.,-1.));
#12854 = CYLINDRICAL_SURFACE('',#12855,0.95);
#12855 = AXIS2_PLACEMENT_3D('',#12856,#12857,#12858);
#12856 = CARTESIAN_POINT('',(98.37,-50.4825,-4.6E-02));
#12857 = DIRECTION('',(-0.,-0.,-1.));
#12858 = DIRECTION('',(-0.,-1.,0.));
#12859 = ADVANCED_FACE('',(#12860),#12866,.F.);
#12860 = FACE_BOUND('',#12861,.T.);
#12861 = EDGE_LOOP('',(#12862,#12863,#12864,#12865));
#12862 = ORIENTED_EDGE('',*,*,#12808,.F.);
#12863 = ORIENTED_EDGE('',*,*,#2422,.T.);
#12864 = ORIENTED_EDGE('',*,*,#12849,.F.);
#12865 = ORIENTED_EDGE('',*,*,#6809,.F.);
#12866 = CYLINDRICAL_SURFACE('',#12867,0.95);
#12867 = AXIS2_PLACEMENT_3D('',#12868,#12869,#12870);
#12868 = CARTESIAN_POINT('',(98.79,-50.4825,-4.6E-02));
#12869 = DIRECTION('',(-0.,0.,-1.));
#12870 = DIRECTION('',(1.495879443705E-14,-1.,-0.));
#12871 = ADVANCED_FACE('',(#12872),#12883,.F.);
#12872 = FACE_BOUND('',#12873,.T.);
#12873 = EDGE_LOOP('',(#12874,#12875,#12881,#12882));
#12874 = ORIENTED_EDGE('',*,*,#2449,.T.);
#12875 = ORIENTED_EDGE('',*,*,#12876,.T.);
#12876 = EDGE_CURVE('',#2450,#6837,#12877,.T.);
#12877 = LINE('',#12878,#12879);
#12878 = CARTESIAN_POINT('',(103.87,-52.5325,-4.6E-02));
#12879 = VECTOR('',#12880,1.);
#12880 = DIRECTION('',(0.,0.,1.));
#12881 = ORIENTED_EDGE('',*,*,#6836,.F.);
#12882 = ORIENTED_EDGE('',*,*,#12876,.F.);
#12883 = CYLINDRICAL_SURFACE('',#12884,2.05);
#12884 = AXIS2_PLACEMENT_3D('',#12885,#12886,#12887);
#12885 = CARTESIAN_POINT('',(103.87,-50.4825,-4.6E-02));
#12886 = DIRECTION('',(-0.,-0.,-1.));
#12887 = DIRECTION('',(-0.,-1.,0.));
#12888 = ADVANCED_FACE('',(#12889),#12905,.F.);
#12889 = FACE_BOUND('',#12890,.T.);
#12890 = EDGE_LOOP('',(#12891,#12892,#12898,#12899));
#12891 = ORIENTED_EDGE('',*,*,#2460,.T.);
#12892 = ORIENTED_EDGE('',*,*,#12893,.T.);
#12893 = EDGE_CURVE('',#2463,#6850,#12894,.T.);
#12894 = LINE('',#12895,#12896);
#12895 = CARTESIAN_POINT('',(109.37,-51.4325,-4.6E-02));
#12896 = VECTOR('',#12897,1.);
#12897 = DIRECTION('',(0.,0.,1.));
#12898 = ORIENTED_EDGE('',*,*,#6847,.F.);
#12899 = ORIENTED_EDGE('',*,*,#12900,.T.);
#12900 = EDGE_CURVE('',#6848,#2461,#12901,.T.);
#12901 = LINE('',#12902,#12903);
#12902 = CARTESIAN_POINT('',(109.16,-49.55600121424,-4.6E-02));
#12903 = VECTOR('',#12904,1.);
#12904 = DIRECTION('',(-0.,-0.,-1.));
#12905 = CYLINDRICAL_SURFACE('',#12906,0.95);
#12906 = AXIS2_PLACEMENT_3D('',#12907,#12908,#12909);
#12907 = CARTESIAN_POINT('',(109.37,-50.4825,-4.6E-02));
#12908 = DIRECTION('',(-0.,-0.,-1.));
#12909 = DIRECTION('',(-0.,-1.,0.));
#12910 = ADVANCED_FACE('',(#12911),#12922,.F.);
#12911 = FACE_BOUND('',#12912,.T.);
#12912 = EDGE_LOOP('',(#12913,#12919,#12920,#12921));
#12913 = ORIENTED_EDGE('',*,*,#12914,.F.);
#12914 = EDGE_CURVE('',#2481,#6868,#12915,.T.);
#12915 = LINE('',#12916,#12917);
#12916 = CARTESIAN_POINT('',(108.95,-51.4325,-4.6E-02));
#12917 = VECTOR('',#12918,1.);
#12918 = DIRECTION('',(0.,0.,1.));
#12919 = ORIENTED_EDGE('',*,*,#2489,.T.);
#12920 = ORIENTED_EDGE('',*,*,#12900,.F.);
#12921 = ORIENTED_EDGE('',*,*,#6876,.F.);
#12922 = CYLINDRICAL_SURFACE('',#12923,0.95);
#12923 = AXIS2_PLACEMENT_3D('',#12924,#12925,#12926);
#12924 = CARTESIAN_POINT('',(108.95,-50.4825,-4.6E-02));
#12925 = DIRECTION('',(-0.,-0.,-1.));
#12926 = DIRECTION('',(-0.,-1.,0.));
#12927 = ADVANCED_FACE('',(#12928),#12939,.F.);
#12928 = FACE_BOUND('',#12929,.T.);
#12929 = EDGE_LOOP('',(#12930,#12931,#12932,#12933));
#12930 = ORIENTED_EDGE('',*,*,#2480,.T.);
#12931 = ORIENTED_EDGE('',*,*,#12914,.T.);
#12932 = ORIENTED_EDGE('',*,*,#6867,.F.);
#12933 = ORIENTED_EDGE('',*,*,#12934,.T.);
#12934 = EDGE_CURVE('',#6859,#2472,#12935,.T.);
#12935 = LINE('',#12936,#12937);
#12936 = CARTESIAN_POINT('',(109.16,-51.40899878575,-4.6E-02));
#12937 = VECTOR('',#12938,1.);
#12938 = DIRECTION('',(-0.,-0.,-1.));
#12939 = CYLINDRICAL_SURFACE('',#12940,0.95);
#12940 = AXIS2_PLACEMENT_3D('',#12941,#12942,#12943);
#12941 = CARTESIAN_POINT('',(108.95,-50.4825,-4.6E-02));
#12942 = DIRECTION('',(-0.,-0.,-1.));
#12943 = DIRECTION('',(-0.,-1.,0.));
#12944 = ADVANCED_FACE('',(#12945),#12951,.F.);
#12945 = FACE_BOUND('',#12946,.T.);
#12946 = EDGE_LOOP('',(#12947,#12948,#12949,#12950));
#12947 = ORIENTED_EDGE('',*,*,#12893,.F.);
#12948 = ORIENTED_EDGE('',*,*,#2471,.T.);
#12949 = ORIENTED_EDGE('',*,*,#12934,.F.);
#12950 = ORIENTED_EDGE('',*,*,#6858,.F.);
#12951 = CYLINDRICAL_SURFACE('',#12952,0.95);
#12952 = AXIS2_PLACEMENT_3D('',#12953,#12954,#12955);
#12953 = CARTESIAN_POINT('',(109.37,-50.4825,-4.6E-02));
#12954 = DIRECTION('',(-0.,-0.,-1.));
#12955 = DIRECTION('',(-0.,-1.,0.));
#12956 = ADVANCED_FACE('',(#12957),#12968,.F.);
#12957 = FACE_BOUND('',#12958,.T.);
#12958 = EDGE_LOOP('',(#12959,#12960,#12966,#12967));
#12959 = ORIENTED_EDGE('',*,*,#2498,.T.);
#12960 = ORIENTED_EDGE('',*,*,#12961,.T.);
#12961 = EDGE_CURVE('',#2499,#6886,#12962,.T.);
#12962 = LINE('',#12963,#12964);
#12963 = CARTESIAN_POINT('',(117.92,-52.825,-4.6E-02));
#12964 = VECTOR('',#12965,1.);
#12965 = DIRECTION('',(0.,0.,1.));
#12966 = ORIENTED_EDGE('',*,*,#6885,.F.);
#12967 = ORIENTED_EDGE('',*,*,#12961,.F.);
#12968 = CYLINDRICAL_SURFACE('',#12969,1.5);
#12969 = AXIS2_PLACEMENT_3D('',#12970,#12971,#12972);
#12970 = CARTESIAN_POINT('',(117.92,-51.325,-4.6E-02));
#12971 = DIRECTION('',(-0.,-0.,-1.));
#12972 = DIRECTION('',(-0.,-1.,0.));
#12973 = ADVANCED_FACE('',(#12974),#12985,.F.);
#12974 = FACE_BOUND('',#12975,.T.);
#12975 = EDGE_LOOP('',(#12976,#12977,#12983,#12984));
#12976 = ORIENTED_EDGE('',*,*,#2509,.T.);
#12977 = ORIENTED_EDGE('',*,*,#12978,.T.);
#12978 = EDGE_CURVE('',#2510,#6897,#12979,.T.);
#12979 = LINE('',#12980,#12981);
#12980 = CARTESIAN_POINT('',(57.2115,-47.1675,-4.6E-02));
#12981 = VECTOR('',#12982,1.);
#12982 = DIRECTION('',(0.,0.,1.));
#12983 = ORIENTED_EDGE('',*,*,#6896,.F.);
#12984 = ORIENTED_EDGE('',*,*,#12978,.F.);
#12985 = CYLINDRICAL_SURFACE('',#12986,0.4445);
#12986 = AXIS2_PLACEMENT_3D('',#12987,#12988,#12989);
#12987 = CARTESIAN_POINT('',(57.2115,-46.723,-4.6E-02));
#12988 = DIRECTION('',(-0.,-0.,-1.));
#12989 = DIRECTION('',(-0.,-1.,0.));
#12990 = ADVANCED_FACE('',(#12991),#13002,.F.);
#12991 = FACE_BOUND('',#12992,.T.);
#12992 = EDGE_LOOP('',(#12993,#12994,#13000,#13001));
#12993 = ORIENTED_EDGE('',*,*,#2520,.T.);
#12994 = ORIENTED_EDGE('',*,*,#12995,.T.);
#12995 = EDGE_CURVE('',#2521,#6908,#12996,.T.);
#12996 = LINE('',#12997,#12998);
#12997 = CARTESIAN_POINT('',(57.2115,-44.6275,-4.6E-02));
#12998 = VECTOR('',#12999,1.);
#12999 = DIRECTION('',(0.,0.,1.));
#13000 = ORIENTED_EDGE('',*,*,#6907,.F.);
#13001 = ORIENTED_EDGE('',*,*,#12995,.F.);
#13002 = CYLINDRICAL_SURFACE('',#13003,0.4445);
#13003 = AXIS2_PLACEMENT_3D('',#13004,#13005,#13006);
#13004 = CARTESIAN_POINT('',(57.2115,-44.183,-4.6E-02));
#13005 = DIRECTION('',(-0.,-0.,-1.));
#13006 = DIRECTION('',(-0.,-1.,0.));
#13007 = ADVANCED_FACE('',(#13008),#13019,.F.);
#13008 = FACE_BOUND('',#13009,.T.);
#13009 = EDGE_LOOP('',(#13010,#13011,#13017,#13018));
#13010 = ORIENTED_EDGE('',*,*,#2531,.T.);
#13011 = ORIENTED_EDGE('',*,*,#13012,.T.);
#13012 = EDGE_CURVE('',#2532,#6919,#13013,.T.);
#13013 = LINE('',#13014,#13015);
#13014 = CARTESIAN_POINT('',(72.4515,-47.1675,-4.6E-02));
#13015 = VECTOR('',#13016,1.);
#13016 = DIRECTION('',(0.,0.,1.));
#13017 = ORIENTED_EDGE('',*,*,#6918,.F.);
#13018 = ORIENTED_EDGE('',*,*,#13012,.F.);
#13019 = CYLINDRICAL_SURFACE('',#13020,0.4445);
#13020 = AXIS2_PLACEMENT_3D('',#13021,#13022,#13023);
#13021 = CARTESIAN_POINT('',(72.4515,-46.723,-4.6E-02));
#13022 = DIRECTION('',(-0.,-0.,-1.));
#13023 = DIRECTION('',(-3.197042680585E-14,-1.,0.));
#13024 = ADVANCED_FACE('',(#13025),#13036,.F.);
#13025 = FACE_BOUND('',#13026,.T.);
#13026 = EDGE_LOOP('',(#13027,#13028,#13034,#13035));
#13027 = ORIENTED_EDGE('',*,*,#2542,.T.);
#13028 = ORIENTED_EDGE('',*,*,#13029,.T.);
#13029 = EDGE_CURVE('',#2543,#6930,#13030,.T.);
#13030 = LINE('',#13031,#13032);
#13031 = CARTESIAN_POINT('',(72.4515,-44.6275,-4.6E-02));
#13032 = VECTOR('',#13033,1.);
#13033 = DIRECTION('',(0.,0.,1.));
#13034 = ORIENTED_EDGE('',*,*,#6929,.F.);
#13035 = ORIENTED_EDGE('',*,*,#13029,.F.);
#13036 = CYLINDRICAL_SURFACE('',#13037,0.4445);
#13037 = AXIS2_PLACEMENT_3D('',#13038,#13039,#13040);
#13038 = CARTESIAN_POINT('',(72.4515,-44.183,-4.6E-02));
#13039 = DIRECTION('',(-0.,-0.,-1.));
#13040 = DIRECTION('',(-3.197042680585E-14,-1.,0.));
#13041 = ADVANCED_FACE('',(#13042),#13053,.F.);
#13042 = FACE_BOUND('',#13043,.T.);
#13043 = EDGE_LOOP('',(#13044,#13045,#13051,#13052));
#13044 = ORIENTED_EDGE('',*,*,#2553,.T.);
#13045 = ORIENTED_EDGE('',*,*,#13046,.T.);
#13046 = EDGE_CURVE('',#2554,#6941,#13047,.T.);
#13047 = LINE('',#13048,#13049);
#13048 = CARTESIAN_POINT('',(57.2115,-42.0875,-4.6E-02));
#13049 = VECTOR('',#13050,1.);
#13050 = DIRECTION('',(0.,0.,1.));
#13051 = ORIENTED_EDGE('',*,*,#6940,.F.);
#13052 = ORIENTED_EDGE('',*,*,#13046,.F.);
#13053 = CYLINDRICAL_SURFACE('',#13054,0.4445);
#13054 = AXIS2_PLACEMENT_3D('',#13055,#13056,#13057);
#13055 = CARTESIAN_POINT('',(57.2115,-41.643,-4.6E-02));
#13056 = DIRECTION('',(-0.,-0.,-1.));
#13057 = DIRECTION('',(-0.,-1.,0.));
#13058 = ADVANCED_FACE('',(#13059),#13070,.F.);
#13059 = FACE_BOUND('',#13060,.T.);
#13060 = EDGE_LOOP('',(#13061,#13062,#13068,#13069));
#13061 = ORIENTED_EDGE('',*,*,#2564,.T.);
#13062 = ORIENTED_EDGE('',*,*,#13063,.T.);
#13063 = EDGE_CURVE('',#2565,#6952,#13064,.T.);
#13064 = LINE('',#13065,#13066);
#13065 = CARTESIAN_POINT('',(57.2115,-39.5475,-4.6E-02));
#13066 = VECTOR('',#13067,1.);
#13067 = DIRECTION('',(0.,0.,1.));
#13068 = ORIENTED_EDGE('',*,*,#6951,.F.);
#13069 = ORIENTED_EDGE('',*,*,#13063,.F.);
#13070 = CYLINDRICAL_SURFACE('',#13071,0.4445);
#13071 = AXIS2_PLACEMENT_3D('',#13072,#13073,#13074);
#13072 = CARTESIAN_POINT('',(57.2115,-39.103,-4.6E-02));
#13073 = DIRECTION('',(-0.,-0.,-1.));
#13074 = DIRECTION('',(-0.,-1.,0.));
#13075 = ADVANCED_FACE('',(#13076),#13092,.F.);
#13076 = FACE_BOUND('',#13077,.T.);
#13077 = EDGE_LOOP('',(#13078,#13084,#13085,#13091));
#13078 = ORIENTED_EDGE('',*,*,#13079,.T.);
#13079 = EDGE_CURVE('',#2576,#6963,#13080,.T.);
#13080 = LINE('',#13081,#13082);
#13081 = CARTESIAN_POINT('',(60.8315,-39.102999,0.));
#13082 = VECTOR('',#13083,1.);
#13083 = DIRECTION('',(0.,0.,1.));
#13084 = ORIENTED_EDGE('',*,*,#6962,.T.);
#13085 = ORIENTED_EDGE('',*,*,#13086,.F.);
#13086 = EDGE_CURVE('',#2578,#6965,#13087,.T.);
#13087 = LINE('',#13088,#13089);
#13088 = CARTESIAN_POINT('',(60.331501,-39.602999,0.));
#13089 = VECTOR('',#13090,1.);
#13090 = DIRECTION('',(0.,0.,1.));
#13091 = ORIENTED_EDGE('',*,*,#2575,.F.);
#13092 = CYLINDRICAL_SURFACE('',#13093,0.499999626462);
#13093 = AXIS2_PLACEMENT_3D('',#13094,#13095,#13096);
#13094 = CARTESIAN_POINT('',(60.831500626462,-39.60299862646,0.));
#13095 = DIRECTION('',(-0.,-0.,-1.));
#13096 = DIRECTION('',(-1.252924219376E-06,0.999999999999,0.));
#13097 = ADVANCED_FACE('',(#13098),#13109,.T.);
#13098 = FACE_BOUND('',#13099,.T.);
#13099 = EDGE_LOOP('',(#13100,#13101,#13102,#13108));
#13100 = ORIENTED_EDGE('',*,*,#13086,.T.);
#13101 = ORIENTED_EDGE('',*,*,#7076,.T.);
#13102 = ORIENTED_EDGE('',*,*,#13103,.F.);
#13103 = EDGE_CURVE('',#2681,#7068,#13104,.T.);
#13104 = LINE('',#13105,#13106);
#13105 = CARTESIAN_POINT('',(60.3315,-44.002999,0.));
#13106 = VECTOR('',#13107,1.);
#13107 = DIRECTION('',(0.,0.,1.));
#13108 = ORIENTED_EDGE('',*,*,#2689,.F.);
#13109 = PLANE('',#13110);
#13110 = AXIS2_PLACEMENT_3D('',#13111,#13112,#13113);
#13111 = CARTESIAN_POINT('',(60.331501,-39.602999,0.));
#13112 = DIRECTION('',(1.,-2.272727283138E-07,0.));
#13113 = DIRECTION('',(-2.272727283138E-07,-1.,0.));
#13114 = ADVANCED_FACE('',(#13115),#13126,.F.);
#13115 = FACE_BOUND('',#13116,.T.);
#13116 = EDGE_LOOP('',(#13117,#13118,#13119,#13125));
#13117 = ORIENTED_EDGE('',*,*,#13103,.T.);
#13118 = ORIENTED_EDGE('',*,*,#7067,.T.);
#13119 = ORIENTED_EDGE('',*,*,#13120,.F.);
#13120 = EDGE_CURVE('',#2673,#7060,#13121,.T.);
#13121 = LINE('',#13122,#13123);
#13122 = CARTESIAN_POINT('',(60.8315,-44.502999,0.));
#13123 = VECTOR('',#13124,1.);
#13124 = DIRECTION('',(0.,0.,1.));
#13125 = ORIENTED_EDGE('',*,*,#2680,.F.);
#13126 = CYLINDRICAL_SURFACE('',#13127,0.500001333575);
#13127 = AXIS2_PLACEMENT_3D('',#13128,#13129,#13130);
#13128 = CARTESIAN_POINT('',(60.831501333573,-44.00299766642,0.));
#13129 = DIRECTION('',(-0.,-0.,-1.));
#13130 = DIRECTION('',(-0.999999999996,-2.667139191042E-06,0.));
#13131 = ADVANCED_FACE('',(#13132),#13143,.T.);
#13132 = FACE_BOUND('',#13133,.T.);
#13133 = EDGE_LOOP('',(#13134,#13135,#13136,#13137));
#13134 = ORIENTED_EDGE('',*,*,#2672,.F.);
#13135 = ORIENTED_EDGE('',*,*,#13120,.T.);
#13136 = ORIENTED_EDGE('',*,*,#7059,.T.);
#13137 = ORIENTED_EDGE('',*,*,#13138,.T.);
#13138 = EDGE_CURVE('',#7051,#2664,#13139,.T.);
#13139 = LINE('',#13140,#13141);
#13140 = CARTESIAN_POINT('',(63.351592762859,-44.502999,-4.6E-02));
#13141 = VECTOR('',#13142,1.);
#13142 = DIRECTION('',(-0.,-0.,-1.));
#13143 = PLANE('',#13144);
#13144 = AXIS2_PLACEMENT_3D('',#13145,#13146,#13147);
#13145 = CARTESIAN_POINT('',(60.8315,-44.502999,0.));
#13146 = DIRECTION('',(0.,1.,0.));
#13147 = DIRECTION('',(1.,0.,0.));
#13148 = ADVANCED_FACE('',(#13149),#13160,.F.);
#13149 = FACE_BOUND('',#13150,.T.);
#13150 = EDGE_LOOP('',(#13151,#13157,#13158,#13159));
#13151 = ORIENTED_EDGE('',*,*,#13152,.F.);
#13152 = EDGE_CURVE('',#2655,#7042,#13153,.T.);
#13153 = LINE('',#13154,#13155);
#13154 = CARTESIAN_POINT('',(63.837512,-45.120823,-4.6E-02));
#13155 = VECTOR('',#13156,1.);
#13156 = DIRECTION('',(0.,0.,1.));
#13157 = ORIENTED_EDGE('',*,*,#2663,.T.);
#13158 = ORIENTED_EDGE('',*,*,#13138,.F.);
#13159 = ORIENTED_EDGE('',*,*,#7050,.F.);
#13160 = CYLINDRICAL_SURFACE('',#13161,0.5);
#13161 = AXIS2_PLACEMENT_3D('',#13162,#13163,#13164);
#13162 = CARTESIAN_POINT('',(63.837512,-44.620823,-4.6E-02));
#13163 = DIRECTION('',(-0.,-0.,-1.));
#13164 = DIRECTION('',(-1.42108547152E-14,-1.,0.));
#13165 = ADVANCED_FACE('',(#13166),#13177,.F.);
#13166 = FACE_BOUND('',#13167,.T.);
#13167 = EDGE_LOOP('',(#13168,#13169,#13170,#13171));
#13168 = ORIENTED_EDGE('',*,*,#2654,.T.);
#13169 = ORIENTED_EDGE('',*,*,#13152,.T.);
#13170 = ORIENTED_EDGE('',*,*,#7041,.F.);
#13171 = ORIENTED_EDGE('',*,*,#13172,.T.);
#13172 = EDGE_CURVE('',#7034,#2647,#13173,.T.);
#13173 = LINE('',#13174,#13175);
#13174 = CARTESIAN_POINT('',(64.323431237141,-44.502999,-4.6E-02));
#13175 = VECTOR('',#13176,1.);
#13176 = DIRECTION('',(-0.,-0.,-1.));
#13177 = CYLINDRICAL_SURFACE('',#13178,0.5);
#13178 = AXIS2_PLACEMENT_3D('',#13179,#13180,#13181);
#13179 = CARTESIAN_POINT('',(63.837512,-44.620823,-4.6E-02));
#13180 = DIRECTION('',(-0.,-0.,-1.));
#13181 = DIRECTION('',(-1.42108547152E-14,-1.,0.));
#13182 = ADVANCED_FACE('',(#13183),#13194,.T.);
#13183 = FACE_BOUND('',#13184,.T.);
#13184 = EDGE_LOOP('',(#13185,#13186,#13187,#13188));
#13185 = ORIENTED_EDGE('',*,*,#2646,.F.);
#13186 = ORIENTED_EDGE('',*,*,#13172,.F.);
#13187 = ORIENTED_EDGE('',*,*,#7033,.T.);
#13188 = ORIENTED_EDGE('',*,*,#13189,.T.);
#13189 = EDGE_CURVE('',#7025,#2638,#13190,.T.);
#13190 = LINE('',#13191,#13192);
#13191 = CARTESIAN_POINT('',(65.351592762859,-44.502999,-4.6E-02));
#13192 = VECTOR('',#13193,1.);
#13193 = DIRECTION('',(-0.,-0.,-1.));
#13194 = PLANE('',#13195);
#13195 = AXIS2_PLACEMENT_3D('',#13196,#13197,#13198);
#13196 = CARTESIAN_POINT('',(60.8315,-44.502999,0.));
#13197 = DIRECTION('',(0.,1.,0.));
#13198 = DIRECTION('',(1.,0.,0.));
#13199 = ADVANCED_FACE('',(#13200),#13211,.F.);
#13200 = FACE_BOUND('',#13201,.T.);
#13201 = EDGE_LOOP('',(#13202,#13208,#13209,#13210));
#13202 = ORIENTED_EDGE('',*,*,#13203,.F.);
#13203 = EDGE_CURVE('',#2629,#7016,#13204,.T.);
#13204 = LINE('',#13205,#13206);
#13205 = CARTESIAN_POINT('',(65.837512,-45.120823,-4.6E-02));
#13206 = VECTOR('',#13207,1.);
#13207 = DIRECTION('',(0.,0.,1.));
#13208 = ORIENTED_EDGE('',*,*,#2637,.T.);
#13209 = ORIENTED_EDGE('',*,*,#13189,.F.);
#13210 = ORIENTED_EDGE('',*,*,#7024,.F.);
#13211 = CYLINDRICAL_SURFACE('',#13212,0.5);
#13212 = AXIS2_PLACEMENT_3D('',#13213,#13214,#13215);
#13213 = CARTESIAN_POINT('',(65.837512,-44.620823,-4.6E-02));
#13214 = DIRECTION('',(-0.,-0.,-1.));
#13215 = DIRECTION('',(-0.,-1.,0.));
#13216 = ADVANCED_FACE('',(#13217),#13228,.F.);
#13217 = FACE_BOUND('',#13218,.T.);
#13218 = EDGE_LOOP('',(#13219,#13220,#13221,#13222));
#13219 = ORIENTED_EDGE('',*,*,#2628,.T.);
#13220 = ORIENTED_EDGE('',*,*,#13203,.T.);
#13221 = ORIENTED_EDGE('',*,*,#7015,.F.);
#13222 = ORIENTED_EDGE('',*,*,#13223,.T.);
#13223 = EDGE_CURVE('',#7008,#2621,#13224,.T.);
#13224 = LINE('',#13225,#13226);
#13225 = CARTESIAN_POINT('',(66.323431237141,-44.502999,-4.6E-02));
#13226 = VECTOR('',#13227,1.);
#13227 = DIRECTION('',(-0.,-0.,-1.));
#13228 = CYLINDRICAL_SURFACE('',#13229,0.5);
#13229 = AXIS2_PLACEMENT_3D('',#13230,#13231,#13232);
#13230 = CARTESIAN_POINT('',(65.837512,-44.620823,-4.6E-02));
#13231 = DIRECTION('',(-0.,-0.,-1.));
#13232 = DIRECTION('',(-0.,-1.,0.));
#13233 = ADVANCED_FACE('',(#13234),#13245,.T.);
#13234 = FACE_BOUND('',#13235,.T.);
#13235 = EDGE_LOOP('',(#13236,#13237,#13238,#13239));
#13236 = ORIENTED_EDGE('',*,*,#2620,.F.);
#13237 = ORIENTED_EDGE('',*,*,#13223,.F.);
#13238 = ORIENTED_EDGE('',*,*,#7007,.T.);
#13239 = ORIENTED_EDGE('',*,*,#13240,.F.);
#13240 = EDGE_CURVE('',#2612,#6999,#13241,.T.);
#13241 = LINE('',#13242,#13243);
#13242 = CARTESIAN_POINT('',(68.8315,-44.502999,0.));
#13243 = VECTOR('',#13244,1.);
#13244 = DIRECTION('',(0.,0.,1.));
#13245 = PLANE('',#13246);
#13246 = AXIS2_PLACEMENT_3D('',#13247,#13248,#13249);
#13247 = CARTESIAN_POINT('',(60.8315,-44.502999,0.));
#13248 = DIRECTION('',(0.,1.,0.));
#13249 = DIRECTION('',(1.,0.,0.));
#13250 = ADVANCED_FACE('',(#13251),#13262,.F.);
#13251 = FACE_BOUND('',#13252,.T.);
#13252 = EDGE_LOOP('',(#13253,#13254,#13255,#13261));
#13253 = ORIENTED_EDGE('',*,*,#13240,.T.);
#13254 = ORIENTED_EDGE('',*,*,#6998,.T.);
#13255 = ORIENTED_EDGE('',*,*,#13256,.F.);
#13256 = EDGE_CURVE('',#2604,#6991,#13257,.T.);
#13257 = LINE('',#13258,#13259);
#13258 = CARTESIAN_POINT('',(69.331499,-44.003,0.));
#13259 = VECTOR('',#13260,1.);
#13260 = DIRECTION('',(0.,0.,1.));
#13261 = ORIENTED_EDGE('',*,*,#2611,.F.);
#13262 = CYLINDRICAL_SURFACE('',#13263,0.499997919359);
#13263 = AXIS2_PLACEMENT_3D('',#13264,#13265,#13266);
#13264 = CARTESIAN_POINT('',(68.831501080642,-44.00300108064,0.));
#13265 = DIRECTION('',(-0.,-0.,-1.));
#13266 = DIRECTION('',(-2.161292725286E-06,-0.999999999998,0.));
#13267 = ADVANCED_FACE('',(#13268),#13279,.T.);
#13268 = FACE_BOUND('',#13269,.T.);
#13269 = EDGE_LOOP('',(#13270,#13271,#13272,#13278));
#13270 = ORIENTED_EDGE('',*,*,#13256,.T.);
#13271 = ORIENTED_EDGE('',*,*,#6990,.T.);
#13272 = ORIENTED_EDGE('',*,*,#13273,.F.);
#13273 = EDGE_CURVE('',#2595,#6982,#13274,.T.);
#13274 = LINE('',#13275,#13276);
#13275 = CARTESIAN_POINT('',(69.331499,-39.603,0.));
#13276 = VECTOR('',#13277,1.);
#13277 = DIRECTION('',(0.,0.,1.));
#13278 = ORIENTED_EDGE('',*,*,#2603,.F.);
#13279 = PLANE('',#13280);
#13280 = AXIS2_PLACEMENT_3D('',#13281,#13282,#13283);
#13281 = CARTESIAN_POINT('',(69.331499,-44.003,0.));
#13282 = DIRECTION('',(-1.,0.,0.));
#13283 = DIRECTION('',(0.,1.,0.));
#13284 = ADVANCED_FACE('',(#13285),#13296,.F.);
#13285 = FACE_BOUND('',#13286,.T.);
#13286 = EDGE_LOOP('',(#13287,#13288,#13289,#13295));
#13287 = ORIENTED_EDGE('',*,*,#13273,.T.);
#13288 = ORIENTED_EDGE('',*,*,#6981,.T.);
#13289 = ORIENTED_EDGE('',*,*,#13290,.F.);
#13290 = EDGE_CURVE('',#2587,#6974,#13291,.T.);
#13291 = LINE('',#13292,#13293);
#13292 = CARTESIAN_POINT('',(68.8315,-39.103,0.));
#13293 = VECTOR('',#13294,1.);
#13294 = DIRECTION('',(0.,0.,1.));
#13295 = ORIENTED_EDGE('',*,*,#2594,.F.);
#13296 = CYLINDRICAL_SURFACE('',#13297,0.499999626462);
#13297 = AXIS2_PLACEMENT_3D('',#13298,#13299,#13300);
#13298 = CARTESIAN_POINT('',(68.831499373538,-39.60299962646,0.));
#13299 = DIRECTION('',(-0.,-0.,-1.));
#13300 = DIRECTION('',(1.,-7.470777813197E-07,0.));
#13301 = ADVANCED_FACE('',(#13302),#13308,.T.);
#13302 = FACE_BOUND('',#13303,.T.);
#13303 = EDGE_LOOP('',(#13304,#13305,#13306,#13307));
#13304 = ORIENTED_EDGE('',*,*,#13290,.T.);
#13305 = ORIENTED_EDGE('',*,*,#6973,.T.);
#13306 = ORIENTED_EDGE('',*,*,#13079,.F.);
#13307 = ORIENTED_EDGE('',*,*,#2586,.F.);
#13308 = PLANE('',#13309);
#13309 = AXIS2_PLACEMENT_3D('',#13310,#13311,#13312);
#13310 = CARTESIAN_POINT('',(68.8315,-39.103,0.));
#13311 = DIRECTION('',(-1.250000005726E-07,-1.,0.));
#13312 = DIRECTION('',(-1.,1.250000005726E-07,0.));
#13313 = ADVANCED_FACE('',(#13314),#13325,.F.);
#13314 = FACE_BOUND('',#13315,.T.);
#13315 = EDGE_LOOP('',(#13316,#13317,#13323,#13324));
#13316 = ORIENTED_EDGE('',*,*,#2697,.T.);
#13317 = ORIENTED_EDGE('',*,*,#13318,.T.);
#13318 = EDGE_CURVE('',#2698,#7085,#13319,.T.);
#13319 = LINE('',#13320,#13321);
#13320 = CARTESIAN_POINT('',(57.2115,-37.0075,-4.6E-02));
#13321 = VECTOR('',#13322,1.);
#13322 = DIRECTION('',(0.,0.,1.));
#13323 = ORIENTED_EDGE('',*,*,#7084,.F.);
#13324 = ORIENTED_EDGE('',*,*,#13318,.F.);
#13325 = CYLINDRICAL_SURFACE('',#13326,0.4445);
#13326 = AXIS2_PLACEMENT_3D('',#13327,#13328,#13329);
#13327 = CARTESIAN_POINT('',(57.2115,-36.563,-4.6E-02));
#13328 = DIRECTION('',(-0.,-0.,-1.));
#13329 = DIRECTION('',(-0.,-1.,0.));
#13330 = ADVANCED_FACE('',(#13331),#13342,.F.);
#13331 = FACE_BOUND('',#13332,.T.);
#13332 = EDGE_LOOP('',(#13333,#13334,#13340,#13341));
#13333 = ORIENTED_EDGE('',*,*,#2708,.T.);
#13334 = ORIENTED_EDGE('',*,*,#13335,.T.);
#13335 = EDGE_CURVE('',#2709,#7096,#13336,.T.);
#13336 = LINE('',#13337,#13338);
#13337 = CARTESIAN_POINT('',(72.4515,-42.0875,-4.6E-02));
#13338 = VECTOR('',#13339,1.);
#13339 = DIRECTION('',(0.,0.,1.));
#13340 = ORIENTED_EDGE('',*,*,#7095,.F.);
#13341 = ORIENTED_EDGE('',*,*,#13335,.F.);
#13342 = CYLINDRICAL_SURFACE('',#13343,0.4445);
#13343 = AXIS2_PLACEMENT_3D('',#13344,#13345,#13346);
#13344 = CARTESIAN_POINT('',(72.4515,-41.643,-4.6E-02));
#13345 = DIRECTION('',(-0.,-0.,-1.));
#13346 = DIRECTION('',(-3.197042680585E-14,-1.,0.));
#13347 = ADVANCED_FACE('',(#13348),#13359,.F.);
#13348 = FACE_BOUND('',#13349,.T.);
#13349 = EDGE_LOOP('',(#13350,#13351,#13357,#13358));
#13350 = ORIENTED_EDGE('',*,*,#2719,.T.);
#13351 = ORIENTED_EDGE('',*,*,#13352,.T.);
#13352 = EDGE_CURVE('',#2720,#7107,#13353,.T.);
#13353 = LINE('',#13354,#13355);
#13354 = CARTESIAN_POINT('',(72.4515,-39.5475,-4.6E-02));
#13355 = VECTOR('',#13356,1.);
#13356 = DIRECTION('',(0.,0.,1.));
#13357 = ORIENTED_EDGE('',*,*,#7106,.F.);
#13358 = ORIENTED_EDGE('',*,*,#13352,.F.);
#13359 = CYLINDRICAL_SURFACE('',#13360,0.4445);
#13360 = AXIS2_PLACEMENT_3D('',#13361,#13362,#13363);
#13361 = CARTESIAN_POINT('',(72.4515,-39.103,-4.6E-02));
#13362 = DIRECTION('',(-0.,-0.,-1.));
#13363 = DIRECTION('',(-3.197042680585E-14,-1.,0.));
#13364 = ADVANCED_FACE('',(#13365),#13376,.F.);
#13365 = FACE_BOUND('',#13366,.T.);
#13366 = EDGE_LOOP('',(#13367,#13368,#13374,#13375));
#13367 = ORIENTED_EDGE('',*,*,#2730,.T.);
#13368 = ORIENTED_EDGE('',*,*,#13369,.T.);
#13369 = EDGE_CURVE('',#2731,#7118,#13370,.T.);
#13370 = LINE('',#13371,#13372);
#13371 = CARTESIAN_POINT('',(72.4515,-37.0075,-4.6E-02));
#13372 = VECTOR('',#13373,1.);
#13373 = DIRECTION('',(0.,0.,1.));
#13374 = ORIENTED_EDGE('',*,*,#7117,.F.);
#13375 = ORIENTED_EDGE('',*,*,#13369,.F.);
#13376 = CYLINDRICAL_SURFACE('',#13377,0.4445);
#13377 = AXIS2_PLACEMENT_3D('',#13378,#13379,#13380);
#13378 = CARTESIAN_POINT('',(72.4515,-36.563,-4.6E-02));
#13379 = DIRECTION('',(-0.,-0.,-1.));
#13380 = DIRECTION('',(-3.197042680585E-14,-1.,0.));
#13381 = ADVANCED_FACE('',(#13382),#13393,.F.);
#13382 = FACE_BOUND('',#13383,.T.);
#13383 = EDGE_LOOP('',(#13384,#13385,#13391,#13392));
#13384 = ORIENTED_EDGE('',*,*,#2741,.T.);
#13385 = ORIENTED_EDGE('',*,*,#13386,.T.);
#13386 = EDGE_CURVE('',#2742,#7129,#13387,.T.);
#13387 = LINE('',#13388,#13389);
#13388 = CARTESIAN_POINT('',(79.82,-40.4425,-4.6E-02));
#13389 = VECTOR('',#13390,1.);
#13390 = DIRECTION('',(0.,0.,1.));
#13391 = ORIENTED_EDGE('',*,*,#7128,.F.);
#13392 = ORIENTED_EDGE('',*,*,#13386,.F.);
#13393 = CYLINDRICAL_SURFACE('',#13394,1.5);
#13394 = AXIS2_PLACEMENT_3D('',#13395,#13396,#13397);
#13395 = CARTESIAN_POINT('',(79.82,-38.9425,-4.6E-02));
#13396 = DIRECTION('',(-0.,-0.,-1.));
#13397 = DIRECTION('',(-0.,-1.,0.));
#13398 = ADVANCED_FACE('',(#13399),#13410,.F.);
#13399 = FACE_BOUND('',#13400,.T.);
#13400 = EDGE_LOOP('',(#13401,#13402,#13408,#13409));
#13401 = ORIENTED_EDGE('',*,*,#2752,.T.);
#13402 = ORIENTED_EDGE('',*,*,#13403,.T.);
#13403 = EDGE_CURVE('',#2753,#7140,#13404,.T.);
#13404 = LINE('',#13405,#13406);
#13405 = CARTESIAN_POINT('',(84.82,-42.6425,-4.6E-02));
#13406 = VECTOR('',#13407,1.);
#13407 = DIRECTION('',(0.,0.,1.));
#13408 = ORIENTED_EDGE('',*,*,#7139,.F.);
#13409 = ORIENTED_EDGE('',*,*,#13403,.F.);
#13410 = CYLINDRICAL_SURFACE('',#13411,1.5);
#13411 = AXIS2_PLACEMENT_3D('',#13412,#13413,#13414);
#13412 = CARTESIAN_POINT('',(84.82,-41.1425,-4.6E-02));
#13413 = DIRECTION('',(-0.,-0.,-1.));
#13414 = DIRECTION('',(-0.,-1.,0.));
#13415 = ADVANCED_FACE('',(#13416),#13427,.F.);
#13416 = FACE_BOUND('',#13417,.T.);
#13417 = EDGE_LOOP('',(#13418,#13419,#13425,#13426));
#13418 = ORIENTED_EDGE('',*,*,#2763,.T.);
#13419 = ORIENTED_EDGE('',*,*,#13420,.T.);
#13420 = EDGE_CURVE('',#2764,#7151,#13421,.T.);
#13421 = LINE('',#13422,#13423);
#13422 = CARTESIAN_POINT('',(57.2115,-34.4675,-4.6E-02));
#13423 = VECTOR('',#13424,1.);
#13424 = DIRECTION('',(0.,0.,1.));
#13425 = ORIENTED_EDGE('',*,*,#7150,.F.);
#13426 = ORIENTED_EDGE('',*,*,#13420,.F.);
#13427 = CYLINDRICAL_SURFACE('',#13428,0.4445);
#13428 = AXIS2_PLACEMENT_3D('',#13429,#13430,#13431);
#13429 = CARTESIAN_POINT('',(57.2115,-34.023,-4.6E-02));
#13430 = DIRECTION('',(-0.,-0.,-1.));
#13431 = DIRECTION('',(-0.,-1.,0.));
#13432 = ADVANCED_FACE('',(#13433),#13444,.F.);
#13433 = FACE_BOUND('',#13434,.T.);
#13434 = EDGE_LOOP('',(#13435,#13436,#13442,#13443));
#13435 = ORIENTED_EDGE('',*,*,#2774,.T.);
#13436 = ORIENTED_EDGE('',*,*,#13437,.T.);
#13437 = EDGE_CURVE('',#2775,#7162,#13438,.T.);
#13438 = LINE('',#13439,#13440);
#13439 = CARTESIAN_POINT('',(57.2115,-31.9275,-4.6E-02));
#13440 = VECTOR('',#13441,1.);
#13441 = DIRECTION('',(0.,0.,1.));
#13442 = ORIENTED_EDGE('',*,*,#7161,.F.);
#13443 = ORIENTED_EDGE('',*,*,#13437,.F.);
#13444 = CYLINDRICAL_SURFACE('',#13445,0.4445);
#13445 = AXIS2_PLACEMENT_3D('',#13446,#13447,#13448);
#13446 = CARTESIAN_POINT('',(57.2115,-31.483,-4.6E-02));
#13447 = DIRECTION('',(-0.,-0.,-1.));
#13448 = DIRECTION('',(-0.,-1.,0.));
#13449 = ADVANCED_FACE('',(#13450),#13461,.F.);
#13450 = FACE_BOUND('',#13451,.T.);
#13451 = EDGE_LOOP('',(#13452,#13453,#13459,#13460));
#13452 = ORIENTED_EDGE('',*,*,#2785,.T.);
#13453 = ORIENTED_EDGE('',*,*,#13454,.T.);
#13454 = EDGE_CURVE('',#2786,#7173,#13455,.T.);
#13455 = LINE('',#13456,#13457);
#13456 = CARTESIAN_POINT('',(72.4515,-34.4675,-4.6E-02));
#13457 = VECTOR('',#13458,1.);
#13458 = DIRECTION('',(0.,0.,1.));
#13459 = ORIENTED_EDGE('',*,*,#7172,.F.);
#13460 = ORIENTED_EDGE('',*,*,#13454,.F.);
#13461 = CYLINDRICAL_SURFACE('',#13462,0.4445);
#13462 = AXIS2_PLACEMENT_3D('',#13463,#13464,#13465);
#13463 = CARTESIAN_POINT('',(72.4515,-34.023,-4.6E-02));
#13464 = DIRECTION('',(-0.,-0.,-1.));
#13465 = DIRECTION('',(-3.197042680585E-14,-1.,0.));
#13466 = ADVANCED_FACE('',(#13467),#13478,.F.);
#13467 = FACE_BOUND('',#13468,.T.);
#13468 = EDGE_LOOP('',(#13469,#13470,#13476,#13477));
#13469 = ORIENTED_EDGE('',*,*,#2796,.T.);
#13470 = ORIENTED_EDGE('',*,*,#13471,.T.);
#13471 = EDGE_CURVE('',#2797,#7184,#13472,.T.);
#13472 = LINE('',#13473,#13474);
#13473 = CARTESIAN_POINT('',(72.4515,-31.9275,-4.6E-02));
#13474 = VECTOR('',#13475,1.);
#13475 = DIRECTION('',(0.,0.,1.));
#13476 = ORIENTED_EDGE('',*,*,#7183,.F.);
#13477 = ORIENTED_EDGE('',*,*,#13471,.F.);
#13478 = CYLINDRICAL_SURFACE('',#13479,0.4445);
#13479 = AXIS2_PLACEMENT_3D('',#13480,#13481,#13482);
#13480 = CARTESIAN_POINT('',(72.4515,-31.483,-4.6E-02));
#13481 = DIRECTION('',(-0.,-0.,-1.));
#13482 = DIRECTION('',(-3.197042680585E-14,-1.,0.));
#13483 = ADVANCED_FACE('',(#13484),#13500,.F.);
#13484 = FACE_BOUND('',#13485,.T.);
#13485 = EDGE_LOOP('',(#13486,#13487,#13493,#13494));
#13486 = ORIENTED_EDGE('',*,*,#2807,.T.);
#13487 = ORIENTED_EDGE('',*,*,#13488,.T.);
#13488 = EDGE_CURVE('',#2810,#7197,#13489,.T.);
#13489 = LINE('',#13490,#13491);
#13490 = CARTESIAN_POINT('',(79.74,-36.1925,-4.6E-02));
#13491 = VECTOR('',#13492,1.);
#13492 = DIRECTION('',(0.,0.,1.));
#13493 = ORIENTED_EDGE('',*,*,#7194,.F.);
#13494 = ORIENTED_EDGE('',*,*,#13495,.T.);
#13495 = EDGE_CURVE('',#7195,#2808,#13496,.T.);
#13496 = LINE('',#13497,#13498);
#13497 = CARTESIAN_POINT('',(79.53,-34.31600121424,-4.6E-02));
#13498 = VECTOR('',#13499,1.);
#13499 = DIRECTION('',(-0.,-0.,-1.));
#13500 = CYLINDRICAL_SURFACE('',#13501,0.95);
#13501 = AXIS2_PLACEMENT_3D('',#13502,#13503,#13504);
#13502 = CARTESIAN_POINT('',(79.74,-35.2425,-4.6E-02));
#13503 = DIRECTION('',(-0.,-0.,-1.));
#13504 = DIRECTION('',(-1.495879443705E-14,-1.,0.));
#13505 = ADVANCED_FACE('',(#13506),#13517,.F.);
#13506 = FACE_BOUND('',#13507,.T.);
#13507 = EDGE_LOOP('',(#13508,#13514,#13515,#13516));
#13508 = ORIENTED_EDGE('',*,*,#13509,.F.);
#13509 = EDGE_CURVE('',#2828,#7215,#13510,.T.);
#13510 = LINE('',#13511,#13512);
#13511 = CARTESIAN_POINT('',(79.32,-36.1925,-4.6E-02));
#13512 = VECTOR('',#13513,1.);
#13513 = DIRECTION('',(0.,0.,1.));
#13514 = ORIENTED_EDGE('',*,*,#2836,.T.);
#13515 = ORIENTED_EDGE('',*,*,#13495,.F.);
#13516 = ORIENTED_EDGE('',*,*,#7223,.F.);
#13517 = CYLINDRICAL_SURFACE('',#13518,0.95);
#13518 = AXIS2_PLACEMENT_3D('',#13519,#13520,#13521);
#13519 = CARTESIAN_POINT('',(79.32,-35.2425,-4.6E-02));
#13520 = DIRECTION('',(-0.,-0.,-1.));
#13521 = DIRECTION('',(-0.,-1.,0.));
#13522 = ADVANCED_FACE('',(#13523),#13534,.F.);
#13523 = FACE_BOUND('',#13524,.T.);
#13524 = EDGE_LOOP('',(#13525,#13526,#13527,#13528));
#13525 = ORIENTED_EDGE('',*,*,#2827,.T.);
#13526 = ORIENTED_EDGE('',*,*,#13509,.T.);
#13527 = ORIENTED_EDGE('',*,*,#7214,.F.);
#13528 = ORIENTED_EDGE('',*,*,#13529,.T.);
#13529 = EDGE_CURVE('',#7206,#2819,#13530,.T.);
#13530 = LINE('',#13531,#13532);
#13531 = CARTESIAN_POINT('',(79.53,-36.16899878575,-4.6E-02));
#13532 = VECTOR('',#13533,1.);
#13533 = DIRECTION('',(-0.,-0.,-1.));
#13534 = CYLINDRICAL_SURFACE('',#13535,0.95);
#13535 = AXIS2_PLACEMENT_3D('',#13536,#13537,#13538);
#13536 = CARTESIAN_POINT('',(79.32,-35.2425,-4.6E-02));
#13537 = DIRECTION('',(-0.,-0.,-1.));
#13538 = DIRECTION('',(-0.,-1.,0.));
#13539 = ADVANCED_FACE('',(#13540),#13546,.F.);
#13540 = FACE_BOUND('',#13541,.T.);
#13541 = EDGE_LOOP('',(#13542,#13543,#13544,#13545));
#13542 = ORIENTED_EDGE('',*,*,#13488,.F.);
#13543 = ORIENTED_EDGE('',*,*,#2818,.T.);
#13544 = ORIENTED_EDGE('',*,*,#13529,.F.);
#13545 = ORIENTED_EDGE('',*,*,#7205,.F.);
#13546 = CYLINDRICAL_SURFACE('',#13547,0.95);
#13547 = AXIS2_PLACEMENT_3D('',#13548,#13549,#13550);
#13548 = CARTESIAN_POINT('',(79.74,-35.2425,-4.6E-02));
#13549 = DIRECTION('',(-0.,-0.,-1.));
#13550 = DIRECTION('',(-1.495879443705E-14,-1.,0.));
#13551 = ADVANCED_FACE('',(#13552),#13563,.F.);
#13552 = FACE_BOUND('',#13553,.T.);
#13553 = EDGE_LOOP('',(#13554,#13555,#13561,#13562));
#13554 = ORIENTED_EDGE('',*,*,#2845,.T.);
#13555 = ORIENTED_EDGE('',*,*,#13556,.T.);
#13556 = EDGE_CURVE('',#2846,#7233,#13557,.T.);
#13557 = LINE('',#13558,#13559);
#13558 = CARTESIAN_POINT('',(81.01,-34.2025,-4.6E-02));
#13559 = VECTOR('',#13560,1.);
#13560 = DIRECTION('',(0.,0.,1.));
#13561 = ORIENTED_EDGE('',*,*,#7232,.F.);
#13562 = ORIENTED_EDGE('',*,*,#13556,.F.);
#13563 = CYLINDRICAL_SURFACE('',#13564,1.5);
#13564 = AXIS2_PLACEMENT_3D('',#13565,#13566,#13567);
#13565 = CARTESIAN_POINT('',(81.01,-32.7025,-4.6E-02));
#13566 = DIRECTION('',(-0.,-0.,-1.));
#13567 = DIRECTION('',(-0.,-1.,0.));
#13568 = ADVANCED_FACE('',(#13569),#13580,.F.);
#13569 = FACE_BOUND('',#13570,.T.);
#13570 = EDGE_LOOP('',(#13571,#13572,#13578,#13579));
#13571 = ORIENTED_EDGE('',*,*,#2856,.T.);
#13572 = ORIENTED_EDGE('',*,*,#13573,.T.);
#13573 = EDGE_CURVE('',#2857,#7244,#13574,.T.);
#13574 = LINE('',#13575,#13576);
#13575 = CARTESIAN_POINT('',(84.82,-37.2925,-4.6E-02));
#13576 = VECTOR('',#13577,1.);
#13577 = DIRECTION('',(0.,0.,1.));
#13578 = ORIENTED_EDGE('',*,*,#7243,.F.);
#13579 = ORIENTED_EDGE('',*,*,#13573,.F.);
#13580 = CYLINDRICAL_SURFACE('',#13581,2.05);
#13581 = AXIS2_PLACEMENT_3D('',#13582,#13583,#13584);
#13582 = CARTESIAN_POINT('',(84.82,-35.2425,-4.6E-02));
#13583 = DIRECTION('',(-0.,-0.,-1.));
#13584 = DIRECTION('',(-0.,-1.,0.));
#13585 = ADVANCED_FACE('',(#13586),#13597,.F.);
#13586 = FACE_BOUND('',#13587,.T.);
#13587 = EDGE_LOOP('',(#13588,#13589,#13595,#13596));
#13588 = ORIENTED_EDGE('',*,*,#2867,.T.);
#13589 = ORIENTED_EDGE('',*,*,#13590,.T.);
#13590 = EDGE_CURVE('',#2868,#7255,#13591,.T.);
#13591 = LINE('',#13592,#13593);
#13592 = CARTESIAN_POINT('',(87.36,-31.6625,-4.6E-02));
#13593 = VECTOR('',#13594,1.);
#13594 = DIRECTION('',(0.,0.,1.));
#13595 = ORIENTED_EDGE('',*,*,#7254,.F.);
#13596 = ORIENTED_EDGE('',*,*,#13590,.F.);
#13597 = CYLINDRICAL_SURFACE('',#13598,1.5);
#13598 = AXIS2_PLACEMENT_3D('',#13599,#13600,#13601);
#13599 = CARTESIAN_POINT('',(87.36,-30.1625,-4.6E-02));
#13600 = DIRECTION('',(-0.,-0.,-1.));
#13601 = DIRECTION('',(-0.,-1.,0.));
#13602 = ADVANCED_FACE('',(#13603),#13614,.F.);
#13603 = FACE_BOUND('',#13604,.T.);
#13604 = EDGE_LOOP('',(#13605,#13606,#13612,#13613));
#13605 = ORIENTED_EDGE('',*,*,#2878,.T.);
#13606 = ORIENTED_EDGE('',*,*,#13607,.T.);
#13607 = EDGE_CURVE('',#2879,#7266,#13608,.T.);
#13608 = LINE('',#13609,#13610);
#13609 = CARTESIAN_POINT('',(100.06,-49.4425,-4.6E-02));
#13610 = VECTOR('',#13611,1.);
#13611 = DIRECTION('',(0.,0.,1.));
#13612 = ORIENTED_EDGE('',*,*,#7265,.F.);
#13613 = ORIENTED_EDGE('',*,*,#13607,.F.);
#13614 = CYLINDRICAL_SURFACE('',#13615,1.5);
#13615 = AXIS2_PLACEMENT_3D('',#13616,#13617,#13618);
#13616 = CARTESIAN_POINT('',(100.06,-47.9425,-4.6E-02));
#13617 = DIRECTION('',(-0.,-0.,-1.));
#13618 = DIRECTION('',(-0.,-1.,0.));
#13619 = ADVANCED_FACE('',(#13620),#13631,.F.);
#13620 = FACE_BOUND('',#13621,.T.);
#13621 = EDGE_LOOP('',(#13622,#13623,#13629,#13630));
#13622 = ORIENTED_EDGE('',*,*,#2889,.T.);
#13623 = ORIENTED_EDGE('',*,*,#13624,.T.);
#13624 = EDGE_CURVE('',#2890,#7277,#13625,.T.);
#13625 = LINE('',#13626,#13627);
#13626 = CARTESIAN_POINT('',(103.87,-38.8325,-4.6E-02));
#13627 = VECTOR('',#13628,1.);
#13628 = DIRECTION('',(0.,0.,1.));
#13629 = ORIENTED_EDGE('',*,*,#7276,.F.);
#13630 = ORIENTED_EDGE('',*,*,#13624,.F.);
#13631 = CYLINDRICAL_SURFACE('',#13632,1.5);
#13632 = AXIS2_PLACEMENT_3D('',#13633,#13634,#13635);
#13633 = CARTESIAN_POINT('',(103.87,-37.3325,-4.6E-02));
#13634 = DIRECTION('',(-0.,-0.,-1.));
#13635 = DIRECTION('',(-0.,-1.,0.));
#13636 = ADVANCED_FACE('',(#13637),#13648,.F.);
#13637 = FACE_BOUND('',#13638,.T.);
#13638 = EDGE_LOOP('',(#13639,#13640,#13646,#13647));
#13639 = ORIENTED_EDGE('',*,*,#2900,.T.);
#13640 = ORIENTED_EDGE('',*,*,#13641,.T.);
#13641 = EDGE_CURVE('',#2901,#7288,#13642,.T.);
#13642 = LINE('',#13643,#13644);
#13643 = CARTESIAN_POINT('',(106.41,-46.9025,-4.6E-02));
#13644 = VECTOR('',#13645,1.);
#13645 = DIRECTION('',(0.,0.,1.));
#13646 = ORIENTED_EDGE('',*,*,#7287,.F.);
#13647 = ORIENTED_EDGE('',*,*,#13641,.F.);
#13648 = CYLINDRICAL_SURFACE('',#13649,1.5);
#13649 = AXIS2_PLACEMENT_3D('',#13650,#13651,#13652);
#13650 = CARTESIAN_POINT('',(106.41,-45.4025,-4.6E-02));
#13651 = DIRECTION('',(-0.,-0.,-1.));
#13652 = DIRECTION('',(-0.,-1.,0.));
#13653 = ADVANCED_FACE('',(#13654),#13670,.F.);
#13654 = FACE_BOUND('',#13655,.T.);
#13655 = EDGE_LOOP('',(#13656,#13657,#13663,#13664));
#13656 = ORIENTED_EDGE('',*,*,#2911,.T.);
#13657 = ORIENTED_EDGE('',*,*,#13658,.T.);
#13658 = EDGE_CURVE('',#2914,#7301,#13659,.T.);
#13659 = LINE('',#13660,#13661);
#13660 = CARTESIAN_POINT('',(117.84,-48.575,-4.6E-02));
#13661 = VECTOR('',#13662,1.);
#13662 = DIRECTION('',(0.,0.,1.));
#13663 = ORIENTED_EDGE('',*,*,#7298,.F.);
#13664 = ORIENTED_EDGE('',*,*,#13665,.T.);
#13665 = EDGE_CURVE('',#7299,#2912,#13666,.T.);
#13666 = LINE('',#13667,#13668);
#13667 = CARTESIAN_POINT('',(117.63,-46.69850121424,-4.6E-02));
#13668 = VECTOR('',#13669,1.);
#13669 = DIRECTION('',(-0.,-0.,-1.));
#13670 = CYLINDRICAL_SURFACE('',#13671,0.95);
#13671 = AXIS2_PLACEMENT_3D('',#13672,#13673,#13674);
#13672 = CARTESIAN_POINT('',(117.84,-47.625,-4.6E-02));
#13673 = DIRECTION('',(-0.,-0.,-1.));
#13674 = DIRECTION('',(-0.,-1.,0.));
#13675 = ADVANCED_FACE('',(#13676),#13687,.F.);
#13676 = FACE_BOUND('',#13677,.T.);
#13677 = EDGE_LOOP('',(#13678,#13684,#13685,#13686));
#13678 = ORIENTED_EDGE('',*,*,#13679,.F.);
#13679 = EDGE_CURVE('',#2932,#7319,#13680,.T.);
#13680 = LINE('',#13681,#13682);
#13681 = CARTESIAN_POINT('',(117.42,-48.575,-4.6E-02));
#13682 = VECTOR('',#13683,1.);
#13683 = DIRECTION('',(0.,0.,1.));
#13684 = ORIENTED_EDGE('',*,*,#2940,.T.);
#13685 = ORIENTED_EDGE('',*,*,#13665,.F.);
#13686 = ORIENTED_EDGE('',*,*,#7327,.F.);
#13687 = CYLINDRICAL_SURFACE('',#13688,0.95);
#13688 = AXIS2_PLACEMENT_3D('',#13689,#13690,#13691);
#13689 = CARTESIAN_POINT('',(117.42,-47.625,-4.6E-02));
#13690 = DIRECTION('',(-0.,-0.,-1.));
#13691 = DIRECTION('',(-0.,-1.,0.));
#13692 = ADVANCED_FACE('',(#13693),#13704,.F.);
#13693 = FACE_BOUND('',#13694,.T.);
#13694 = EDGE_LOOP('',(#13695,#13696,#13697,#13698));
#13695 = ORIENTED_EDGE('',*,*,#2931,.T.);
#13696 = ORIENTED_EDGE('',*,*,#13679,.T.);
#13697 = ORIENTED_EDGE('',*,*,#7318,.F.);
#13698 = ORIENTED_EDGE('',*,*,#13699,.T.);
#13699 = EDGE_CURVE('',#7310,#2923,#13700,.T.);
#13700 = LINE('',#13701,#13702);
#13701 = CARTESIAN_POINT('',(117.63,-48.55149878575,-4.6E-02));
#13702 = VECTOR('',#13703,1.);
#13703 = DIRECTION('',(-0.,-0.,-1.));
#13704 = CYLINDRICAL_SURFACE('',#13705,0.95);
#13705 = AXIS2_PLACEMENT_3D('',#13706,#13707,#13708);
#13706 = CARTESIAN_POINT('',(117.42,-47.625,-4.6E-02));
#13707 = DIRECTION('',(-0.,-0.,-1.));
#13708 = DIRECTION('',(-0.,-1.,0.));
#13709 = ADVANCED_FACE('',(#13710),#13716,.F.);
#13710 = FACE_BOUND('',#13711,.T.);
#13711 = EDGE_LOOP('',(#13712,#13713,#13714,#13715));
#13712 = ORIENTED_EDGE('',*,*,#13658,.F.);
#13713 = ORIENTED_EDGE('',*,*,#2922,.T.);
#13714 = ORIENTED_EDGE('',*,*,#13699,.F.);
#13715 = ORIENTED_EDGE('',*,*,#7309,.F.);
#13716 = CYLINDRICAL_SURFACE('',#13717,0.95);
#13717 = AXIS2_PLACEMENT_3D('',#13718,#13719,#13720);
#13718 = CARTESIAN_POINT('',(117.84,-47.625,-4.6E-02));
#13719 = DIRECTION('',(-0.,-0.,-1.));
#13720 = DIRECTION('',(-0.,-1.,0.));
#13721 = ADVANCED_FACE('',(#13722),#13733,.F.);
#13722 = FACE_BOUND('',#13723,.T.);
#13723 = EDGE_LOOP('',(#13724,#13725,#13731,#13732));
#13724 = ORIENTED_EDGE('',*,*,#2949,.T.);
#13725 = ORIENTED_EDGE('',*,*,#13726,.T.);
#13726 = EDGE_CURVE('',#2950,#7337,#13727,.T.);
#13727 = LINE('',#13728,#13729);
#13728 = CARTESIAN_POINT('',(119.11,-46.585,-4.6E-02));
#13729 = VECTOR('',#13730,1.);
#13730 = DIRECTION('',(0.,0.,1.));
#13731 = ORIENTED_EDGE('',*,*,#7336,.F.);
#13732 = ORIENTED_EDGE('',*,*,#13726,.F.);
#13733 = CYLINDRICAL_SURFACE('',#13734,1.5);
#13734 = AXIS2_PLACEMENT_3D('',#13735,#13736,#13737);
#13735 = CARTESIAN_POINT('',(119.11,-45.085,-4.6E-02));
#13736 = DIRECTION('',(-0.,-0.,-1.));
#13737 = DIRECTION('',(-0.,-1.,0.));
#13738 = ADVANCED_FACE('',(#13739),#13755,.F.);
#13739 = FACE_BOUND('',#13740,.T.);
#13740 = EDGE_LOOP('',(#13741,#13742,#13748,#13749));
#13741 = ORIENTED_EDGE('',*,*,#2960,.T.);
#13742 = ORIENTED_EDGE('',*,*,#13743,.T.);
#13743 = EDGE_CURVE('',#2963,#7350,#13744,.T.);
#13744 = LINE('',#13745,#13746);
#13745 = CARTESIAN_POINT('',(90.32,-36.1925,-4.6E-02));
#13746 = VECTOR('',#13747,1.);
#13747 = DIRECTION('',(0.,0.,1.));
#13748 = ORIENTED_EDGE('',*,*,#7347,.F.);
#13749 = ORIENTED_EDGE('',*,*,#13750,.T.);
#13750 = EDGE_CURVE('',#7348,#2961,#13751,.T.);
#13751 = LINE('',#13752,#13753);
#13752 = CARTESIAN_POINT('',(90.11,-34.31600121424,-4.6E-02));
#13753 = VECTOR('',#13754,1.);
#13754 = DIRECTION('',(-0.,-0.,-1.));
#13755 = CYLINDRICAL_SURFACE('',#13756,0.95);
#13756 = AXIS2_PLACEMENT_3D('',#13757,#13758,#13759);
#13757 = CARTESIAN_POINT('',(90.32,-35.2425,-4.6E-02));
#13758 = DIRECTION('',(-0.,-0.,-1.));
#13759 = DIRECTION('',(-0.,-1.,0.));
#13760 = ADVANCED_FACE('',(#13761),#13772,.F.);
#13761 = FACE_BOUND('',#13762,.T.);
#13762 = EDGE_LOOP('',(#13763,#13769,#13770,#13771));
#13763 = ORIENTED_EDGE('',*,*,#13764,.F.);
#13764 = EDGE_CURVE('',#2981,#7368,#13765,.T.);
#13765 = LINE('',#13766,#13767);
#13766 = CARTESIAN_POINT('',(89.9,-36.1925,-4.6E-02));
#13767 = VECTOR('',#13768,1.);
#13768 = DIRECTION('',(0.,0.,1.));
#13769 = ORIENTED_EDGE('',*,*,#2989,.T.);
#13770 = ORIENTED_EDGE('',*,*,#13750,.F.);
#13771 = ORIENTED_EDGE('',*,*,#7376,.F.);
#13772 = CYLINDRICAL_SURFACE('',#13773,0.95);
#13773 = AXIS2_PLACEMENT_3D('',#13774,#13775,#13776);
#13774 = CARTESIAN_POINT('',(89.9,-35.2425,-4.6E-02));
#13775 = DIRECTION('',(-0.,-0.,-1.));
#13776 = DIRECTION('',(-0.,-1.,0.));
#13777 = ADVANCED_FACE('',(#13778),#13789,.F.);
#13778 = FACE_BOUND('',#13779,.T.);
#13779 = EDGE_LOOP('',(#13780,#13781,#13782,#13783));
#13780 = ORIENTED_EDGE('',*,*,#2980,.T.);
#13781 = ORIENTED_EDGE('',*,*,#13764,.T.);
#13782 = ORIENTED_EDGE('',*,*,#7367,.F.);
#13783 = ORIENTED_EDGE('',*,*,#13784,.T.);
#13784 = EDGE_CURVE('',#7359,#2972,#13785,.T.);
#13785 = LINE('',#13786,#13787);
#13786 = CARTESIAN_POINT('',(90.11,-36.16899878575,-4.6E-02));
#13787 = VECTOR('',#13788,1.);
#13788 = DIRECTION('',(-0.,-0.,-1.));
#13789 = CYLINDRICAL_SURFACE('',#13790,0.95);
#13790 = AXIS2_PLACEMENT_3D('',#13791,#13792,#13793);
#13791 = CARTESIAN_POINT('',(89.9,-35.2425,-4.6E-02));
#13792 = DIRECTION('',(-0.,-0.,-1.));
#13793 = DIRECTION('',(-0.,-1.,0.));
#13794 = ADVANCED_FACE('',(#13795),#13801,.F.);
#13795 = FACE_BOUND('',#13796,.T.);
#13796 = EDGE_LOOP('',(#13797,#13798,#13799,#13800));
#13797 = ORIENTED_EDGE('',*,*,#13743,.F.);
#13798 = ORIENTED_EDGE('',*,*,#2971,.T.);
#13799 = ORIENTED_EDGE('',*,*,#13784,.F.);
#13800 = ORIENTED_EDGE('',*,*,#7358,.F.);
#13801 = CYLINDRICAL_SURFACE('',#13802,0.95);
#13802 = AXIS2_PLACEMENT_3D('',#13803,#13804,#13805);
#13803 = CARTESIAN_POINT('',(90.32,-35.2425,-4.6E-02));
#13804 = DIRECTION('',(-0.,-0.,-1.));
#13805 = DIRECTION('',(-0.,-1.,0.));
#13806 = ADVANCED_FACE('',(#13807),#13818,.F.);
#13807 = FACE_BOUND('',#13808,.T.);
#13808 = EDGE_LOOP('',(#13809,#13810,#13816,#13817));
#13809 = ORIENTED_EDGE('',*,*,#2998,.T.);
#13810 = ORIENTED_EDGE('',*,*,#13811,.T.);
#13811 = EDGE_CURVE('',#2999,#7386,#13812,.T.);
#13812 = LINE('',#13813,#13814);
#13813 = CARTESIAN_POINT('',(98.87,-36.6325,-4.6E-02));
#13814 = VECTOR('',#13815,1.);
#13815 = DIRECTION('',(0.,0.,1.));
#13816 = ORIENTED_EDGE('',*,*,#7385,.F.);
#13817 = ORIENTED_EDGE('',*,*,#13811,.F.);
#13818 = CYLINDRICAL_SURFACE('',#13819,1.5);
#13819 = AXIS2_PLACEMENT_3D('',#13820,#13821,#13822);
#13820 = CARTESIAN_POINT('',(98.87,-35.1325,-4.6E-02));
#13821 = DIRECTION('',(-0.,-0.,-1.));
#13822 = DIRECTION('',(-0.,-1.,0.));
#13823 = ADVANCED_FACE('',(#13824),#13840,.F.);
#13824 = FACE_BOUND('',#13825,.T.);
#13825 = EDGE_LOOP('',(#13826,#13827,#13833,#13834));
#13826 = ORIENTED_EDGE('',*,*,#3009,.T.);
#13827 = ORIENTED_EDGE('',*,*,#13828,.T.);
#13828 = EDGE_CURVE('',#3012,#7399,#13829,.T.);
#13829 = LINE('',#13830,#13831);
#13830 = CARTESIAN_POINT('',(98.79,-32.3825,-4.6E-02));
#13831 = VECTOR('',#13832,1.);
#13832 = DIRECTION('',(0.,0.,1.));
#13833 = ORIENTED_EDGE('',*,*,#7396,.F.);
#13834 = ORIENTED_EDGE('',*,*,#13835,.T.);
#13835 = EDGE_CURVE('',#7397,#3010,#13836,.T.);
#13836 = LINE('',#13837,#13838);
#13837 = CARTESIAN_POINT('',(98.58,-30.50600121424,-4.6E-02));
#13838 = VECTOR('',#13839,1.);
#13839 = DIRECTION('',(-0.,0.,-1.));
#13840 = CYLINDRICAL_SURFACE('',#13841,0.95);
#13841 = AXIS2_PLACEMENT_3D('',#13842,#13843,#13844);
#13842 = CARTESIAN_POINT('',(98.79,-31.4325,-4.6E-02));
#13843 = DIRECTION('',(-0.,0.,-1.));
#13844 = DIRECTION('',(1.495879443705E-14,-1.,-0.));
#13845 = ADVANCED_FACE('',(#13846),#13857,.F.);
#13846 = FACE_BOUND('',#13847,.T.);
#13847 = EDGE_LOOP('',(#13848,#13854,#13855,#13856));
#13848 = ORIENTED_EDGE('',*,*,#13849,.F.);
#13849 = EDGE_CURVE('',#3030,#7417,#13850,.T.);
#13850 = LINE('',#13851,#13852);
#13851 = CARTESIAN_POINT('',(98.37,-32.3825,-4.6E-02));
#13852 = VECTOR('',#13853,1.);
#13853 = DIRECTION('',(0.,0.,1.));
#13854 = ORIENTED_EDGE('',*,*,#3038,.T.);
#13855 = ORIENTED_EDGE('',*,*,#13835,.F.);
#13856 = ORIENTED_EDGE('',*,*,#7425,.F.);
#13857 = CYLINDRICAL_SURFACE('',#13858,0.95);
#13858 = AXIS2_PLACEMENT_3D('',#13859,#13860,#13861);
#13859 = CARTESIAN_POINT('',(98.37,-31.4325,-4.6E-02));
#13860 = DIRECTION('',(-0.,-0.,-1.));
#13861 = DIRECTION('',(-0.,-1.,0.));
#13862 = ADVANCED_FACE('',(#13863),#13874,.F.);
#13863 = FACE_BOUND('',#13864,.T.);
#13864 = EDGE_LOOP('',(#13865,#13866,#13867,#13868));
#13865 = ORIENTED_EDGE('',*,*,#3029,.T.);
#13866 = ORIENTED_EDGE('',*,*,#13849,.T.);
#13867 = ORIENTED_EDGE('',*,*,#7416,.F.);
#13868 = ORIENTED_EDGE('',*,*,#13869,.T.);
#13869 = EDGE_CURVE('',#7408,#3021,#13870,.T.);
#13870 = LINE('',#13871,#13872);
#13871 = CARTESIAN_POINT('',(98.58,-32.35899878575,-4.6E-02));
#13872 = VECTOR('',#13873,1.);
#13873 = DIRECTION('',(-0.,0.,-1.));
#13874 = CYLINDRICAL_SURFACE('',#13875,0.95);
#13875 = AXIS2_PLACEMENT_3D('',#13876,#13877,#13878);
#13876 = CARTESIAN_POINT('',(98.37,-31.4325,-4.6E-02));
#13877 = DIRECTION('',(-0.,-0.,-1.));
#13878 = DIRECTION('',(-0.,-1.,0.));
#13879 = ADVANCED_FACE('',(#13880),#13886,.F.);
#13880 = FACE_BOUND('',#13881,.T.);
#13881 = EDGE_LOOP('',(#13882,#13883,#13884,#13885));
#13882 = ORIENTED_EDGE('',*,*,#13828,.F.);
#13883 = ORIENTED_EDGE('',*,*,#3020,.T.);
#13884 = ORIENTED_EDGE('',*,*,#13869,.F.);
#13885 = ORIENTED_EDGE('',*,*,#7407,.F.);
#13886 = CYLINDRICAL_SURFACE('',#13887,0.95);
#13887 = AXIS2_PLACEMENT_3D('',#13888,#13889,#13890);
#13888 = CARTESIAN_POINT('',(98.79,-31.4325,-4.6E-02));
#13889 = DIRECTION('',(-0.,0.,-1.));
#13890 = DIRECTION('',(1.495879443705E-14,-1.,-0.));
#13891 = ADVANCED_FACE('',(#13892),#13903,.F.);
#13892 = FACE_BOUND('',#13893,.T.);
#13893 = EDGE_LOOP('',(#13894,#13895,#13901,#13902));
#13894 = ORIENTED_EDGE('',*,*,#3047,.T.);
#13895 = ORIENTED_EDGE('',*,*,#13896,.T.);
#13896 = EDGE_CURVE('',#3048,#7435,#13897,.T.);
#13897 = LINE('',#13898,#13899);
#13898 = CARTESIAN_POINT('',(100.06,-30.3925,-4.6E-02));
#13899 = VECTOR('',#13900,1.);
#13900 = DIRECTION('',(0.,0.,1.));
#13901 = ORIENTED_EDGE('',*,*,#7434,.F.);
#13902 = ORIENTED_EDGE('',*,*,#13896,.F.);
#13903 = CYLINDRICAL_SURFACE('',#13904,1.5);
#13904 = AXIS2_PLACEMENT_3D('',#13905,#13906,#13907);
#13905 = CARTESIAN_POINT('',(100.06,-28.8925,-4.6E-02));
#13906 = DIRECTION('',(-0.,-0.,-1.));
#13907 = DIRECTION('',(-0.,-1.,0.));
#13908 = ADVANCED_FACE('',(#13909),#13920,.F.);
#13909 = FACE_BOUND('',#13910,.T.);
#13910 = EDGE_LOOP('',(#13911,#13912,#13918,#13919));
#13911 = ORIENTED_EDGE('',*,*,#3058,.T.);
#13912 = ORIENTED_EDGE('',*,*,#13913,.T.);
#13913 = EDGE_CURVE('',#3059,#7446,#13914,.T.);
#13914 = LINE('',#13915,#13916);
#13915 = CARTESIAN_POINT('',(103.87,-33.4825,-4.6E-02));
#13916 = VECTOR('',#13917,1.);
#13917 = DIRECTION('',(0.,0.,1.));
#13918 = ORIENTED_EDGE('',*,*,#7445,.F.);
#13919 = ORIENTED_EDGE('',*,*,#13913,.F.);
#13920 = CYLINDRICAL_SURFACE('',#13921,2.05);
#13921 = AXIS2_PLACEMENT_3D('',#13922,#13923,#13924);
#13922 = CARTESIAN_POINT('',(103.87,-31.4325,-4.6E-02));
#13923 = DIRECTION('',(-0.,-0.,-1.));
#13924 = DIRECTION('',(-0.,-1.,0.));
#13925 = ADVANCED_FACE('',(#13926),#13942,.F.);
#13926 = FACE_BOUND('',#13927,.T.);
#13927 = EDGE_LOOP('',(#13928,#13929,#13935,#13936));
#13928 = ORIENTED_EDGE('',*,*,#3069,.T.);
#13929 = ORIENTED_EDGE('',*,*,#13930,.T.);
#13930 = EDGE_CURVE('',#3072,#7459,#13931,.T.);
#13931 = LINE('',#13932,#13933);
#13932 = CARTESIAN_POINT('',(109.37,-32.3825,-4.6E-02));
#13933 = VECTOR('',#13934,1.);
#13934 = DIRECTION('',(0.,0.,1.));
#13935 = ORIENTED_EDGE('',*,*,#7456,.F.);
#13936 = ORIENTED_EDGE('',*,*,#13937,.T.);
#13937 = EDGE_CURVE('',#7457,#3070,#13938,.T.);
#13938 = LINE('',#13939,#13940);
#13939 = CARTESIAN_POINT('',(109.16,-30.50600121424,-4.6E-02));
#13940 = VECTOR('',#13941,1.);
#13941 = DIRECTION('',(-0.,-0.,-1.));
#13942 = CYLINDRICAL_SURFACE('',#13943,0.95);
#13943 = AXIS2_PLACEMENT_3D('',#13944,#13945,#13946);
#13944 = CARTESIAN_POINT('',(109.37,-31.4325,-4.6E-02));
#13945 = DIRECTION('',(-0.,-0.,-1.));
#13946 = DIRECTION('',(-0.,-1.,0.));
#13947 = ADVANCED_FACE('',(#13948),#13959,.F.);
#13948 = FACE_BOUND('',#13949,.T.);
#13949 = EDGE_LOOP('',(#13950,#13956,#13957,#13958));
#13950 = ORIENTED_EDGE('',*,*,#13951,.F.);
#13951 = EDGE_CURVE('',#3090,#7477,#13952,.T.);
#13952 = LINE('',#13953,#13954);
#13953 = CARTESIAN_POINT('',(108.95,-32.3825,-4.6E-02));
#13954 = VECTOR('',#13955,1.);
#13955 = DIRECTION('',(0.,0.,1.));
#13956 = ORIENTED_EDGE('',*,*,#3098,.T.);
#13957 = ORIENTED_EDGE('',*,*,#13937,.F.);
#13958 = ORIENTED_EDGE('',*,*,#7485,.F.);
#13959 = CYLINDRICAL_SURFACE('',#13960,0.95);
#13960 = AXIS2_PLACEMENT_3D('',#13961,#13962,#13963);
#13961 = CARTESIAN_POINT('',(108.95,-31.4325,-4.6E-02));
#13962 = DIRECTION('',(-0.,-0.,-1.));
#13963 = DIRECTION('',(-0.,-1.,0.));
#13964 = ADVANCED_FACE('',(#13965),#13976,.F.);
#13965 = FACE_BOUND('',#13966,.T.);
#13966 = EDGE_LOOP('',(#13967,#13968,#13969,#13970));
#13967 = ORIENTED_EDGE('',*,*,#3089,.T.);
#13968 = ORIENTED_EDGE('',*,*,#13951,.T.);
#13969 = ORIENTED_EDGE('',*,*,#7476,.F.);
#13970 = ORIENTED_EDGE('',*,*,#13971,.T.);
#13971 = EDGE_CURVE('',#7468,#3081,#13972,.T.);
#13972 = LINE('',#13973,#13974);
#13973 = CARTESIAN_POINT('',(109.16,-32.35899878575,-4.6E-02));
#13974 = VECTOR('',#13975,1.);
#13975 = DIRECTION('',(-0.,-0.,-1.));
#13976 = CYLINDRICAL_SURFACE('',#13977,0.95);
#13977 = AXIS2_PLACEMENT_3D('',#13978,#13979,#13980);
#13978 = CARTESIAN_POINT('',(108.95,-31.4325,-4.6E-02));
#13979 = DIRECTION('',(-0.,-0.,-1.));
#13980 = DIRECTION('',(-0.,-1.,0.));
#13981 = ADVANCED_FACE('',(#13982),#13988,.F.);
#13982 = FACE_BOUND('',#13983,.T.);
#13983 = EDGE_LOOP('',(#13984,#13985,#13986,#13987));
#13984 = ORIENTED_EDGE('',*,*,#13930,.F.);
#13985 = ORIENTED_EDGE('',*,*,#3080,.T.);
#13986 = ORIENTED_EDGE('',*,*,#13971,.F.);
#13987 = ORIENTED_EDGE('',*,*,#7467,.F.);
#13988 = CYLINDRICAL_SURFACE('',#13989,0.95);
#13989 = AXIS2_PLACEMENT_3D('',#13990,#13991,#13992);
#13990 = CARTESIAN_POINT('',(109.37,-31.4325,-4.6E-02));
#13991 = DIRECTION('',(-0.,-0.,-1.));
#13992 = DIRECTION('',(-0.,-1.,0.));
#13993 = ADVANCED_FACE('',(#13994),#14005,.F.);
#13994 = FACE_BOUND('',#13995,.T.);
#13995 = EDGE_LOOP('',(#13996,#13997,#14003,#14004));
#13996 = ORIENTED_EDGE('',*,*,#3107,.T.);
#13997 = ORIENTED_EDGE('',*,*,#13998,.T.);
#13998 = EDGE_CURVE('',#3108,#7495,#13999,.T.);
#13999 = LINE('',#14000,#14001);
#14000 = CARTESIAN_POINT('',(117.92,-33.775,-4.6E-02));
#14001 = VECTOR('',#14002,1.);
#14002 = DIRECTION('',(0.,0.,1.));
#14003 = ORIENTED_EDGE('',*,*,#7494,.F.);
#14004 = ORIENTED_EDGE('',*,*,#13998,.F.);
#14005 = CYLINDRICAL_SURFACE('',#14006,1.5);
#14006 = AXIS2_PLACEMENT_3D('',#14007,#14008,#14009);
#14007 = CARTESIAN_POINT('',(117.92,-32.275,-4.6E-02));
#14008 = DIRECTION('',(-0.,-0.,-1.));
#14009 = DIRECTION('',(-0.,-1.,0.));
#14010 = ADVANCED_FACE('',(#14011),#14022,.F.);
#14011 = FACE_BOUND('',#14012,.T.);
#14012 = EDGE_LOOP('',(#14013,#14014,#14020,#14021));
#14013 = ORIENTED_EDGE('',*,*,#3118,.T.);
#14014 = ORIENTED_EDGE('',*,*,#14015,.T.);
#14015 = EDGE_CURVE('',#3119,#7506,#14016,.T.);
#14016 = LINE('',#14017,#14018);
#14017 = CARTESIAN_POINT('',(106.41,-27.8525,-4.6E-02));
#14018 = VECTOR('',#14019,1.);
#14019 = DIRECTION('',(0.,0.,1.));
#14020 = ORIENTED_EDGE('',*,*,#7505,.F.);
#14021 = ORIENTED_EDGE('',*,*,#14015,.F.);
#14022 = CYLINDRICAL_SURFACE('',#14023,1.5);
#14023 = AXIS2_PLACEMENT_3D('',#14024,#14025,#14026);
#14024 = CARTESIAN_POINT('',(106.41,-26.3525,-4.6E-02));
#14025 = DIRECTION('',(-0.,-0.,-1.));
#14026 = DIRECTION('',(-0.,-1.,0.));
#14027 = ADVANCED_FACE('',(#14028),#14044,.F.);
#14028 = FACE_BOUND('',#14029,.T.);
#14029 = EDGE_LOOP('',(#14030,#14031,#14037,#14038));
#14030 = ORIENTED_EDGE('',*,*,#3129,.T.);
#14031 = ORIENTED_EDGE('',*,*,#14032,.T.);
#14032 = EDGE_CURVE('',#3132,#7519,#14033,.T.);
#14033 = LINE('',#14034,#14035);
#14034 = CARTESIAN_POINT('',(117.84,-29.525,-4.6E-02));
#14035 = VECTOR('',#14036,1.);
#14036 = DIRECTION('',(0.,0.,1.));
#14037 = ORIENTED_EDGE('',*,*,#7516,.F.);
#14038 = ORIENTED_EDGE('',*,*,#14039,.T.);
#14039 = EDGE_CURVE('',#7517,#3130,#14040,.T.);
#14040 = LINE('',#14041,#14042);
#14041 = CARTESIAN_POINT('',(117.63,-27.64850121424,-4.6E-02));
#14042 = VECTOR('',#14043,1.);
#14043 = DIRECTION('',(-0.,-0.,-1.));
#14044 = CYLINDRICAL_SURFACE('',#14045,0.95);
#14045 = AXIS2_PLACEMENT_3D('',#14046,#14047,#14048);
#14046 = CARTESIAN_POINT('',(117.84,-28.575,-4.6E-02));
#14047 = DIRECTION('',(-0.,-0.,-1.));
#14048 = DIRECTION('',(-0.,-1.,0.));
#14049 = ADVANCED_FACE('',(#14050),#14061,.F.);
#14050 = FACE_BOUND('',#14051,.T.);
#14051 = EDGE_LOOP('',(#14052,#14058,#14059,#14060));
#14052 = ORIENTED_EDGE('',*,*,#14053,.F.);
#14053 = EDGE_CURVE('',#3150,#7537,#14054,.T.);
#14054 = LINE('',#14055,#14056);
#14055 = CARTESIAN_POINT('',(117.42,-29.525,-4.6E-02));
#14056 = VECTOR('',#14057,1.);
#14057 = DIRECTION('',(0.,0.,1.));
#14058 = ORIENTED_EDGE('',*,*,#3158,.T.);
#14059 = ORIENTED_EDGE('',*,*,#14039,.F.);
#14060 = ORIENTED_EDGE('',*,*,#7545,.F.);
#14061 = CYLINDRICAL_SURFACE('',#14062,0.95);
#14062 = AXIS2_PLACEMENT_3D('',#14063,#14064,#14065);
#14063 = CARTESIAN_POINT('',(117.42,-28.575,-4.6E-02));
#14064 = DIRECTION('',(-0.,-0.,-1.));
#14065 = DIRECTION('',(-0.,-1.,0.));
#14066 = ADVANCED_FACE('',(#14067),#14078,.F.);
#14067 = FACE_BOUND('',#14068,.T.);
#14068 = EDGE_LOOP('',(#14069,#14070,#14071,#14072));
#14069 = ORIENTED_EDGE('',*,*,#3149,.T.);
#14070 = ORIENTED_EDGE('',*,*,#14053,.T.);
#14071 = ORIENTED_EDGE('',*,*,#7536,.F.);
#14072 = ORIENTED_EDGE('',*,*,#14073,.T.);
#14073 = EDGE_CURVE('',#7528,#3141,#14074,.T.);
#14074 = LINE('',#14075,#14076);
#14075 = CARTESIAN_POINT('',(117.63,-29.50149878575,-4.6E-02));
#14076 = VECTOR('',#14077,1.);
#14077 = DIRECTION('',(-0.,-0.,-1.));
#14078 = CYLINDRICAL_SURFACE('',#14079,0.95);
#14079 = AXIS2_PLACEMENT_3D('',#14080,#14081,#14082);
#14080 = CARTESIAN_POINT('',(117.42,-28.575,-4.6E-02));
#14081 = DIRECTION('',(-0.,-0.,-1.));
#14082 = DIRECTION('',(-0.,-1.,0.));
#14083 = ADVANCED_FACE('',(#14084),#14090,.F.);
#14084 = FACE_BOUND('',#14085,.T.);
#14085 = EDGE_LOOP('',(#14086,#14087,#14088,#14089));
#14086 = ORIENTED_EDGE('',*,*,#14032,.F.);
#14087 = ORIENTED_EDGE('',*,*,#3140,.T.);
#14088 = ORIENTED_EDGE('',*,*,#14073,.F.);
#14089 = ORIENTED_EDGE('',*,*,#7527,.F.);
#14090 = CYLINDRICAL_SURFACE('',#14091,0.95);
#14091 = AXIS2_PLACEMENT_3D('',#14092,#14093,#14094);
#14092 = CARTESIAN_POINT('',(117.84,-28.575,-4.6E-02));
#14093 = DIRECTION('',(-0.,-0.,-1.));
#14094 = DIRECTION('',(-0.,-1.,0.));
#14095 = ADVANCED_FACE('',(#14096),#14107,.F.);
#14096 = FACE_BOUND('',#14097,.T.);
#14097 = EDGE_LOOP('',(#14098,#14099,#14105,#14106));
#14098 = ORIENTED_EDGE('',*,*,#3167,.T.);
#14099 = ORIENTED_EDGE('',*,*,#14100,.T.);
#14100 = EDGE_CURVE('',#3168,#7555,#14101,.T.);
#14101 = LINE('',#14102,#14103);
#14102 = CARTESIAN_POINT('',(119.11,-27.535,-4.6E-02));
#14103 = VECTOR('',#14104,1.);
#14104 = DIRECTION('',(0.,0.,1.));
#14105 = ORIENTED_EDGE('',*,*,#7554,.F.);
#14106 = ORIENTED_EDGE('',*,*,#14100,.F.);
#14107 = CYLINDRICAL_SURFACE('',#14108,1.5);
#14108 = AXIS2_PLACEMENT_3D('',#14109,#14110,#14111);
#14109 = CARTESIAN_POINT('',(119.11,-26.035,-4.6E-02));
#14110 = DIRECTION('',(-0.,-0.,-1.));
#14111 = DIRECTION('',(-0.,-1.,0.));
#14112 = ADVANCED_FACE('',(#14113),#14124,.F.);
#14113 = FACE_BOUND('',#14114,.T.);
#14114 = EDGE_LOOP('',(#14115,#14116,#14122,#14123));
#14115 = ORIENTED_EDGE('',*,*,#3178,.T.);
#14116 = ORIENTED_EDGE('',*,*,#14117,.T.);
#14117 = EDGE_CURVE('',#3179,#7566,#14118,.T.);
#14118 = LINE('',#14119,#14120);
#14119 = CARTESIAN_POINT('',(122.92,-74.075,-4.6E-02));
#14120 = VECTOR('',#14121,1.);
#14121 = DIRECTION('',(0.,0.,1.));
#14122 = ORIENTED_EDGE('',*,*,#7565,.F.);
#14123 = ORIENTED_EDGE('',*,*,#14117,.F.);
#14124 = CYLINDRICAL_SURFACE('',#14125,1.5);
#14125 = AXIS2_PLACEMENT_3D('',#14126,#14127,#14128);
#14126 = CARTESIAN_POINT('',(122.92,-72.575,-4.6E-02));
#14127 = DIRECTION('',(-0.,-0.,-1.));
#14128 = DIRECTION('',(-0.,-1.,0.));
#14129 = ADVANCED_FACE('',(#14130),#14141,.F.);
#14130 = FACE_BOUND('',#14131,.T.);
#14131 = EDGE_LOOP('',(#14132,#14133,#14139,#14140));
#14132 = ORIENTED_EDGE('',*,*,#3189,.T.);
#14133 = ORIENTED_EDGE('',*,*,#14134,.T.);
#14134 = EDGE_CURVE('',#3190,#7577,#14135,.T.);
#14135 = LINE('',#14136,#14137);
#14136 = CARTESIAN_POINT('',(136.97,-73.78,-4.6E-02));
#14137 = VECTOR('',#14138,1.);
#14138 = DIRECTION('',(0.,0.,1.));
#14139 = ORIENTED_EDGE('',*,*,#7576,.F.);
#14140 = ORIENTED_EDGE('',*,*,#14134,.F.);
#14141 = CYLINDRICAL_SURFACE('',#14142,1.5);
#14142 = AXIS2_PLACEMENT_3D('',#14143,#14144,#14145);
#14143 = CARTESIAN_POINT('',(136.97,-72.28,-4.6E-02));
#14144 = DIRECTION('',(-0.,-0.,-1.));
#14145 = DIRECTION('',(-0.,-1.,0.));
#14146 = ADVANCED_FACE('',(#14147),#14158,.F.);
#14147 = FACE_BOUND('',#14148,.T.);
#14148 = EDGE_LOOP('',(#14149,#14150,#14156,#14157));
#14149 = ORIENTED_EDGE('',*,*,#3200,.T.);
#14150 = ORIENTED_EDGE('',*,*,#14151,.T.);
#14151 = EDGE_CURVE('',#3201,#7588,#14152,.T.);
#14152 = LINE('',#14153,#14154);
#14153 = CARTESIAN_POINT('',(122.92,-68.725,-4.6E-02));
#14154 = VECTOR('',#14155,1.);
#14155 = DIRECTION('',(0.,0.,1.));
#14156 = ORIENTED_EDGE('',*,*,#7587,.F.);
#14157 = ORIENTED_EDGE('',*,*,#14151,.F.);
#14158 = CYLINDRICAL_SURFACE('',#14159,2.05);
#14159 = AXIS2_PLACEMENT_3D('',#14160,#14161,#14162);
#14160 = CARTESIAN_POINT('',(122.92,-66.675,-4.6E-02));
#14161 = DIRECTION('',(-0.,-0.,-1.));
#14162 = DIRECTION('',(-0.,-1.,0.));
#14163 = ADVANCED_FACE('',(#14164),#14180,.F.);
#14164 = FACE_BOUND('',#14165,.T.);
#14165 = EDGE_LOOP('',(#14166,#14167,#14173,#14174));
#14166 = ORIENTED_EDGE('',*,*,#3211,.T.);
#14167 = ORIENTED_EDGE('',*,*,#14168,.T.);
#14168 = EDGE_CURVE('',#3214,#7601,#14169,.T.);
#14169 = LINE('',#14170,#14171);
#14170 = CARTESIAN_POINT('',(128.42,-67.625,-4.6E-02));
#14171 = VECTOR('',#14172,1.);
#14172 = DIRECTION('',(0.,0.,1.));
#14173 = ORIENTED_EDGE('',*,*,#7598,.F.);
#14174 = ORIENTED_EDGE('',*,*,#14175,.T.);
#14175 = EDGE_CURVE('',#7599,#3212,#14176,.T.);
#14176 = LINE('',#14177,#14178);
#14177 = CARTESIAN_POINT('',(128.21,-65.74850121424,-4.6E-02));
#14178 = VECTOR('',#14179,1.);
#14179 = DIRECTION('',(-0.,-0.,-1.));
#14180 = CYLINDRICAL_SURFACE('',#14181,0.95);
#14181 = AXIS2_PLACEMENT_3D('',#14182,#14183,#14184);
#14182 = CARTESIAN_POINT('',(128.42,-66.675,-4.6E-02));
#14183 = DIRECTION('',(-0.,-0.,-1.));
#14184 = DIRECTION('',(-2.991758887411E-14,-1.,0.));
#14185 = ADVANCED_FACE('',(#14186),#14197,.F.);
#14186 = FACE_BOUND('',#14187,.T.);
#14187 = EDGE_LOOP('',(#14188,#14194,#14195,#14196));
#14188 = ORIENTED_EDGE('',*,*,#14189,.F.);
#14189 = EDGE_CURVE('',#3232,#7619,#14190,.T.);
#14190 = LINE('',#14191,#14192);
#14191 = CARTESIAN_POINT('',(128.,-67.625,-4.6E-02));
#14192 = VECTOR('',#14193,1.);
#14193 = DIRECTION('',(0.,0.,1.));
#14194 = ORIENTED_EDGE('',*,*,#3240,.T.);
#14195 = ORIENTED_EDGE('',*,*,#14175,.F.);
#14196 = ORIENTED_EDGE('',*,*,#7627,.F.);
#14197 = CYLINDRICAL_SURFACE('',#14198,0.95);
#14198 = AXIS2_PLACEMENT_3D('',#14199,#14200,#14201);
#14199 = CARTESIAN_POINT('',(128.,-66.675,-4.6E-02));
#14200 = DIRECTION('',(-0.,-0.,-1.));
#14201 = DIRECTION('',(-0.,-1.,0.));
#14202 = ADVANCED_FACE('',(#14203),#14214,.F.);
#14203 = FACE_BOUND('',#14204,.T.);
#14204 = EDGE_LOOP('',(#14205,#14206,#14207,#14208));
#14205 = ORIENTED_EDGE('',*,*,#3231,.T.);
#14206 = ORIENTED_EDGE('',*,*,#14189,.T.);
#14207 = ORIENTED_EDGE('',*,*,#7618,.F.);
#14208 = ORIENTED_EDGE('',*,*,#14209,.T.);
#14209 = EDGE_CURVE('',#7610,#3223,#14210,.T.);
#14210 = LINE('',#14211,#14212);
#14211 = CARTESIAN_POINT('',(128.21,-67.60149878575,-4.6E-02));
#14212 = VECTOR('',#14213,1.);
#14213 = DIRECTION('',(-0.,-0.,-1.));
#14214 = CYLINDRICAL_SURFACE('',#14215,0.95);
#14215 = AXIS2_PLACEMENT_3D('',#14216,#14217,#14218);
#14216 = CARTESIAN_POINT('',(128.,-66.675,-4.6E-02));
#14217 = DIRECTION('',(-0.,-0.,-1.));
#14218 = DIRECTION('',(-0.,-1.,0.));
#14219 = ADVANCED_FACE('',(#14220),#14226,.F.);
#14220 = FACE_BOUND('',#14221,.T.);
#14221 = EDGE_LOOP('',(#14222,#14223,#14224,#14225));
#14222 = ORIENTED_EDGE('',*,*,#14168,.F.);
#14223 = ORIENTED_EDGE('',*,*,#3222,.T.);
#14224 = ORIENTED_EDGE('',*,*,#14209,.F.);
#14225 = ORIENTED_EDGE('',*,*,#7609,.F.);
#14226 = CYLINDRICAL_SURFACE('',#14227,0.95);
#14227 = AXIS2_PLACEMENT_3D('',#14228,#14229,#14230);
#14228 = CARTESIAN_POINT('',(128.42,-66.675,-4.6E-02));
#14229 = DIRECTION('',(-0.,-0.,-1.));
#14230 = DIRECTION('',(-2.991758887411E-14,-1.,0.));
#14231 = ADVANCED_FACE('',(#14232),#14248,.F.);
#14232 = FACE_BOUND('',#14233,.T.);
#14233 = EDGE_LOOP('',(#14234,#14235,#14241,#14242));
#14234 = ORIENTED_EDGE('',*,*,#3249,.T.);
#14235 = ORIENTED_EDGE('',*,*,#14236,.T.);
#14236 = EDGE_CURVE('',#3252,#7639,#14237,.T.);
#14237 = LINE('',#14238,#14239);
#14238 = CARTESIAN_POINT('',(136.89,-69.53,-4.6E-02));
#14239 = VECTOR('',#14240,1.);
#14240 = DIRECTION('',(0.,0.,1.));
#14241 = ORIENTED_EDGE('',*,*,#7636,.F.);
#14242 = ORIENTED_EDGE('',*,*,#14243,.T.);
#14243 = EDGE_CURVE('',#7637,#3250,#14244,.T.);
#14244 = LINE('',#14245,#14246);
#14245 = CARTESIAN_POINT('',(136.68,-67.65350121424,-4.6E-02));
#14246 = VECTOR('',#14247,1.);
#14247 = DIRECTION('',(-0.,-0.,-1.));
#14248 = CYLINDRICAL_SURFACE('',#14249,0.95);
#14249 = AXIS2_PLACEMENT_3D('',#14250,#14251,#14252);
#14250 = CARTESIAN_POINT('',(136.89,-68.58,-4.6E-02));
#14251 = DIRECTION('',(-0.,-0.,-1.));
#14252 = DIRECTION('',(-0.,-1.,0.));
#14253 = ADVANCED_FACE('',(#14254),#14265,.F.);
#14254 = FACE_BOUND('',#14255,.T.);
#14255 = EDGE_LOOP('',(#14256,#14262,#14263,#14264));
#14256 = ORIENTED_EDGE('',*,*,#14257,.F.);
#14257 = EDGE_CURVE('',#3270,#7657,#14258,.T.);
#14258 = LINE('',#14259,#14260);
#14259 = CARTESIAN_POINT('',(136.47,-69.53,-4.6E-02));
#14260 = VECTOR('',#14261,1.);
#14261 = DIRECTION('',(0.,0.,1.));
#14262 = ORIENTED_EDGE('',*,*,#3278,.T.);
#14263 = ORIENTED_EDGE('',*,*,#14243,.F.);
#14264 = ORIENTED_EDGE('',*,*,#7665,.F.);
#14265 = CYLINDRICAL_SURFACE('',#14266,0.95);
#14266 = AXIS2_PLACEMENT_3D('',#14267,#14268,#14269);
#14267 = CARTESIAN_POINT('',(136.47,-68.58,-4.6E-02));
#14268 = DIRECTION('',(-0.,-0.,-1.));
#14269 = DIRECTION('',(-0.,-1.,0.));
#14270 = ADVANCED_FACE('',(#14271),#14282,.F.);
#14271 = FACE_BOUND('',#14272,.T.);
#14272 = EDGE_LOOP('',(#14273,#14274,#14275,#14276));
#14273 = ORIENTED_EDGE('',*,*,#3269,.T.);
#14274 = ORIENTED_EDGE('',*,*,#14257,.T.);
#14275 = ORIENTED_EDGE('',*,*,#7656,.F.);
#14276 = ORIENTED_EDGE('',*,*,#14277,.T.);
#14277 = EDGE_CURVE('',#7648,#3261,#14278,.T.);
#14278 = LINE('',#14279,#14280);
#14279 = CARTESIAN_POINT('',(136.68,-69.50649878575,-4.6E-02));
#14280 = VECTOR('',#14281,1.);
#14281 = DIRECTION('',(-0.,-0.,-1.));
#14282 = CYLINDRICAL_SURFACE('',#14283,0.95);
#14283 = AXIS2_PLACEMENT_3D('',#14284,#14285,#14286);
#14284 = CARTESIAN_POINT('',(136.47,-68.58,-4.6E-02));
#14285 = DIRECTION('',(-0.,-0.,-1.));
#14286 = DIRECTION('',(-0.,-1.,0.));
#14287 = ADVANCED_FACE('',(#14288),#14294,.F.);
#14288 = FACE_BOUND('',#14289,.T.);
#14289 = EDGE_LOOP('',(#14290,#14291,#14292,#14293));
#14290 = ORIENTED_EDGE('',*,*,#14236,.F.);
#14291 = ORIENTED_EDGE('',*,*,#3260,.T.);
#14292 = ORIENTED_EDGE('',*,*,#14277,.F.);
#14293 = ORIENTED_EDGE('',*,*,#7647,.F.);
#14294 = CYLINDRICAL_SURFACE('',#14295,0.95);
#14295 = AXIS2_PLACEMENT_3D('',#14296,#14297,#14298);
#14296 = CARTESIAN_POINT('',(136.89,-68.58,-4.6E-02));
#14297 = DIRECTION('',(-0.,-0.,-1.));
#14298 = DIRECTION('',(-0.,-1.,0.));
#14299 = ADVANCED_FACE('',(#14300),#14311,.F.);
#14300 = FACE_BOUND('',#14301,.T.);
#14301 = EDGE_LOOP('',(#14302,#14303,#14309,#14310));
#14302 = ORIENTED_EDGE('',*,*,#3287,.T.);
#14303 = ORIENTED_EDGE('',*,*,#14304,.T.);
#14304 = EDGE_CURVE('',#3288,#7675,#14305,.T.);
#14305 = LINE('',#14306,#14307);
#14306 = CARTESIAN_POINT('',(141.97,-75.98,-4.6E-02));
#14307 = VECTOR('',#14308,1.);
#14308 = DIRECTION('',(0.,0.,1.));
#14309 = ORIENTED_EDGE('',*,*,#7674,.F.);
#14310 = ORIENTED_EDGE('',*,*,#14304,.F.);
#14311 = CYLINDRICAL_SURFACE('',#14312,1.5);
#14312 = AXIS2_PLACEMENT_3D('',#14313,#14314,#14315);
#14313 = CARTESIAN_POINT('',(141.97,-74.48,-4.6E-02));
#14314 = DIRECTION('',(-0.,-0.,-1.));
#14315 = DIRECTION('',(-0.,-1.,0.));
#14316 = ADVANCED_FACE('',(#14317),#14328,.F.);
#14317 = FACE_BOUND('',#14318,.T.);
#14318 = EDGE_LOOP('',(#14319,#14320,#14326,#14327));
#14319 = ORIENTED_EDGE('',*,*,#3298,.T.);
#14320 = ORIENTED_EDGE('',*,*,#14321,.T.);
#14321 = EDGE_CURVE('',#3299,#7686,#14322,.T.);
#14322 = LINE('',#14323,#14324);
#14323 = CARTESIAN_POINT('',(141.97,-70.63,-4.6E-02));
#14324 = VECTOR('',#14325,1.);
#14325 = DIRECTION('',(0.,0.,1.));
#14326 = ORIENTED_EDGE('',*,*,#7685,.F.);
#14327 = ORIENTED_EDGE('',*,*,#14321,.F.);
#14328 = CYLINDRICAL_SURFACE('',#14329,2.05);
#14329 = AXIS2_PLACEMENT_3D('',#14330,#14331,#14332);
#14330 = CARTESIAN_POINT('',(141.97,-68.58,-4.6E-02));
#14331 = DIRECTION('',(-0.,-0.,-1.));
#14332 = DIRECTION('',(-0.,-1.,0.));
#14333 = ADVANCED_FACE('',(#14334),#14345,.F.);
#14334 = FACE_BOUND('',#14335,.T.);
#14335 = EDGE_LOOP('',(#14336,#14337,#14343,#14344));
#14336 = ORIENTED_EDGE('',*,*,#3309,.T.);
#14337 = ORIENTED_EDGE('',*,*,#14338,.T.);
#14338 = EDGE_CURVE('',#3310,#7697,#14339,.T.);
#14339 = LINE('',#14340,#14341);
#14340 = CARTESIAN_POINT('',(138.16,-67.54,-4.6E-02));
#14341 = VECTOR('',#14342,1.);
#14342 = DIRECTION('',(0.,0.,1.));
#14343 = ORIENTED_EDGE('',*,*,#7696,.F.);
#14344 = ORIENTED_EDGE('',*,*,#14338,.F.);
#14345 = CYLINDRICAL_SURFACE('',#14346,1.5);
#14346 = AXIS2_PLACEMENT_3D('',#14347,#14348,#14349);
#14347 = CARTESIAN_POINT('',(138.16,-66.04,-4.6E-02));
#14348 = DIRECTION('',(-0.,-0.,-1.));
#14349 = DIRECTION('',(-0.,-1.,0.));
#14350 = ADVANCED_FACE('',(#14351),#14362,.F.);
#14351 = FACE_BOUND('',#14352,.T.);
#14352 = EDGE_LOOP('',(#14353,#14354,#14360,#14361));
#14353 = ORIENTED_EDGE('',*,*,#3320,.T.);
#14354 = ORIENTED_EDGE('',*,*,#14355,.T.);
#14355 = EDGE_CURVE('',#3321,#7708,#14356,.T.);
#14356 = LINE('',#14357,#14358);
#14357 = CARTESIAN_POINT('',(144.51,-65.,-4.6E-02));
#14358 = VECTOR('',#14359,1.);
#14359 = DIRECTION('',(0.,0.,1.));
#14360 = ORIENTED_EDGE('',*,*,#7707,.F.);
#14361 = ORIENTED_EDGE('',*,*,#14355,.F.);
#14362 = CYLINDRICAL_SURFACE('',#14363,1.5);
#14363 = AXIS2_PLACEMENT_3D('',#14364,#14365,#14366);
#14364 = CARTESIAN_POINT('',(144.51,-63.5,-4.6E-02));
#14365 = DIRECTION('',(-0.,-0.,-1.));
#14366 = DIRECTION('',(-0.,-1.,0.));
#14367 = ADVANCED_FACE('',(#14368),#14384,.F.);
#14368 = FACE_BOUND('',#14369,.T.);
#14369 = EDGE_LOOP('',(#14370,#14371,#14377,#14378));
#14370 = ORIENTED_EDGE('',*,*,#3331,.T.);
#14371 = ORIENTED_EDGE('',*,*,#14372,.T.);
#14372 = EDGE_CURVE('',#3334,#7721,#14373,.T.);
#14373 = LINE('',#14374,#14375);
#14374 = CARTESIAN_POINT('',(147.47,-69.53,-4.6E-02));
#14375 = VECTOR('',#14376,1.);
#14376 = DIRECTION('',(0.,0.,1.));
#14377 = ORIENTED_EDGE('',*,*,#7718,.F.);
#14378 = ORIENTED_EDGE('',*,*,#14379,.T.);
#14379 = EDGE_CURVE('',#7719,#3332,#14380,.T.);
#14380 = LINE('',#14381,#14382);
#14381 = CARTESIAN_POINT('',(147.26,-67.65350121424,-4.6E-02));
#14382 = VECTOR('',#14383,1.);
#14383 = DIRECTION('',(-0.,-0.,-1.));
#14384 = CYLINDRICAL_SURFACE('',#14385,0.95);
#14385 = AXIS2_PLACEMENT_3D('',#14386,#14387,#14388);
#14386 = CARTESIAN_POINT('',(147.47,-68.58,-4.6E-02));
#14387 = DIRECTION('',(-0.,-0.,-1.));
#14388 = DIRECTION('',(-0.,-1.,0.));
#14389 = ADVANCED_FACE('',(#14390),#14401,.F.);
#14390 = FACE_BOUND('',#14391,.T.);
#14391 = EDGE_LOOP('',(#14392,#14398,#14399,#14400));
#14392 = ORIENTED_EDGE('',*,*,#14393,.F.);
#14393 = EDGE_CURVE('',#3352,#7739,#14394,.T.);
#14394 = LINE('',#14395,#14396);
#14395 = CARTESIAN_POINT('',(147.05,-69.53,-4.6E-02));
#14396 = VECTOR('',#14397,1.);
#14397 = DIRECTION('',(0.,0.,1.));
#14398 = ORIENTED_EDGE('',*,*,#3360,.T.);
#14399 = ORIENTED_EDGE('',*,*,#14379,.F.);
#14400 = ORIENTED_EDGE('',*,*,#7747,.F.);
#14401 = CYLINDRICAL_SURFACE('',#14402,0.95);
#14402 = AXIS2_PLACEMENT_3D('',#14403,#14404,#14405);
#14403 = CARTESIAN_POINT('',(147.05,-68.58,-4.6E-02));
#14404 = DIRECTION('',(-0.,-0.,-1.));
#14405 = DIRECTION('',(-0.,-1.,0.));
#14406 = ADVANCED_FACE('',(#14407),#14418,.F.);
#14407 = FACE_BOUND('',#14408,.T.);
#14408 = EDGE_LOOP('',(#14409,#14410,#14411,#14412));
#14409 = ORIENTED_EDGE('',*,*,#3351,.T.);
#14410 = ORIENTED_EDGE('',*,*,#14393,.T.);
#14411 = ORIENTED_EDGE('',*,*,#7738,.F.);
#14412 = ORIENTED_EDGE('',*,*,#14413,.T.);
#14413 = EDGE_CURVE('',#7730,#3343,#14414,.T.);
#14414 = LINE('',#14415,#14416);
#14415 = CARTESIAN_POINT('',(147.26,-69.50649878575,-4.6E-02));
#14416 = VECTOR('',#14417,1.);
#14417 = DIRECTION('',(-0.,-0.,-1.));
#14418 = CYLINDRICAL_SURFACE('',#14419,0.95);
#14419 = AXIS2_PLACEMENT_3D('',#14420,#14421,#14422);
#14420 = CARTESIAN_POINT('',(147.05,-68.58,-4.6E-02));
#14421 = DIRECTION('',(-0.,-0.,-1.));
#14422 = DIRECTION('',(-0.,-1.,0.));
#14423 = ADVANCED_FACE('',(#14424),#14430,.F.);
#14424 = FACE_BOUND('',#14425,.T.);
#14425 = EDGE_LOOP('',(#14426,#14427,#14428,#14429));
#14426 = ORIENTED_EDGE('',*,*,#14372,.F.);
#14427 = ORIENTED_EDGE('',*,*,#3342,.T.);
#14428 = ORIENTED_EDGE('',*,*,#14413,.F.);
#14429 = ORIENTED_EDGE('',*,*,#7729,.F.);
#14430 = CYLINDRICAL_SURFACE('',#14431,0.95);
#14431 = AXIS2_PLACEMENT_3D('',#14432,#14433,#14434);
#14432 = CARTESIAN_POINT('',(147.47,-68.58,-4.6E-02));
#14433 = DIRECTION('',(-0.,-0.,-1.));
#14434 = DIRECTION('',(-0.,-1.,0.));
#14435 = ADVANCED_FACE('',(#14436),#14447,.F.);
#14436 = FACE_BOUND('',#14437,.T.);
#14437 = EDGE_LOOP('',(#14438,#14439,#14445,#14446));
#14438 = ORIENTED_EDGE('',*,*,#3369,.T.);
#14439 = ORIENTED_EDGE('',*,*,#14440,.T.);
#14440 = EDGE_CURVE('',#3370,#7757,#14441,.T.);
#14441 = LINE('',#14442,#14443);
#14442 = CARTESIAN_POINT('',(125.46,-63.095,-4.6E-02));
#14443 = VECTOR('',#14444,1.);
#14444 = DIRECTION('',(0.,0.,1.));
#14445 = ORIENTED_EDGE('',*,*,#7756,.F.);
#14446 = ORIENTED_EDGE('',*,*,#14440,.F.);
#14447 = CYLINDRICAL_SURFACE('',#14448,1.5);
#14448 = AXIS2_PLACEMENT_3D('',#14449,#14450,#14451);
#14449 = CARTESIAN_POINT('',(125.46,-61.595,-4.6E-02));
#14450 = DIRECTION('',(-0.,-0.,-1.));
#14451 = DIRECTION('',(-0.,-1.,0.));
#14452 = ADVANCED_FACE('',(#14453),#14464,.F.);
#14453 = FACE_BOUND('',#14454,.T.);
#14454 = EDGE_LOOP('',(#14455,#14456,#14462,#14463));
#14455 = ORIENTED_EDGE('',*,*,#3380,.T.);
#14456 = ORIENTED_EDGE('',*,*,#14457,.T.);
#14457 = EDGE_CURVE('',#3381,#7768,#14458,.T.);
#14458 = LINE('',#14459,#14460);
#14459 = CARTESIAN_POINT('',(122.92,-55.025,-4.6E-02));
#14460 = VECTOR('',#14461,1.);
#14461 = DIRECTION('',(0.,0.,1.));
#14462 = ORIENTED_EDGE('',*,*,#7767,.F.);
#14463 = ORIENTED_EDGE('',*,*,#14457,.F.);
#14464 = CYLINDRICAL_SURFACE('',#14465,1.5);
#14465 = AXIS2_PLACEMENT_3D('',#14466,#14467,#14468);
#14466 = CARTESIAN_POINT('',(122.92,-53.525,-4.6E-02));
#14467 = DIRECTION('',(-0.,-0.,-1.));
#14468 = DIRECTION('',(-0.,-1.,0.));
#14469 = ADVANCED_FACE('',(#14470),#14481,.F.);
#14470 = FACE_BOUND('',#14471,.T.);
#14471 = EDGE_LOOP('',(#14472,#14473,#14479,#14480));
#14472 = ORIENTED_EDGE('',*,*,#3391,.T.);
#14473 = ORIENTED_EDGE('',*,*,#14474,.T.);
#14474 = EDGE_CURVE('',#3392,#7779,#14475,.T.);
#14475 = LINE('',#14476,#14477);
#14476 = CARTESIAN_POINT('',(136.97,-54.73,-4.6E-02));
#14477 = VECTOR('',#14478,1.);
#14478 = DIRECTION('',(0.,0.,1.));
#14479 = ORIENTED_EDGE('',*,*,#7778,.F.);
#14480 = ORIENTED_EDGE('',*,*,#14474,.F.);
#14481 = CYLINDRICAL_SURFACE('',#14482,1.5);
#14482 = AXIS2_PLACEMENT_3D('',#14483,#14484,#14485);
#14483 = CARTESIAN_POINT('',(136.97,-53.23,-4.6E-02));
#14484 = DIRECTION('',(-0.,-0.,-1.));
#14485 = DIRECTION('',(-0.,-1.,0.));
#14486 = ADVANCED_FACE('',(#14487),#14503,.F.);
#14487 = FACE_BOUND('',#14488,.T.);
#14488 = EDGE_LOOP('',(#14489,#14490,#14496,#14497));
#14489 = ORIENTED_EDGE('',*,*,#3402,.T.);
#14490 = ORIENTED_EDGE('',*,*,#14491,.T.);
#14491 = EDGE_CURVE('',#3405,#7792,#14492,.T.);
#14492 = LINE('',#14493,#14494);
#14493 = CARTESIAN_POINT('',(136.89,-50.48,-4.6E-02));
#14494 = VECTOR('',#14495,1.);
#14495 = DIRECTION('',(0.,0.,1.));
#14496 = ORIENTED_EDGE('',*,*,#7789,.F.);
#14497 = ORIENTED_EDGE('',*,*,#14498,.T.);
#14498 = EDGE_CURVE('',#7790,#3403,#14499,.T.);
#14499 = LINE('',#14500,#14501);
#14500 = CARTESIAN_POINT('',(136.68,-48.60350121424,-4.6E-02));
#14501 = VECTOR('',#14502,1.);
#14502 = DIRECTION('',(-0.,-0.,-1.));
#14503 = CYLINDRICAL_SURFACE('',#14504,0.95);
#14504 = AXIS2_PLACEMENT_3D('',#14505,#14506,#14507);
#14505 = CARTESIAN_POINT('',(136.89,-49.53,-4.6E-02));
#14506 = DIRECTION('',(-0.,-0.,-1.));
#14507 = DIRECTION('',(-0.,-1.,0.));
#14508 = ADVANCED_FACE('',(#14509),#14520,.F.);
#14509 = FACE_BOUND('',#14510,.T.);
#14510 = EDGE_LOOP('',(#14511,#14517,#14518,#14519));
#14511 = ORIENTED_EDGE('',*,*,#14512,.F.);
#14512 = EDGE_CURVE('',#3423,#7810,#14513,.T.);
#14513 = LINE('',#14514,#14515);
#14514 = CARTESIAN_POINT('',(136.47,-50.48,-4.6E-02));
#14515 = VECTOR('',#14516,1.);
#14516 = DIRECTION('',(0.,0.,1.));
#14517 = ORIENTED_EDGE('',*,*,#3431,.T.);
#14518 = ORIENTED_EDGE('',*,*,#14498,.F.);
#14519 = ORIENTED_EDGE('',*,*,#7818,.F.);
#14520 = CYLINDRICAL_SURFACE('',#14521,0.95);
#14521 = AXIS2_PLACEMENT_3D('',#14522,#14523,#14524);
#14522 = CARTESIAN_POINT('',(136.47,-49.53,-4.6E-02));
#14523 = DIRECTION('',(-0.,-0.,-1.));
#14524 = DIRECTION('',(-0.,-1.,0.));
#14525 = ADVANCED_FACE('',(#14526),#14537,.F.);
#14526 = FACE_BOUND('',#14527,.T.);
#14527 = EDGE_LOOP('',(#14528,#14529,#14530,#14531));
#14528 = ORIENTED_EDGE('',*,*,#3422,.T.);
#14529 = ORIENTED_EDGE('',*,*,#14512,.T.);
#14530 = ORIENTED_EDGE('',*,*,#7809,.F.);
#14531 = ORIENTED_EDGE('',*,*,#14532,.T.);
#14532 = EDGE_CURVE('',#7801,#3414,#14533,.T.);
#14533 = LINE('',#14534,#14535);
#14534 = CARTESIAN_POINT('',(136.68,-50.45649878575,-4.6E-02));
#14535 = VECTOR('',#14536,1.);
#14536 = DIRECTION('',(-0.,-0.,-1.));
#14537 = CYLINDRICAL_SURFACE('',#14538,0.95);
#14538 = AXIS2_PLACEMENT_3D('',#14539,#14540,#14541);
#14539 = CARTESIAN_POINT('',(136.47,-49.53,-4.6E-02));
#14540 = DIRECTION('',(-0.,-0.,-1.));
#14541 = DIRECTION('',(-0.,-1.,0.));
#14542 = ADVANCED_FACE('',(#14543),#14549,.F.);
#14543 = FACE_BOUND('',#14544,.T.);
#14544 = EDGE_LOOP('',(#14545,#14546,#14547,#14548));
#14545 = ORIENTED_EDGE('',*,*,#14491,.F.);
#14546 = ORIENTED_EDGE('',*,*,#3413,.T.);
#14547 = ORIENTED_EDGE('',*,*,#14532,.F.);
#14548 = ORIENTED_EDGE('',*,*,#7800,.F.);
#14549 = CYLINDRICAL_SURFACE('',#14550,0.95);
#14550 = AXIS2_PLACEMENT_3D('',#14551,#14552,#14553);
#14551 = CARTESIAN_POINT('',(136.89,-49.53,-4.6E-02));
#14552 = DIRECTION('',(-0.,-0.,-1.));
#14553 = DIRECTION('',(-0.,-1.,0.));
#14554 = ADVANCED_FACE('',(#14555),#14566,.F.);
#14555 = FACE_BOUND('',#14556,.T.);
#14556 = EDGE_LOOP('',(#14557,#14558,#14564,#14565));
#14557 = ORIENTED_EDGE('',*,*,#3440,.T.);
#14558 = ORIENTED_EDGE('',*,*,#14559,.T.);
#14559 = EDGE_CURVE('',#3441,#7828,#14560,.T.);
#14560 = LINE('',#14561,#14562);
#14561 = CARTESIAN_POINT('',(141.97,-56.93,-4.6E-02));
#14562 = VECTOR('',#14563,1.);
#14563 = DIRECTION('',(0.,0.,1.));
#14564 = ORIENTED_EDGE('',*,*,#7827,.F.);
#14565 = ORIENTED_EDGE('',*,*,#14559,.F.);
#14566 = CYLINDRICAL_SURFACE('',#14567,1.5);
#14567 = AXIS2_PLACEMENT_3D('',#14568,#14569,#14570);
#14568 = CARTESIAN_POINT('',(141.97,-55.43,-4.6E-02));
#14569 = DIRECTION('',(-0.,-0.,-1.));
#14570 = DIRECTION('',(-0.,-1.,0.));
#14571 = ADVANCED_FACE('',(#14572),#14583,.F.);
#14572 = FACE_BOUND('',#14573,.T.);
#14573 = EDGE_LOOP('',(#14574,#14575,#14581,#14582));
#14574 = ORIENTED_EDGE('',*,*,#3451,.T.);
#14575 = ORIENTED_EDGE('',*,*,#14576,.T.);
#14576 = EDGE_CURVE('',#3452,#7839,#14577,.T.);
#14577 = LINE('',#14578,#14579);
#14578 = CARTESIAN_POINT('',(141.97,-51.58,-4.6E-02));
#14579 = VECTOR('',#14580,1.);
#14580 = DIRECTION('',(0.,0.,1.));
#14581 = ORIENTED_EDGE('',*,*,#7838,.F.);
#14582 = ORIENTED_EDGE('',*,*,#14576,.F.);
#14583 = CYLINDRICAL_SURFACE('',#14584,2.05);
#14584 = AXIS2_PLACEMENT_3D('',#14585,#14586,#14587);
#14585 = CARTESIAN_POINT('',(141.97,-49.53,-4.6E-02));
#14586 = DIRECTION('',(-0.,-0.,-1.));
#14587 = DIRECTION('',(-0.,-1.,0.));
#14588 = ADVANCED_FACE('',(#14589),#14605,.F.);
#14589 = FACE_BOUND('',#14590,.T.);
#14590 = EDGE_LOOP('',(#14591,#14592,#14598,#14599));
#14591 = ORIENTED_EDGE('',*,*,#3462,.T.);
#14592 = ORIENTED_EDGE('',*,*,#14593,.T.);
#14593 = EDGE_CURVE('',#3465,#7852,#14594,.T.);
#14594 = LINE('',#14595,#14596);
#14595 = CARTESIAN_POINT('',(147.47,-50.48,-4.6E-02));
#14596 = VECTOR('',#14597,1.);
#14597 = DIRECTION('',(0.,0.,1.));
#14598 = ORIENTED_EDGE('',*,*,#7849,.F.);
#14599 = ORIENTED_EDGE('',*,*,#14600,.T.);
#14600 = EDGE_CURVE('',#7850,#3463,#14601,.T.);
#14601 = LINE('',#14602,#14603);
#14602 = CARTESIAN_POINT('',(147.26,-48.60350121424,-4.6E-02));
#14603 = VECTOR('',#14604,1.);
#14604 = DIRECTION('',(-0.,-0.,-1.));
#14605 = CYLINDRICAL_SURFACE('',#14606,0.95);
#14606 = AXIS2_PLACEMENT_3D('',#14607,#14608,#14609);
#14607 = CARTESIAN_POINT('',(147.47,-49.53,-4.6E-02));
#14608 = DIRECTION('',(-0.,-0.,-1.));
#14609 = DIRECTION('',(-0.,-1.,0.));
#14610 = ADVANCED_FACE('',(#14611),#14622,.F.);
#14611 = FACE_BOUND('',#14612,.T.);
#14612 = EDGE_LOOP('',(#14613,#14619,#14620,#14621));
#14613 = ORIENTED_EDGE('',*,*,#14614,.F.);
#14614 = EDGE_CURVE('',#3483,#7870,#14615,.T.);
#14615 = LINE('',#14616,#14617);
#14616 = CARTESIAN_POINT('',(147.05,-50.48,-4.6E-02));
#14617 = VECTOR('',#14618,1.);
#14618 = DIRECTION('',(0.,0.,1.));
#14619 = ORIENTED_EDGE('',*,*,#3491,.T.);
#14620 = ORIENTED_EDGE('',*,*,#14600,.F.);
#14621 = ORIENTED_EDGE('',*,*,#7878,.F.);
#14622 = CYLINDRICAL_SURFACE('',#14623,0.95);
#14623 = AXIS2_PLACEMENT_3D('',#14624,#14625,#14626);
#14624 = CARTESIAN_POINT('',(147.05,-49.53,-4.6E-02));
#14625 = DIRECTION('',(-0.,-0.,-1.));
#14626 = DIRECTION('',(-0.,-1.,0.));
#14627 = ADVANCED_FACE('',(#14628),#14639,.F.);
#14628 = FACE_BOUND('',#14629,.T.);
#14629 = EDGE_LOOP('',(#14630,#14631,#14632,#14633));
#14630 = ORIENTED_EDGE('',*,*,#3482,.T.);
#14631 = ORIENTED_EDGE('',*,*,#14614,.T.);
#14632 = ORIENTED_EDGE('',*,*,#7869,.F.);
#14633 = ORIENTED_EDGE('',*,*,#14634,.T.);
#14634 = EDGE_CURVE('',#7861,#3474,#14635,.T.);
#14635 = LINE('',#14636,#14637);
#14636 = CARTESIAN_POINT('',(147.26,-50.45649878575,-4.6E-02));
#14637 = VECTOR('',#14638,1.);
#14638 = DIRECTION('',(-0.,-0.,-1.));
#14639 = CYLINDRICAL_SURFACE('',#14640,0.95);
#14640 = AXIS2_PLACEMENT_3D('',#14641,#14642,#14643);
#14641 = CARTESIAN_POINT('',(147.05,-49.53,-4.6E-02));
#14642 = DIRECTION('',(-0.,-0.,-1.));
#14643 = DIRECTION('',(-0.,-1.,0.));
#14644 = ADVANCED_FACE('',(#14645),#14651,.F.);
#14645 = FACE_BOUND('',#14646,.T.);
#14646 = EDGE_LOOP('',(#14647,#14648,#14649,#14650));
#14647 = ORIENTED_EDGE('',*,*,#14593,.F.);
#14648 = ORIENTED_EDGE('',*,*,#3473,.T.);
#14649 = ORIENTED_EDGE('',*,*,#14634,.F.);
#14650 = ORIENTED_EDGE('',*,*,#7860,.F.);
#14651 = CYLINDRICAL_SURFACE('',#14652,0.95);
#14652 = AXIS2_PLACEMENT_3D('',#14653,#14654,#14655);
#14653 = CARTESIAN_POINT('',(147.47,-49.53,-4.6E-02));
#14654 = DIRECTION('',(-0.,-0.,-1.));
#14655 = DIRECTION('',(-0.,-1.,0.));
#14656 = ADVANCED_FACE('',(#14657),#14673,.F.);
#14657 = FACE_BOUND('',#14658,.T.);
#14658 = EDGE_LOOP('',(#14659,#14660,#14666,#14667));
#14659 = ORIENTED_EDGE('',*,*,#3500,.T.);
#14660 = ORIENTED_EDGE('',*,*,#14661,.T.);
#14661 = EDGE_CURVE('',#3503,#7890,#14662,.T.);
#14662 = LINE('',#14663,#14664);
#14663 = CARTESIAN_POINT('',(155.94,-77.15,-4.6E-02));
#14664 = VECTOR('',#14665,1.);
#14665 = DIRECTION('',(0.,0.,1.));
#14666 = ORIENTED_EDGE('',*,*,#7887,.F.);
#14667 = ORIENTED_EDGE('',*,*,#14668,.T.);
#14668 = EDGE_CURVE('',#7888,#3501,#14669,.T.);
#14669 = LINE('',#14670,#14671);
#14670 = CARTESIAN_POINT('',(155.73,-75.27350121424,-4.6E-02));
#14671 = VECTOR('',#14672,1.);
#14672 = DIRECTION('',(-0.,-0.,-1.));
#14673 = CYLINDRICAL_SURFACE('',#14674,0.95);
#14674 = AXIS2_PLACEMENT_3D('',#14675,#14676,#14677);
#14675 = CARTESIAN_POINT('',(155.94,-76.2,-4.6E-02));
#14676 = DIRECTION('',(-0.,-0.,-1.));
#14677 = DIRECTION('',(-0.,-1.,0.));
#14678 = ADVANCED_FACE('',(#14679),#14690,.F.);
#14679 = FACE_BOUND('',#14680,.T.);
#14680 = EDGE_LOOP('',(#14681,#14687,#14688,#14689));
#14681 = ORIENTED_EDGE('',*,*,#14682,.F.);
#14682 = EDGE_CURVE('',#3521,#7908,#14683,.T.);
#14683 = LINE('',#14684,#14685);
#14684 = CARTESIAN_POINT('',(155.52,-77.15,-4.6E-02));
#14685 = VECTOR('',#14686,1.);
#14686 = DIRECTION('',(0.,0.,1.));
#14687 = ORIENTED_EDGE('',*,*,#3529,.T.);
#14688 = ORIENTED_EDGE('',*,*,#14668,.F.);
#14689 = ORIENTED_EDGE('',*,*,#7916,.F.);
#14690 = CYLINDRICAL_SURFACE('',#14691,0.95);
#14691 = AXIS2_PLACEMENT_3D('',#14692,#14693,#14694);
#14692 = CARTESIAN_POINT('',(155.52,-76.2,-4.6E-02));
#14693 = DIRECTION('',(-0.,0.,-1.));
#14694 = DIRECTION('',(2.991758887411E-14,-1.,-0.));
#14695 = ADVANCED_FACE('',(#14696),#14707,.F.);
#14696 = FACE_BOUND('',#14697,.T.);
#14697 = EDGE_LOOP('',(#14698,#14699,#14700,#14701));
#14698 = ORIENTED_EDGE('',*,*,#3520,.T.);
#14699 = ORIENTED_EDGE('',*,*,#14682,.T.);
#14700 = ORIENTED_EDGE('',*,*,#7907,.F.);
#14701 = ORIENTED_EDGE('',*,*,#14702,.T.);
#14702 = EDGE_CURVE('',#7899,#3512,#14703,.T.);
#14703 = LINE('',#14704,#14705);
#14704 = CARTESIAN_POINT('',(155.73,-77.12649878575,-4.6E-02));
#14705 = VECTOR('',#14706,1.);
#14706 = DIRECTION('',(-0.,-0.,-1.));
#14707 = CYLINDRICAL_SURFACE('',#14708,0.95);
#14708 = AXIS2_PLACEMENT_3D('',#14709,#14710,#14711);
#14709 = CARTESIAN_POINT('',(155.52,-76.2,-4.6E-02));
#14710 = DIRECTION('',(-0.,0.,-1.));
#14711 = DIRECTION('',(2.991758887411E-14,-1.,-0.));
#14712 = ADVANCED_FACE('',(#14713),#14719,.F.);
#14713 = FACE_BOUND('',#14714,.T.);
#14714 = EDGE_LOOP('',(#14715,#14716,#14717,#14718));
#14715 = ORIENTED_EDGE('',*,*,#14661,.F.);
#14716 = ORIENTED_EDGE('',*,*,#3511,.T.);
#14717 = ORIENTED_EDGE('',*,*,#14702,.F.);
#14718 = ORIENTED_EDGE('',*,*,#7898,.F.);
#14719 = CYLINDRICAL_SURFACE('',#14720,0.95);
#14720 = AXIS2_PLACEMENT_3D('',#14721,#14722,#14723);
#14721 = CARTESIAN_POINT('',(155.94,-76.2,-4.6E-02));
#14722 = DIRECTION('',(-0.,-0.,-1.));
#14723 = DIRECTION('',(-0.,-1.,0.));
#14724 = ADVANCED_FACE('',(#14725),#14736,.F.);
#14725 = FACE_BOUND('',#14726,.T.);
#14726 = EDGE_LOOP('',(#14727,#14728,#14734,#14735));
#14727 = ORIENTED_EDGE('',*,*,#3538,.T.);
#14728 = ORIENTED_EDGE('',*,*,#14729,.T.);
#14729 = EDGE_CURVE('',#3539,#7926,#14730,.T.);
#14730 = LINE('',#14731,#14732);
#14731 = CARTESIAN_POINT('',(157.21,-75.16,-4.6E-02));
#14732 = VECTOR('',#14733,1.);
#14733 = DIRECTION('',(0.,0.,1.));
#14734 = ORIENTED_EDGE('',*,*,#7925,.F.);
#14735 = ORIENTED_EDGE('',*,*,#14729,.F.);
#14736 = CYLINDRICAL_SURFACE('',#14737,1.5);
#14737 = AXIS2_PLACEMENT_3D('',#14738,#14739,#14740);
#14738 = CARTESIAN_POINT('',(157.21,-73.66,-4.6E-02));
#14739 = DIRECTION('',(-0.,-0.,-1.));
#14740 = DIRECTION('',(-0.,-1.,0.));
#14741 = ADVANCED_FACE('',(#14742),#14753,.F.);
#14742 = FACE_BOUND('',#14743,.T.);
#14743 = EDGE_LOOP('',(#14744,#14745,#14751,#14752));
#14744 = ORIENTED_EDGE('',*,*,#3549,.T.);
#14745 = ORIENTED_EDGE('',*,*,#14746,.T.);
#14746 = EDGE_CURVE('',#3550,#7937,#14747,.T.);
#14747 = LINE('',#14748,#14749);
#14748 = CARTESIAN_POINT('',(161.02,-78.25,-4.6E-02));
#14749 = VECTOR('',#14750,1.);
#14750 = DIRECTION('',(0.,0.,1.));
#14751 = ORIENTED_EDGE('',*,*,#7936,.F.);
#14752 = ORIENTED_EDGE('',*,*,#14746,.F.);
#14753 = CYLINDRICAL_SURFACE('',#14754,2.05);
#14754 = AXIS2_PLACEMENT_3D('',#14755,#14756,#14757);
#14755 = CARTESIAN_POINT('',(161.02,-76.2,-4.6E-02));
#14756 = DIRECTION('',(-0.,0.,-1.));
#14757 = DIRECTION('',(1.386424850264E-14,-1.,-0.));
#14758 = ADVANCED_FACE('',(#14759),#14775,.F.);
#14759 = FACE_BOUND('',#14760,.T.);
#14760 = EDGE_LOOP('',(#14761,#14762,#14768,#14769));
#14761 = ORIENTED_EDGE('',*,*,#3560,.T.);
#14762 = ORIENTED_EDGE('',*,*,#14763,.T.);
#14763 = EDGE_CURVE('',#3563,#7950,#14764,.T.);
#14764 = LINE('',#14765,#14766);
#14765 = CARTESIAN_POINT('',(166.52,-77.15,-4.6E-02));
#14766 = VECTOR('',#14767,1.);
#14767 = DIRECTION('',(0.,0.,1.));
#14768 = ORIENTED_EDGE('',*,*,#7947,.F.);
#14769 = ORIENTED_EDGE('',*,*,#14770,.T.);
#14770 = EDGE_CURVE('',#7948,#3561,#14771,.T.);
#14771 = LINE('',#14772,#14773);
#14772 = CARTESIAN_POINT('',(166.31,-75.27350121424,-4.6E-02));
#14773 = VECTOR('',#14774,1.);
#14774 = DIRECTION('',(-0.,0.,-1.));
#14775 = CYLINDRICAL_SURFACE('',#14776,0.95);
#14776 = AXIS2_PLACEMENT_3D('',#14777,#14778,#14779);
#14777 = CARTESIAN_POINT('',(166.52,-76.2,-4.6E-02));
#14778 = DIRECTION('',(-0.,0.,-1.));
#14779 = DIRECTION('',(2.991758887411E-14,-1.,-0.));
#14780 = ADVANCED_FACE('',(#14781),#14792,.F.);
#14781 = FACE_BOUND('',#14782,.T.);
#14782 = EDGE_LOOP('',(#14783,#14789,#14790,#14791));
#14783 = ORIENTED_EDGE('',*,*,#14784,.F.);
#14784 = EDGE_CURVE('',#3581,#7968,#14785,.T.);
#14785 = LINE('',#14786,#14787);
#14786 = CARTESIAN_POINT('',(166.1,-77.15,-4.6E-02));
#14787 = VECTOR('',#14788,1.);
#14788 = DIRECTION('',(0.,0.,1.));
#14789 = ORIENTED_EDGE('',*,*,#3589,.T.);
#14790 = ORIENTED_EDGE('',*,*,#14770,.F.);
#14791 = ORIENTED_EDGE('',*,*,#7976,.F.);
#14792 = CYLINDRICAL_SURFACE('',#14793,0.95);
#14793 = AXIS2_PLACEMENT_3D('',#14794,#14795,#14796);
#14794 = CARTESIAN_POINT('',(166.1,-76.2,-4.6E-02));
#14795 = DIRECTION('',(-0.,-0.,-1.));
#14796 = DIRECTION('',(-2.991758887411E-14,-1.,0.));
#14797 = ADVANCED_FACE('',(#14798),#14809,.F.);
#14798 = FACE_BOUND('',#14799,.T.);
#14799 = EDGE_LOOP('',(#14800,#14801,#14802,#14803));
#14800 = ORIENTED_EDGE('',*,*,#3580,.T.);
#14801 = ORIENTED_EDGE('',*,*,#14784,.T.);
#14802 = ORIENTED_EDGE('',*,*,#7967,.F.);
#14803 = ORIENTED_EDGE('',*,*,#14804,.T.);
#14804 = EDGE_CURVE('',#7959,#3572,#14805,.T.);
#14805 = LINE('',#14806,#14807);
#14806 = CARTESIAN_POINT('',(166.31,-77.12649878575,-4.6E-02));
#14807 = VECTOR('',#14808,1.);
#14808 = DIRECTION('',(-0.,0.,-1.));
#14809 = CYLINDRICAL_SURFACE('',#14810,0.95);
#14810 = AXIS2_PLACEMENT_3D('',#14811,#14812,#14813);
#14811 = CARTESIAN_POINT('',(166.1,-76.2,-4.6E-02));
#14812 = DIRECTION('',(-0.,-0.,-1.));
#14813 = DIRECTION('',(-2.991758887411E-14,-1.,0.));
#14814 = ADVANCED_FACE('',(#14815),#14821,.F.);
#14815 = FACE_BOUND('',#14816,.T.);
#14816 = EDGE_LOOP('',(#14817,#14818,#14819,#14820));
#14817 = ORIENTED_EDGE('',*,*,#14763,.F.);
#14818 = ORIENTED_EDGE('',*,*,#3571,.T.);
#14819 = ORIENTED_EDGE('',*,*,#14804,.F.);
#14820 = ORIENTED_EDGE('',*,*,#7958,.F.);
#14821 = CYLINDRICAL_SURFACE('',#14822,0.95);
#14822 = AXIS2_PLACEMENT_3D('',#14823,#14824,#14825);
#14823 = CARTESIAN_POINT('',(166.52,-76.2,-4.6E-02));
#14824 = DIRECTION('',(-0.,0.,-1.));
#14825 = DIRECTION('',(2.991758887411E-14,-1.,-0.));
#14826 = ADVANCED_FACE('',(#14827),#14838,.F.);
#14827 = FACE_BOUND('',#14828,.T.);
#14828 = EDGE_LOOP('',(#14829,#14830,#14836,#14837));
#14829 = ORIENTED_EDGE('',*,*,#3598,.T.);
#14830 = ORIENTED_EDGE('',*,*,#14831,.T.);
#14831 = EDGE_CURVE('',#3599,#7986,#14832,.T.);
#14832 = LINE('',#14833,#14834);
#14833 = CARTESIAN_POINT('',(163.56,-72.62,-4.6E-02));
#14834 = VECTOR('',#14835,1.);
#14835 = DIRECTION('',(0.,0.,1.));
#14836 = ORIENTED_EDGE('',*,*,#7985,.F.);
#14837 = ORIENTED_EDGE('',*,*,#14831,.F.);
#14838 = CYLINDRICAL_SURFACE('',#14839,1.5);
#14839 = AXIS2_PLACEMENT_3D('',#14840,#14841,#14842);
#14840 = CARTESIAN_POINT('',(163.56,-71.12,-4.6E-02));
#14841 = DIRECTION('',(-0.,-0.,-1.));
#14842 = DIRECTION('',(-0.,-1.,0.));
#14843 = ADVANCED_FACE('',(#14844),#14855,.F.);
#14844 = FACE_BOUND('',#14845,.T.);
#14845 = EDGE_LOOP('',(#14846,#14847,#14853,#14854));
#14846 = ORIENTED_EDGE('',*,*,#3609,.T.);
#14847 = ORIENTED_EDGE('',*,*,#14848,.T.);
#14848 = EDGE_CURVE('',#3610,#7997,#14849,.T.);
#14849 = LINE('',#14850,#14851);
#14850 = CARTESIAN_POINT('',(161.02,-64.55,-4.6E-02));
#14851 = VECTOR('',#14852,1.);
#14852 = DIRECTION('',(0.,0.,1.));
#14853 = ORIENTED_EDGE('',*,*,#7996,.F.);
#14854 = ORIENTED_EDGE('',*,*,#14848,.F.);
#14855 = CYLINDRICAL_SURFACE('',#14856,1.5);
#14856 = AXIS2_PLACEMENT_3D('',#14857,#14858,#14859);
#14857 = CARTESIAN_POINT('',(161.02,-63.05,-4.6E-02));
#14858 = DIRECTION('',(-0.,-0.,-1.));
#14859 = DIRECTION('',(-0.,-1.,0.));
#14860 = ADVANCED_FACE('',(#14861),#14877,.F.);
#14861 = FACE_BOUND('',#14862,.T.);
#14862 = EDGE_LOOP('',(#14863,#14864,#14870,#14871));
#14863 = ORIENTED_EDGE('',*,*,#3620,.T.);
#14864 = ORIENTED_EDGE('',*,*,#14865,.T.);
#14865 = EDGE_CURVE('',#3623,#8010,#14866,.T.);
#14866 = LINE('',#14867,#14868);
#14867 = CARTESIAN_POINT('',(174.99,-77.15,-4.6E-02));
#14868 = VECTOR('',#14869,1.);
#14869 = DIRECTION('',(0.,0.,1.));
#14870 = ORIENTED_EDGE('',*,*,#8007,.F.);
#14871 = ORIENTED_EDGE('',*,*,#14872,.T.);
#14872 = EDGE_CURVE('',#8008,#3621,#14873,.T.);
#14873 = LINE('',#14874,#14875);
#14874 = CARTESIAN_POINT('',(174.78,-75.27350121424,-4.6E-02));
#14875 = VECTOR('',#14876,1.);
#14876 = DIRECTION('',(-0.,-0.,-1.));
#14877 = CYLINDRICAL_SURFACE('',#14878,0.95);
#14878 = AXIS2_PLACEMENT_3D('',#14879,#14880,#14881);
#14879 = CARTESIAN_POINT('',(174.99,-76.2,-4.6E-02));
#14880 = DIRECTION('',(-0.,-0.,-1.));
#14881 = DIRECTION('',(-0.,-1.,0.));
#14882 = ADVANCED_FACE('',(#14883),#14894,.F.);
#14883 = FACE_BOUND('',#14884,.T.);
#14884 = EDGE_LOOP('',(#14885,#14891,#14892,#14893));
#14885 = ORIENTED_EDGE('',*,*,#14886,.F.);
#14886 = EDGE_CURVE('',#3641,#8028,#14887,.T.);
#14887 = LINE('',#14888,#14889);
#14888 = CARTESIAN_POINT('',(174.57,-77.15,-4.6E-02));
#14889 = VECTOR('',#14890,1.);
#14890 = DIRECTION('',(0.,0.,1.));
#14891 = ORIENTED_EDGE('',*,*,#3649,.T.);
#14892 = ORIENTED_EDGE('',*,*,#14872,.F.);
#14893 = ORIENTED_EDGE('',*,*,#8036,.F.);
#14894 = CYLINDRICAL_SURFACE('',#14895,0.95);
#14895 = AXIS2_PLACEMENT_3D('',#14896,#14897,#14898);
#14896 = CARTESIAN_POINT('',(174.57,-76.2,-4.6E-02));
#14897 = DIRECTION('',(-0.,-0.,-1.));
#14898 = DIRECTION('',(-0.,-1.,0.));
#14899 = ADVANCED_FACE('',(#14900),#14911,.F.);
#14900 = FACE_BOUND('',#14901,.T.);
#14901 = EDGE_LOOP('',(#14902,#14903,#14904,#14905));
#14902 = ORIENTED_EDGE('',*,*,#3640,.T.);
#14903 = ORIENTED_EDGE('',*,*,#14886,.T.);
#14904 = ORIENTED_EDGE('',*,*,#8027,.F.);
#14905 = ORIENTED_EDGE('',*,*,#14906,.T.);
#14906 = EDGE_CURVE('',#8019,#3632,#14907,.T.);
#14907 = LINE('',#14908,#14909);
#14908 = CARTESIAN_POINT('',(174.78,-77.12649878575,-4.6E-02));
#14909 = VECTOR('',#14910,1.);
#14910 = DIRECTION('',(-0.,-0.,-1.));
#14911 = CYLINDRICAL_SURFACE('',#14912,0.95);
#14912 = AXIS2_PLACEMENT_3D('',#14913,#14914,#14915);
#14913 = CARTESIAN_POINT('',(174.57,-76.2,-4.6E-02));
#14914 = DIRECTION('',(-0.,-0.,-1.));
#14915 = DIRECTION('',(-0.,-1.,0.));
#14916 = ADVANCED_FACE('',(#14917),#14923,.F.);
#14917 = FACE_BOUND('',#14918,.T.);
#14918 = EDGE_LOOP('',(#14919,#14920,#14921,#14922));
#14919 = ORIENTED_EDGE('',*,*,#14865,.F.);
#14920 = ORIENTED_EDGE('',*,*,#3631,.T.);
#14921 = ORIENTED_EDGE('',*,*,#14906,.F.);
#14922 = ORIENTED_EDGE('',*,*,#8018,.F.);
#14923 = CYLINDRICAL_SURFACE('',#14924,0.95);
#14924 = AXIS2_PLACEMENT_3D('',#14925,#14926,#14927);
#14925 = CARTESIAN_POINT('',(174.99,-76.2,-4.6E-02));
#14926 = DIRECTION('',(-0.,-0.,-1.));
#14927 = DIRECTION('',(-0.,-1.,0.));
#14928 = ADVANCED_FACE('',(#14929),#14940,.F.);
#14929 = FACE_BOUND('',#14930,.T.);
#14930 = EDGE_LOOP('',(#14931,#14932,#14938,#14939));
#14931 = ORIENTED_EDGE('',*,*,#3658,.T.);
#14932 = ORIENTED_EDGE('',*,*,#14933,.T.);
#14933 = EDGE_CURVE('',#3659,#8046,#14934,.T.);
#14934 = LINE('',#14935,#14936);
#14935 = CARTESIAN_POINT('',(176.26,-75.16,-4.6E-02));
#14936 = VECTOR('',#14937,1.);
#14937 = DIRECTION('',(0.,0.,1.));
#14938 = ORIENTED_EDGE('',*,*,#8045,.F.);
#14939 = ORIENTED_EDGE('',*,*,#14933,.F.);
#14940 = CYLINDRICAL_SURFACE('',#14941,1.5);
#14941 = AXIS2_PLACEMENT_3D('',#14942,#14943,#14944);
#14942 = CARTESIAN_POINT('',(176.26,-73.66,-4.6E-02));
#14943 = DIRECTION('',(-0.,-0.,-1.));
#14944 = DIRECTION('',(-0.,-1.,0.));
#14945 = ADVANCED_FACE('',(#14946),#14957,.F.);
#14946 = FACE_BOUND('',#14947,.T.);
#14947 = EDGE_LOOP('',(#14948,#14949,#14955,#14956));
#14948 = ORIENTED_EDGE('',*,*,#3669,.T.);
#14949 = ORIENTED_EDGE('',*,*,#14950,.T.);
#14950 = EDGE_CURVE('',#3670,#8057,#14951,.T.);
#14951 = LINE('',#14952,#14953);
#14952 = CARTESIAN_POINT('',(180.07,-78.25,-4.6E-02));
#14953 = VECTOR('',#14954,1.);
#14954 = DIRECTION('',(0.,0.,1.));
#14955 = ORIENTED_EDGE('',*,*,#8056,.F.);
#14956 = ORIENTED_EDGE('',*,*,#14950,.F.);
#14957 = CYLINDRICAL_SURFACE('',#14958,2.05);
#14958 = AXIS2_PLACEMENT_3D('',#14959,#14960,#14961);
#14959 = CARTESIAN_POINT('',(180.07,-76.2,-4.6E-02));
#14960 = DIRECTION('',(-0.,-0.,-1.));
#14961 = DIRECTION('',(-0.,-1.,0.));
#14962 = ADVANCED_FACE('',(#14963),#14979,.F.);
#14963 = FACE_BOUND('',#14964,.T.);
#14964 = EDGE_LOOP('',(#14965,#14966,#14972,#14973));
#14965 = ORIENTED_EDGE('',*,*,#3680,.T.);
#14966 = ORIENTED_EDGE('',*,*,#14967,.T.);
#14967 = EDGE_CURVE('',#3683,#8070,#14968,.T.);
#14968 = LINE('',#14969,#14970);
#14969 = CARTESIAN_POINT('',(185.57,-77.15,-4.6E-02));
#14970 = VECTOR('',#14971,1.);
#14971 = DIRECTION('',(0.,0.,1.));
#14972 = ORIENTED_EDGE('',*,*,#8067,.F.);
#14973 = ORIENTED_EDGE('',*,*,#14974,.T.);
#14974 = EDGE_CURVE('',#8068,#3681,#14975,.T.);
#14975 = LINE('',#14976,#14977);
#14976 = CARTESIAN_POINT('',(185.36,-75.27350121424,-4.6E-02));
#14977 = VECTOR('',#14978,1.);
#14978 = DIRECTION('',(-0.,-0.,-1.));
#14979 = CYLINDRICAL_SURFACE('',#14980,0.95);
#14980 = AXIS2_PLACEMENT_3D('',#14981,#14982,#14983);
#14981 = CARTESIAN_POINT('',(185.57,-76.2,-4.6E-02));
#14982 = DIRECTION('',(-0.,-0.,-1.));
#14983 = DIRECTION('',(-0.,-1.,0.));
#14984 = ADVANCED_FACE('',(#14985),#14996,.F.);
#14985 = FACE_BOUND('',#14986,.T.);
#14986 = EDGE_LOOP('',(#14987,#14993,#14994,#14995));
#14987 = ORIENTED_EDGE('',*,*,#14988,.F.);
#14988 = EDGE_CURVE('',#3701,#8088,#14989,.T.);
#14989 = LINE('',#14990,#14991);
#14990 = CARTESIAN_POINT('',(185.15,-77.15,-4.6E-02));
#14991 = VECTOR('',#14992,1.);
#14992 = DIRECTION('',(0.,0.,1.));
#14993 = ORIENTED_EDGE('',*,*,#3709,.T.);
#14994 = ORIENTED_EDGE('',*,*,#14974,.F.);
#14995 = ORIENTED_EDGE('',*,*,#8096,.F.);
#14996 = CYLINDRICAL_SURFACE('',#14997,0.95);
#14997 = AXIS2_PLACEMENT_3D('',#14998,#14999,#15000);
#14998 = CARTESIAN_POINT('',(185.15,-76.2,-4.6E-02));
#14999 = DIRECTION('',(-0.,0.,-1.));
#15000 = DIRECTION('',(2.991758887411E-14,-1.,-0.));
#15001 = ADVANCED_FACE('',(#15002),#15013,.F.);
#15002 = FACE_BOUND('',#15003,.T.);
#15003 = EDGE_LOOP('',(#15004,#15005,#15006,#15007));
#15004 = ORIENTED_EDGE('',*,*,#3700,.T.);
#15005 = ORIENTED_EDGE('',*,*,#14988,.T.);
#15006 = ORIENTED_EDGE('',*,*,#8087,.F.);
#15007 = ORIENTED_EDGE('',*,*,#15008,.T.);
#15008 = EDGE_CURVE('',#8079,#3692,#15009,.T.);
#15009 = LINE('',#15010,#15011);
#15010 = CARTESIAN_POINT('',(185.36,-77.12649878575,-4.6E-02));
#15011 = VECTOR('',#15012,1.);
#15012 = DIRECTION('',(-0.,-0.,-1.));
#15013 = CYLINDRICAL_SURFACE('',#15014,0.95);
#15014 = AXIS2_PLACEMENT_3D('',#15015,#15016,#15017);
#15015 = CARTESIAN_POINT('',(185.15,-76.2,-4.6E-02));
#15016 = DIRECTION('',(-0.,0.,-1.));
#15017 = DIRECTION('',(2.991758887411E-14,-1.,-0.));
#15018 = ADVANCED_FACE('',(#15019),#15025,.F.);
#15019 = FACE_BOUND('',#15020,.T.);
#15020 = EDGE_LOOP('',(#15021,#15022,#15023,#15024));
#15021 = ORIENTED_EDGE('',*,*,#14967,.F.);
#15022 = ORIENTED_EDGE('',*,*,#3691,.T.);
#15023 = ORIENTED_EDGE('',*,*,#15008,.F.);
#15024 = ORIENTED_EDGE('',*,*,#8078,.F.);
#15025 = CYLINDRICAL_SURFACE('',#15026,0.95);
#15026 = AXIS2_PLACEMENT_3D('',#15027,#15028,#15029);
#15027 = CARTESIAN_POINT('',(185.57,-76.2,-4.6E-02));
#15028 = DIRECTION('',(-0.,-0.,-1.));
#15029 = DIRECTION('',(-0.,-1.,0.));
#15030 = ADVANCED_FACE('',(#15031),#15042,.F.);
#15031 = FACE_BOUND('',#15032,.T.);
#15032 = EDGE_LOOP('',(#15033,#15034,#15040,#15041));
#15033 = ORIENTED_EDGE('',*,*,#3718,.T.);
#15034 = ORIENTED_EDGE('',*,*,#15035,.T.);
#15035 = EDGE_CURVE('',#3719,#8106,#15036,.T.);
#15036 = LINE('',#15037,#15038);
#15037 = CARTESIAN_POINT('',(182.61,-72.62,-4.6E-02));
#15038 = VECTOR('',#15039,1.);
#15039 = DIRECTION('',(0.,0.,1.));
#15040 = ORIENTED_EDGE('',*,*,#8105,.F.);
#15041 = ORIENTED_EDGE('',*,*,#15035,.F.);
#15042 = CYLINDRICAL_SURFACE('',#15043,1.5);
#15043 = AXIS2_PLACEMENT_3D('',#15044,#15045,#15046);
#15044 = CARTESIAN_POINT('',(182.61,-71.12,-4.6E-02));
#15045 = DIRECTION('',(-0.,-0.,-1.));
#15046 = DIRECTION('',(-0.,-1.,0.));
#15047 = ADVANCED_FACE('',(#15048),#15059,.F.);
#15048 = FACE_BOUND('',#15049,.T.);
#15049 = EDGE_LOOP('',(#15050,#15051,#15057,#15058));
#15050 = ORIENTED_EDGE('',*,*,#3729,.T.);
#15051 = ORIENTED_EDGE('',*,*,#15052,.T.);
#15052 = EDGE_CURVE('',#3730,#8117,#15053,.T.);
#15053 = LINE('',#15054,#15055);
#15054 = CARTESIAN_POINT('',(180.07,-64.55,-4.6E-02));
#15055 = VECTOR('',#15056,1.);
#15056 = DIRECTION('',(0.,0.,1.));
#15057 = ORIENTED_EDGE('',*,*,#8116,.F.);
#15058 = ORIENTED_EDGE('',*,*,#15052,.F.);
#15059 = CYLINDRICAL_SURFACE('',#15060,1.5);
#15060 = AXIS2_PLACEMENT_3D('',#15061,#15062,#15063);
#15061 = CARTESIAN_POINT('',(180.07,-63.05,-4.6E-02));
#15062 = DIRECTION('',(-0.,-0.,-1.));
#15063 = DIRECTION('',(-0.,-1.,0.));
#15064 = ADVANCED_FACE('',(#15065),#15076,.F.);
#15065 = FACE_BOUND('',#15066,.T.);
#15066 = EDGE_LOOP('',(#15067,#15068,#15074,#15075));
#15067 = ORIENTED_EDGE('',*,*,#3740,.T.);
#15068 = ORIENTED_EDGE('',*,*,#15069,.T.);
#15069 = EDGE_CURVE('',#3741,#8128,#15070,.T.);
#15070 = LINE('',#15071,#15072);
#15071 = CARTESIAN_POINT('',(156.02,-62.35,-4.6E-02));
#15072 = VECTOR('',#15073,1.);
#15073 = DIRECTION('',(0.,0.,1.));
#15074 = ORIENTED_EDGE('',*,*,#8127,.F.);
#15075 = ORIENTED_EDGE('',*,*,#15069,.F.);
#15076 = CYLINDRICAL_SURFACE('',#15077,1.5);
#15077 = AXIS2_PLACEMENT_3D('',#15078,#15079,#15080);
#15078 = CARTESIAN_POINT('',(156.02,-60.85,-4.6E-02));
#15079 = DIRECTION('',(-0.,-0.,-1.));
#15080 = DIRECTION('',(-0.,-1.,0.));
#15081 = ADVANCED_FACE('',(#15082),#15098,.F.);
#15082 = FACE_BOUND('',#15083,.T.);
#15083 = EDGE_LOOP('',(#15084,#15085,#15091,#15092));
#15084 = ORIENTED_EDGE('',*,*,#3751,.T.);
#15085 = ORIENTED_EDGE('',*,*,#15086,.T.);
#15086 = EDGE_CURVE('',#3754,#8141,#15087,.T.);
#15087 = LINE('',#15088,#15089);
#15088 = CARTESIAN_POINT('',(155.94,-58.1,-4.6E-02));
#15089 = VECTOR('',#15090,1.);
#15090 = DIRECTION('',(0.,0.,1.));
#15091 = ORIENTED_EDGE('',*,*,#8138,.F.);
#15092 = ORIENTED_EDGE('',*,*,#15093,.T.);
#15093 = EDGE_CURVE('',#8139,#3752,#15094,.T.);
#15094 = LINE('',#15095,#15096);
#15095 = CARTESIAN_POINT('',(155.73,-56.22350121424,-4.6E-02));
#15096 = VECTOR('',#15097,1.);
#15097 = DIRECTION('',(-0.,-0.,-1.));
#15098 = CYLINDRICAL_SURFACE('',#15099,0.95);
#15099 = AXIS2_PLACEMENT_3D('',#15100,#15101,#15102);
#15100 = CARTESIAN_POINT('',(155.94,-57.15,-4.6E-02));
#15101 = DIRECTION('',(-0.,-0.,-1.));
#15102 = DIRECTION('',(-0.,-1.,0.));
#15103 = ADVANCED_FACE('',(#15104),#15115,.F.);
#15104 = FACE_BOUND('',#15105,.T.);
#15105 = EDGE_LOOP('',(#15106,#15112,#15113,#15114));
#15106 = ORIENTED_EDGE('',*,*,#15107,.F.);
#15107 = EDGE_CURVE('',#3772,#8159,#15108,.T.);
#15108 = LINE('',#15109,#15110);
#15109 = CARTESIAN_POINT('',(155.52,-58.1,-4.6E-02));
#15110 = VECTOR('',#15111,1.);
#15111 = DIRECTION('',(0.,0.,1.));
#15112 = ORIENTED_EDGE('',*,*,#3780,.T.);
#15113 = ORIENTED_EDGE('',*,*,#15093,.F.);
#15114 = ORIENTED_EDGE('',*,*,#8167,.F.);
#15115 = CYLINDRICAL_SURFACE('',#15116,0.95);
#15116 = AXIS2_PLACEMENT_3D('',#15117,#15118,#15119);
#15117 = CARTESIAN_POINT('',(155.52,-57.15,-4.6E-02));
#15118 = DIRECTION('',(-0.,0.,-1.));
#15119 = DIRECTION('',(2.991758887411E-14,-1.,-0.));
#15120 = ADVANCED_FACE('',(#15121),#15132,.F.);
#15121 = FACE_BOUND('',#15122,.T.);
#15122 = EDGE_LOOP('',(#15123,#15124,#15125,#15126));
#15123 = ORIENTED_EDGE('',*,*,#3771,.T.);
#15124 = ORIENTED_EDGE('',*,*,#15107,.T.);
#15125 = ORIENTED_EDGE('',*,*,#8158,.F.);
#15126 = ORIENTED_EDGE('',*,*,#15127,.T.);
#15127 = EDGE_CURVE('',#8150,#3763,#15128,.T.);
#15128 = LINE('',#15129,#15130);
#15129 = CARTESIAN_POINT('',(155.73,-58.07649878575,-4.6E-02));
#15130 = VECTOR('',#15131,1.);
#15131 = DIRECTION('',(-0.,-0.,-1.));
#15132 = CYLINDRICAL_SURFACE('',#15133,0.95);
#15133 = AXIS2_PLACEMENT_3D('',#15134,#15135,#15136);
#15134 = CARTESIAN_POINT('',(155.52,-57.15,-4.6E-02));
#15135 = DIRECTION('',(-0.,0.,-1.));
#15136 = DIRECTION('',(2.991758887411E-14,-1.,-0.));
#15137 = ADVANCED_FACE('',(#15138),#15144,.F.);
#15138 = FACE_BOUND('',#15139,.T.);
#15139 = EDGE_LOOP('',(#15140,#15141,#15142,#15143));
#15140 = ORIENTED_EDGE('',*,*,#15086,.F.);
#15141 = ORIENTED_EDGE('',*,*,#3762,.T.);
#15142 = ORIENTED_EDGE('',*,*,#15127,.F.);
#15143 = ORIENTED_EDGE('',*,*,#8149,.F.);
#15144 = CYLINDRICAL_SURFACE('',#15145,0.95);
#15145 = AXIS2_PLACEMENT_3D('',#15146,#15147,#15148);
#15146 = CARTESIAN_POINT('',(155.94,-57.15,-4.6E-02));
#15147 = DIRECTION('',(-0.,-0.,-1.));
#15148 = DIRECTION('',(-0.,-1.,0.));
#15149 = ADVANCED_FACE('',(#15150),#15161,.F.);
#15150 = FACE_BOUND('',#15151,.T.);
#15151 = EDGE_LOOP('',(#15152,#15153,#15159,#15160));
#15152 = ORIENTED_EDGE('',*,*,#3789,.T.);
#15153 = ORIENTED_EDGE('',*,*,#15154,.T.);
#15154 = EDGE_CURVE('',#3790,#8177,#15155,.T.);
#15155 = LINE('',#15156,#15157);
#15156 = CARTESIAN_POINT('',(161.02,-59.2,-4.6E-02));
#15157 = VECTOR('',#15158,1.);
#15158 = DIRECTION('',(0.,0.,1.));
#15159 = ORIENTED_EDGE('',*,*,#8176,.F.);
#15160 = ORIENTED_EDGE('',*,*,#15154,.F.);
#15161 = CYLINDRICAL_SURFACE('',#15162,2.05);
#15162 = AXIS2_PLACEMENT_3D('',#15163,#15164,#15165);
#15163 = CARTESIAN_POINT('',(161.02,-57.15,-4.6E-02));
#15164 = DIRECTION('',(-0.,0.,-1.));
#15165 = DIRECTION('',(1.386424850264E-14,-1.,-0.));
#15166 = ADVANCED_FACE('',(#15167),#15183,.F.);
#15167 = FACE_BOUND('',#15168,.T.);
#15168 = EDGE_LOOP('',(#15169,#15170,#15176,#15177));
#15169 = ORIENTED_EDGE('',*,*,#3800,.T.);
#15170 = ORIENTED_EDGE('',*,*,#15171,.T.);
#15171 = EDGE_CURVE('',#3803,#8190,#15172,.T.);
#15172 = LINE('',#15173,#15174);
#15173 = CARTESIAN_POINT('',(166.52,-58.1,-4.6E-02));
#15174 = VECTOR('',#15175,1.);
#15175 = DIRECTION('',(0.,0.,1.));
#15176 = ORIENTED_EDGE('',*,*,#8187,.F.);
#15177 = ORIENTED_EDGE('',*,*,#15178,.T.);
#15178 = EDGE_CURVE('',#8188,#3801,#15179,.T.);
#15179 = LINE('',#15180,#15181);
#15180 = CARTESIAN_POINT('',(166.31,-56.22350121424,-4.6E-02));
#15181 = VECTOR('',#15182,1.);
#15182 = DIRECTION('',(-0.,0.,-1.));
#15183 = CYLINDRICAL_SURFACE('',#15184,0.95);
#15184 = AXIS2_PLACEMENT_3D('',#15185,#15186,#15187);
#15185 = CARTESIAN_POINT('',(166.52,-57.15,-4.6E-02));
#15186 = DIRECTION('',(-0.,0.,-1.));
#15187 = DIRECTION('',(2.991758887411E-14,-1.,-0.));
#15188 = ADVANCED_FACE('',(#15189),#15200,.F.);
#15189 = FACE_BOUND('',#15190,.T.);
#15190 = EDGE_LOOP('',(#15191,#15197,#15198,#15199));
#15191 = ORIENTED_EDGE('',*,*,#15192,.F.);
#15192 = EDGE_CURVE('',#3821,#8208,#15193,.T.);
#15193 = LINE('',#15194,#15195);
#15194 = CARTESIAN_POINT('',(166.1,-58.1,-4.6E-02));
#15195 = VECTOR('',#15196,1.);
#15196 = DIRECTION('',(0.,0.,1.));
#15197 = ORIENTED_EDGE('',*,*,#3829,.T.);
#15198 = ORIENTED_EDGE('',*,*,#15178,.F.);
#15199 = ORIENTED_EDGE('',*,*,#8216,.F.);
#15200 = CYLINDRICAL_SURFACE('',#15201,0.95);
#15201 = AXIS2_PLACEMENT_3D('',#15202,#15203,#15204);
#15202 = CARTESIAN_POINT('',(166.1,-57.15,-4.6E-02));
#15203 = DIRECTION('',(-0.,-0.,-1.));
#15204 = DIRECTION('',(-2.991758887411E-14,-1.,0.));
#15205 = ADVANCED_FACE('',(#15206),#15217,.F.);
#15206 = FACE_BOUND('',#15207,.T.);
#15207 = EDGE_LOOP('',(#15208,#15209,#15210,#15211));
#15208 = ORIENTED_EDGE('',*,*,#3820,.T.);
#15209 = ORIENTED_EDGE('',*,*,#15192,.T.);
#15210 = ORIENTED_EDGE('',*,*,#8207,.F.);
#15211 = ORIENTED_EDGE('',*,*,#15212,.T.);
#15212 = EDGE_CURVE('',#8199,#3812,#15213,.T.);
#15213 = LINE('',#15214,#15215);
#15214 = CARTESIAN_POINT('',(166.31,-58.07649878575,-4.6E-02));
#15215 = VECTOR('',#15216,1.);
#15216 = DIRECTION('',(-0.,0.,-1.));
#15217 = CYLINDRICAL_SURFACE('',#15218,0.95);
#15218 = AXIS2_PLACEMENT_3D('',#15219,#15220,#15221);
#15219 = CARTESIAN_POINT('',(166.1,-57.15,-4.6E-02));
#15220 = DIRECTION('',(-0.,-0.,-1.));
#15221 = DIRECTION('',(-2.991758887411E-14,-1.,0.));
#15222 = ADVANCED_FACE('',(#15223),#15229,.F.);
#15223 = FACE_BOUND('',#15224,.T.);
#15224 = EDGE_LOOP('',(#15225,#15226,#15227,#15228));
#15225 = ORIENTED_EDGE('',*,*,#15171,.F.);
#15226 = ORIENTED_EDGE('',*,*,#3811,.T.);
#15227 = ORIENTED_EDGE('',*,*,#15212,.F.);
#15228 = ORIENTED_EDGE('',*,*,#8198,.F.);
#15229 = CYLINDRICAL_SURFACE('',#15230,0.95);
#15230 = AXIS2_PLACEMENT_3D('',#15231,#15232,#15233);
#15231 = CARTESIAN_POINT('',(166.52,-57.15,-4.6E-02));
#15232 = DIRECTION('',(-0.,0.,-1.));
#15233 = DIRECTION('',(2.991758887411E-14,-1.,-0.));
#15234 = ADVANCED_FACE('',(#15235),#15246,.F.);
#15235 = FACE_BOUND('',#15236,.T.);
#15236 = EDGE_LOOP('',(#15237,#15238,#15244,#15245));
#15237 = ORIENTED_EDGE('',*,*,#3838,.T.);
#15238 = ORIENTED_EDGE('',*,*,#15239,.T.);
#15239 = EDGE_CURVE('',#3839,#8226,#15240,.T.);
#15240 = LINE('',#15241,#15242);
#15241 = CARTESIAN_POINT('',(157.21,-56.11,-4.6E-02));
#15242 = VECTOR('',#15243,1.);
#15243 = DIRECTION('',(0.,0.,1.));
#15244 = ORIENTED_EDGE('',*,*,#8225,.F.);
#15245 = ORIENTED_EDGE('',*,*,#15239,.F.);
#15246 = CYLINDRICAL_SURFACE('',#15247,1.5);
#15247 = AXIS2_PLACEMENT_3D('',#15248,#15249,#15250);
#15248 = CARTESIAN_POINT('',(157.21,-54.61,-4.6E-02));
#15249 = DIRECTION('',(-0.,-0.,-1.));
#15250 = DIRECTION('',(-0.,-1.,0.));
#15251 = ADVANCED_FACE('',(#15252),#15263,.F.);
#15252 = FACE_BOUND('',#15253,.T.);
#15253 = EDGE_LOOP('',(#15254,#15255,#15261,#15262));
#15254 = ORIENTED_EDGE('',*,*,#3849,.T.);
#15255 = ORIENTED_EDGE('',*,*,#15256,.T.);
#15256 = EDGE_CURVE('',#3850,#8237,#15257,.T.);
#15257 = LINE('',#15258,#15259);
#15258 = CARTESIAN_POINT('',(163.56,-53.57,-4.6E-02));
#15259 = VECTOR('',#15260,1.);
#15260 = DIRECTION('',(0.,0.,1.));
#15261 = ORIENTED_EDGE('',*,*,#8236,.F.);
#15262 = ORIENTED_EDGE('',*,*,#15256,.F.);
#15263 = CYLINDRICAL_SURFACE('',#15264,1.5);
#15264 = AXIS2_PLACEMENT_3D('',#15265,#15266,#15267);
#15265 = CARTESIAN_POINT('',(163.56,-52.07,-4.6E-02));
#15266 = DIRECTION('',(-0.,-0.,-1.));
#15267 = DIRECTION('',(-0.,-1.,0.));
#15268 = ADVANCED_FACE('',(#15269),#15280,.F.);
#15269 = FACE_BOUND('',#15270,.T.);
#15270 = EDGE_LOOP('',(#15271,#15272,#15278,#15279));
#15271 = ORIENTED_EDGE('',*,*,#3860,.T.);
#15272 = ORIENTED_EDGE('',*,*,#15273,.T.);
#15273 = EDGE_CURVE('',#3861,#8248,#15274,.T.);
#15274 = LINE('',#15275,#15276);
#15275 = CARTESIAN_POINT('',(175.07,-62.35,-4.6E-02));
#15276 = VECTOR('',#15277,1.);
#15277 = DIRECTION('',(0.,0.,1.));
#15278 = ORIENTED_EDGE('',*,*,#8247,.F.);
#15279 = ORIENTED_EDGE('',*,*,#15273,.F.);
#15280 = CYLINDRICAL_SURFACE('',#15281,1.5);
#15281 = AXIS2_PLACEMENT_3D('',#15282,#15283,#15284);
#15282 = CARTESIAN_POINT('',(175.07,-60.85,-4.6E-02));
#15283 = DIRECTION('',(-0.,-0.,-1.));
#15284 = DIRECTION('',(-0.,-1.,0.));
#15285 = ADVANCED_FACE('',(#15286),#15302,.F.);
#15286 = FACE_BOUND('',#15287,.T.);
#15287 = EDGE_LOOP('',(#15288,#15289,#15295,#15296));
#15288 = ORIENTED_EDGE('',*,*,#3871,.T.);
#15289 = ORIENTED_EDGE('',*,*,#15290,.T.);
#15290 = EDGE_CURVE('',#3874,#8261,#15291,.T.);
#15291 = LINE('',#15292,#15293);
#15292 = CARTESIAN_POINT('',(174.99,-58.1,-4.6E-02));
#15293 = VECTOR('',#15294,1.);
#15294 = DIRECTION('',(0.,0.,1.));
#15295 = ORIENTED_EDGE('',*,*,#8258,.F.);
#15296 = ORIENTED_EDGE('',*,*,#15297,.T.);
#15297 = EDGE_CURVE('',#8259,#3872,#15298,.T.);
#15298 = LINE('',#15299,#15300);
#15299 = CARTESIAN_POINT('',(174.78,-56.22350121424,-4.6E-02));
#15300 = VECTOR('',#15301,1.);
#15301 = DIRECTION('',(-0.,-0.,-1.));
#15302 = CYLINDRICAL_SURFACE('',#15303,0.95);
#15303 = AXIS2_PLACEMENT_3D('',#15304,#15305,#15306);
#15304 = CARTESIAN_POINT('',(174.99,-57.15,-4.6E-02));
#15305 = DIRECTION('',(-0.,-0.,-1.));
#15306 = DIRECTION('',(-0.,-1.,0.));
#15307 = ADVANCED_FACE('',(#15308),#15319,.F.);
#15308 = FACE_BOUND('',#15309,.T.);
#15309 = EDGE_LOOP('',(#15310,#15316,#15317,#15318));
#15310 = ORIENTED_EDGE('',*,*,#15311,.F.);
#15311 = EDGE_CURVE('',#3892,#8279,#15312,.T.);
#15312 = LINE('',#15313,#15314);
#15313 = CARTESIAN_POINT('',(174.57,-58.1,-4.6E-02));
#15314 = VECTOR('',#15315,1.);
#15315 = DIRECTION('',(0.,0.,1.));
#15316 = ORIENTED_EDGE('',*,*,#3900,.T.);
#15317 = ORIENTED_EDGE('',*,*,#15297,.F.);
#15318 = ORIENTED_EDGE('',*,*,#8287,.F.);
#15319 = CYLINDRICAL_SURFACE('',#15320,0.95);
#15320 = AXIS2_PLACEMENT_3D('',#15321,#15322,#15323);
#15321 = CARTESIAN_POINT('',(174.57,-57.15,-4.6E-02));
#15322 = DIRECTION('',(-0.,-0.,-1.));
#15323 = DIRECTION('',(-0.,-1.,0.));
#15324 = ADVANCED_FACE('',(#15325),#15336,.F.);
#15325 = FACE_BOUND('',#15326,.T.);
#15326 = EDGE_LOOP('',(#15327,#15328,#15329,#15330));
#15327 = ORIENTED_EDGE('',*,*,#3891,.T.);
#15328 = ORIENTED_EDGE('',*,*,#15311,.T.);
#15329 = ORIENTED_EDGE('',*,*,#8278,.F.);
#15330 = ORIENTED_EDGE('',*,*,#15331,.T.);
#15331 = EDGE_CURVE('',#8270,#3883,#15332,.T.);
#15332 = LINE('',#15333,#15334);
#15333 = CARTESIAN_POINT('',(174.78,-58.07649878575,-4.6E-02));
#15334 = VECTOR('',#15335,1.);
#15335 = DIRECTION('',(-0.,-0.,-1.));
#15336 = CYLINDRICAL_SURFACE('',#15337,0.95);
#15337 = AXIS2_PLACEMENT_3D('',#15338,#15339,#15340);
#15338 = CARTESIAN_POINT('',(174.57,-57.15,-4.6E-02));
#15339 = DIRECTION('',(-0.,-0.,-1.));
#15340 = DIRECTION('',(-0.,-1.,0.));
#15341 = ADVANCED_FACE('',(#15342),#15348,.F.);
#15342 = FACE_BOUND('',#15343,.T.);
#15343 = EDGE_LOOP('',(#15344,#15345,#15346,#15347));
#15344 = ORIENTED_EDGE('',*,*,#15290,.F.);
#15345 = ORIENTED_EDGE('',*,*,#3882,.T.);
#15346 = ORIENTED_EDGE('',*,*,#15331,.F.);
#15347 = ORIENTED_EDGE('',*,*,#8269,.F.);
#15348 = CYLINDRICAL_SURFACE('',#15349,0.95);
#15349 = AXIS2_PLACEMENT_3D('',#15350,#15351,#15352);
#15350 = CARTESIAN_POINT('',(174.99,-57.15,-4.6E-02));
#15351 = DIRECTION('',(-0.,-0.,-1.));
#15352 = DIRECTION('',(-0.,-1.,0.));
#15353 = ADVANCED_FACE('',(#15354),#15365,.F.);
#15354 = FACE_BOUND('',#15355,.T.);
#15355 = EDGE_LOOP('',(#15356,#15357,#15363,#15364));
#15356 = ORIENTED_EDGE('',*,*,#3909,.T.);
#15357 = ORIENTED_EDGE('',*,*,#15358,.T.);
#15358 = EDGE_CURVE('',#3910,#8297,#15359,.T.);
#15359 = LINE('',#15360,#15361);
#15360 = CARTESIAN_POINT('',(180.07,-59.2,-4.6E-02));
#15361 = VECTOR('',#15362,1.);
#15362 = DIRECTION('',(0.,0.,1.));
#15363 = ORIENTED_EDGE('',*,*,#8296,.F.);
#15364 = ORIENTED_EDGE('',*,*,#15358,.F.);
#15365 = CYLINDRICAL_SURFACE('',#15366,2.05);
#15366 = AXIS2_PLACEMENT_3D('',#15367,#15368,#15369);
#15367 = CARTESIAN_POINT('',(180.07,-57.15,-4.6E-02));
#15368 = DIRECTION('',(-0.,-0.,-1.));
#15369 = DIRECTION('',(-0.,-1.,0.));
#15370 = ADVANCED_FACE('',(#15371),#15387,.F.);
#15371 = FACE_BOUND('',#15372,.T.);
#15372 = EDGE_LOOP('',(#15373,#15374,#15380,#15381));
#15373 = ORIENTED_EDGE('',*,*,#3920,.T.);
#15374 = ORIENTED_EDGE('',*,*,#15375,.T.);
#15375 = EDGE_CURVE('',#3923,#8310,#15376,.T.);
#15376 = LINE('',#15377,#15378);
#15377 = CARTESIAN_POINT('',(185.57,-58.1,-4.6E-02));
#15378 = VECTOR('',#15379,1.);
#15379 = DIRECTION('',(0.,0.,1.));
#15380 = ORIENTED_EDGE('',*,*,#8307,.F.);
#15381 = ORIENTED_EDGE('',*,*,#15382,.T.);
#15382 = EDGE_CURVE('',#8308,#3921,#15383,.T.);
#15383 = LINE('',#15384,#15385);
#15384 = CARTESIAN_POINT('',(185.36,-56.22350121424,-4.6E-02));
#15385 = VECTOR('',#15386,1.);
#15386 = DIRECTION('',(-0.,-0.,-1.));
#15387 = CYLINDRICAL_SURFACE('',#15388,0.95);
#15388 = AXIS2_PLACEMENT_3D('',#15389,#15390,#15391);
#15389 = CARTESIAN_POINT('',(185.57,-57.15,-4.6E-02));
#15390 = DIRECTION('',(-0.,-0.,-1.));
#15391 = DIRECTION('',(-0.,-1.,0.));
#15392 = ADVANCED_FACE('',(#15393),#15404,.F.);
#15393 = FACE_BOUND('',#15394,.T.);
#15394 = EDGE_LOOP('',(#15395,#15401,#15402,#15403));
#15395 = ORIENTED_EDGE('',*,*,#15396,.F.);
#15396 = EDGE_CURVE('',#3941,#8328,#15397,.T.);
#15397 = LINE('',#15398,#15399);
#15398 = CARTESIAN_POINT('',(185.15,-58.1,-4.6E-02));
#15399 = VECTOR('',#15400,1.);
#15400 = DIRECTION('',(0.,0.,1.));
#15401 = ORIENTED_EDGE('',*,*,#3949,.T.);
#15402 = ORIENTED_EDGE('',*,*,#15382,.F.);
#15403 = ORIENTED_EDGE('',*,*,#8336,.F.);
#15404 = CYLINDRICAL_SURFACE('',#15405,0.95);
#15405 = AXIS2_PLACEMENT_3D('',#15406,#15407,#15408);
#15406 = CARTESIAN_POINT('',(185.15,-57.15,-4.6E-02));
#15407 = DIRECTION('',(-0.,0.,-1.));
#15408 = DIRECTION('',(2.991758887411E-14,-1.,-0.));
#15409 = ADVANCED_FACE('',(#15410),#15421,.F.);
#15410 = FACE_BOUND('',#15411,.T.);
#15411 = EDGE_LOOP('',(#15412,#15413,#15414,#15415));
#15412 = ORIENTED_EDGE('',*,*,#3940,.T.);
#15413 = ORIENTED_EDGE('',*,*,#15396,.T.);
#15414 = ORIENTED_EDGE('',*,*,#8327,.F.);
#15415 = ORIENTED_EDGE('',*,*,#15416,.T.);
#15416 = EDGE_CURVE('',#8319,#3932,#15417,.T.);
#15417 = LINE('',#15418,#15419);
#15418 = CARTESIAN_POINT('',(185.36,-58.07649878575,-4.6E-02));
#15419 = VECTOR('',#15420,1.);
#15420 = DIRECTION('',(-0.,-0.,-1.));
#15421 = CYLINDRICAL_SURFACE('',#15422,0.95);
#15422 = AXIS2_PLACEMENT_3D('',#15423,#15424,#15425);
#15423 = CARTESIAN_POINT('',(185.15,-57.15,-4.6E-02));
#15424 = DIRECTION('',(-0.,0.,-1.));
#15425 = DIRECTION('',(2.991758887411E-14,-1.,-0.));
#15426 = ADVANCED_FACE('',(#15427),#15433,.F.);
#15427 = FACE_BOUND('',#15428,.T.);
#15428 = EDGE_LOOP('',(#15429,#15430,#15431,#15432));
#15429 = ORIENTED_EDGE('',*,*,#15375,.F.);
#15430 = ORIENTED_EDGE('',*,*,#3931,.T.);
#15431 = ORIENTED_EDGE('',*,*,#15416,.F.);
#15432 = ORIENTED_EDGE('',*,*,#8318,.F.);
#15433 = CYLINDRICAL_SURFACE('',#15434,0.95);
#15434 = AXIS2_PLACEMENT_3D('',#15435,#15436,#15437);
#15435 = CARTESIAN_POINT('',(185.57,-57.15,-4.6E-02));
#15436 = DIRECTION('',(-0.,-0.,-1.));
#15437 = DIRECTION('',(-0.,-1.,0.));
#15438 = ADVANCED_FACE('',(#15439),#15450,.F.);
#15439 = FACE_BOUND('',#15440,.T.);
#15440 = EDGE_LOOP('',(#15441,#15442,#15448,#15449));
#15441 = ORIENTED_EDGE('',*,*,#3958,.T.);
#15442 = ORIENTED_EDGE('',*,*,#15443,.T.);
#15443 = EDGE_CURVE('',#3959,#8346,#15444,.T.);
#15444 = LINE('',#15445,#15446);
#15445 = CARTESIAN_POINT('',(176.26,-56.11,-4.6E-02));
#15446 = VECTOR('',#15447,1.);
#15447 = DIRECTION('',(0.,0.,1.));
#15448 = ORIENTED_EDGE('',*,*,#8345,.F.);
#15449 = ORIENTED_EDGE('',*,*,#15443,.F.);
#15450 = CYLINDRICAL_SURFACE('',#15451,1.5);
#15451 = AXIS2_PLACEMENT_3D('',#15452,#15453,#15454);
#15452 = CARTESIAN_POINT('',(176.26,-54.61,-4.6E-02));
#15453 = DIRECTION('',(-0.,-0.,-1.));
#15454 = DIRECTION('',(-0.,-1.,0.));
#15455 = ADVANCED_FACE('',(#15456),#15467,.F.);
#15456 = FACE_BOUND('',#15457,.T.);
#15457 = EDGE_LOOP('',(#15458,#15459,#15465,#15466));
#15458 = ORIENTED_EDGE('',*,*,#3969,.T.);
#15459 = ORIENTED_EDGE('',*,*,#15460,.T.);
#15460 = EDGE_CURVE('',#3970,#8357,#15461,.T.);
#15461 = LINE('',#15462,#15463);
#15462 = CARTESIAN_POINT('',(182.61,-53.57,-4.6E-02));
#15463 = VECTOR('',#15464,1.);
#15464 = DIRECTION('',(0.,0.,1.));
#15465 = ORIENTED_EDGE('',*,*,#8356,.F.);
#15466 = ORIENTED_EDGE('',*,*,#15460,.F.);
#15467 = CYLINDRICAL_SURFACE('',#15468,1.5);
#15468 = AXIS2_PLACEMENT_3D('',#15469,#15470,#15471);
#15469 = CARTESIAN_POINT('',(182.61,-52.07,-4.6E-02));
#15470 = DIRECTION('',(-0.,-0.,-1.));
#15471 = DIRECTION('',(-0.,-1.,0.));
#15472 = ADVANCED_FACE('',(#15473),#15484,.F.);
#15473 = FACE_BOUND('',#15474,.T.);
#15474 = EDGE_LOOP('',(#15475,#15476,#15482,#15483));
#15475 = ORIENTED_EDGE('',*,*,#3980,.T.);
#15476 = ORIENTED_EDGE('',*,*,#15477,.T.);
#15477 = EDGE_CURVE('',#3981,#8368,#15478,.T.);
#15478 = LINE('',#15479,#15480);
#15479 = CARTESIAN_POINT('',(122.92,-49.675,-4.6E-02));
#15480 = VECTOR('',#15481,1.);
#15481 = DIRECTION('',(0.,0.,1.));
#15482 = ORIENTED_EDGE('',*,*,#8367,.F.);
#15483 = ORIENTED_EDGE('',*,*,#15477,.F.);
#15484 = CYLINDRICAL_SURFACE('',#15485,2.05);
#15485 = AXIS2_PLACEMENT_3D('',#15486,#15487,#15488);
#15486 = CARTESIAN_POINT('',(122.92,-47.625,-4.6E-02));
#15487 = DIRECTION('',(-0.,-0.,-1.));
#15488 = DIRECTION('',(-0.,-1.,0.));
#15489 = ADVANCED_FACE('',(#15490),#15506,.F.);
#15490 = FACE_BOUND('',#15491,.T.);
#15491 = EDGE_LOOP('',(#15492,#15493,#15499,#15500));
#15492 = ORIENTED_EDGE('',*,*,#3991,.T.);
#15493 = ORIENTED_EDGE('',*,*,#15494,.T.);
#15494 = EDGE_CURVE('',#3994,#8381,#15495,.T.);
#15495 = LINE('',#15496,#15497);
#15496 = CARTESIAN_POINT('',(128.42,-48.575,-4.6E-02));
#15497 = VECTOR('',#15498,1.);
#15498 = DIRECTION('',(0.,0.,1.));
#15499 = ORIENTED_EDGE('',*,*,#8378,.F.);
#15500 = ORIENTED_EDGE('',*,*,#15501,.T.);
#15501 = EDGE_CURVE('',#8379,#3992,#15502,.T.);
#15502 = LINE('',#15503,#15504);
#15503 = CARTESIAN_POINT('',(128.21,-46.69850121424,-4.6E-02));
#15504 = VECTOR('',#15505,1.);
#15505 = DIRECTION('',(-0.,-0.,-1.));
#15506 = CYLINDRICAL_SURFACE('',#15507,0.95);
#15507 = AXIS2_PLACEMENT_3D('',#15508,#15509,#15510);
#15508 = CARTESIAN_POINT('',(128.42,-47.625,-4.6E-02));
#15509 = DIRECTION('',(-0.,-0.,-1.));
#15510 = DIRECTION('',(-2.991758887411E-14,-1.,0.));
#15511 = ADVANCED_FACE('',(#15512),#15523,.F.);
#15512 = FACE_BOUND('',#15513,.T.);
#15513 = EDGE_LOOP('',(#15514,#15520,#15521,#15522));
#15514 = ORIENTED_EDGE('',*,*,#15515,.F.);
#15515 = EDGE_CURVE('',#4012,#8399,#15516,.T.);
#15516 = LINE('',#15517,#15518);
#15517 = CARTESIAN_POINT('',(128.,-48.575,-4.6E-02));
#15518 = VECTOR('',#15519,1.);
#15519 = DIRECTION('',(0.,0.,1.));
#15520 = ORIENTED_EDGE('',*,*,#4020,.T.);
#15521 = ORIENTED_EDGE('',*,*,#15501,.F.);
#15522 = ORIENTED_EDGE('',*,*,#8407,.F.);
#15523 = CYLINDRICAL_SURFACE('',#15524,0.95);
#15524 = AXIS2_PLACEMENT_3D('',#15525,#15526,#15527);
#15525 = CARTESIAN_POINT('',(128.,-47.625,-4.6E-02));
#15526 = DIRECTION('',(-0.,-0.,-1.));
#15527 = DIRECTION('',(-0.,-1.,0.));
#15528 = ADVANCED_FACE('',(#15529),#15540,.F.);
#15529 = FACE_BOUND('',#15530,.T.);
#15530 = EDGE_LOOP('',(#15531,#15532,#15533,#15534));
#15531 = ORIENTED_EDGE('',*,*,#4011,.T.);
#15532 = ORIENTED_EDGE('',*,*,#15515,.T.);
#15533 = ORIENTED_EDGE('',*,*,#8398,.F.);
#15534 = ORIENTED_EDGE('',*,*,#15535,.T.);
#15535 = EDGE_CURVE('',#8390,#4003,#15536,.T.);
#15536 = LINE('',#15537,#15538);
#15537 = CARTESIAN_POINT('',(128.21,-48.55149878575,-4.6E-02));
#15538 = VECTOR('',#15539,1.);
#15539 = DIRECTION('',(-0.,-0.,-1.));
#15540 = CYLINDRICAL_SURFACE('',#15541,0.95);
#15541 = AXIS2_PLACEMENT_3D('',#15542,#15543,#15544);
#15542 = CARTESIAN_POINT('',(128.,-47.625,-4.6E-02));
#15543 = DIRECTION('',(-0.,-0.,-1.));
#15544 = DIRECTION('',(-0.,-1.,0.));
#15545 = ADVANCED_FACE('',(#15546),#15552,.F.);
#15546 = FACE_BOUND('',#15547,.T.);
#15547 = EDGE_LOOP('',(#15548,#15549,#15550,#15551));
#15548 = ORIENTED_EDGE('',*,*,#15494,.F.);
#15549 = ORIENTED_EDGE('',*,*,#4002,.T.);
#15550 = ORIENTED_EDGE('',*,*,#15535,.F.);
#15551 = ORIENTED_EDGE('',*,*,#8389,.F.);
#15552 = CYLINDRICAL_SURFACE('',#15553,0.95);
#15553 = AXIS2_PLACEMENT_3D('',#15554,#15555,#15556);
#15554 = CARTESIAN_POINT('',(128.42,-47.625,-4.6E-02));
#15555 = DIRECTION('',(-0.,-0.,-1.));
#15556 = DIRECTION('',(-2.991758887411E-14,-1.,0.));
#15557 = ADVANCED_FACE('',(#15558),#15569,.F.);
#15558 = FACE_BOUND('',#15559,.T.);
#15559 = EDGE_LOOP('',(#15560,#15561,#15567,#15568));
#15560 = ORIENTED_EDGE('',*,*,#4029,.T.);
#15561 = ORIENTED_EDGE('',*,*,#15562,.T.);
#15562 = EDGE_CURVE('',#4030,#8417,#15563,.T.);
#15563 = LINE('',#15564,#15565);
#15564 = CARTESIAN_POINT('',(125.46,-44.045,-4.6E-02));
#15565 = VECTOR('',#15566,1.);
#15566 = DIRECTION('',(0.,0.,1.));
#15567 = ORIENTED_EDGE('',*,*,#8416,.F.);
#15568 = ORIENTED_EDGE('',*,*,#15562,.F.);
#15569 = CYLINDRICAL_SURFACE('',#15570,1.5);
#15570 = AXIS2_PLACEMENT_3D('',#15571,#15572,#15573);
#15571 = CARTESIAN_POINT('',(125.46,-42.545,-4.6E-02));
#15572 = DIRECTION('',(-0.,-0.,-1.));
#15573 = DIRECTION('',(-0.,-1.,0.));
#15574 = ADVANCED_FACE('',(#15575),#15586,.F.);
#15575 = FACE_BOUND('',#15576,.T.);
#15576 = EDGE_LOOP('',(#15577,#15578,#15584,#15585));
#15577 = ORIENTED_EDGE('',*,*,#4040,.T.);
#15578 = ORIENTED_EDGE('',*,*,#15579,.T.);
#15579 = EDGE_CURVE('',#4041,#8428,#15580,.T.);
#15580 = LINE('',#15581,#15582);
#15581 = CARTESIAN_POINT('',(138.16,-48.49,-4.6E-02));
#15582 = VECTOR('',#15583,1.);
#15583 = DIRECTION('',(0.,0.,1.));
#15584 = ORIENTED_EDGE('',*,*,#8427,.F.);
#15585 = ORIENTED_EDGE('',*,*,#15579,.F.);
#15586 = CYLINDRICAL_SURFACE('',#15587,1.5);
#15587 = AXIS2_PLACEMENT_3D('',#15588,#15589,#15590);
#15588 = CARTESIAN_POINT('',(138.16,-46.99,-4.6E-02));
#15589 = DIRECTION('',(-0.,-0.,-1.));
#15590 = DIRECTION('',(-0.,-1.,0.));
#15591 = ADVANCED_FACE('',(#15592),#15603,.F.);
#15592 = FACE_BOUND('',#15593,.T.);
#15593 = EDGE_LOOP('',(#15594,#15595,#15601,#15602));
#15594 = ORIENTED_EDGE('',*,*,#4051,.T.);
#15595 = ORIENTED_EDGE('',*,*,#15596,.T.);
#15596 = EDGE_CURVE('',#4052,#8439,#15597,.T.);
#15597 = LINE('',#15598,#15599);
#15598 = CARTESIAN_POINT('',(144.51,-45.95,-4.6E-02));
#15599 = VECTOR('',#15600,1.);
#15600 = DIRECTION('',(0.,0.,1.));
#15601 = ORIENTED_EDGE('',*,*,#8438,.F.);
#15602 = ORIENTED_EDGE('',*,*,#15596,.F.);
#15603 = CYLINDRICAL_SURFACE('',#15604,1.5);
#15604 = AXIS2_PLACEMENT_3D('',#15605,#15606,#15607);
#15605 = CARTESIAN_POINT('',(144.51,-44.45,-4.6E-02));
#15606 = DIRECTION('',(-0.,-0.,-1.));
#15607 = DIRECTION('',(-0.,-1.,0.));
#15608 = ADVANCED_FACE('',(#15609),#15620,.F.);
#15609 = FACE_BOUND('',#15610,.T.);
#15610 = EDGE_LOOP('',(#15611,#15612,#15618,#15619));
#15611 = ORIENTED_EDGE('',*,*,#4062,.T.);
#15612 = ORIENTED_EDGE('',*,*,#15613,.T.);
#15613 = EDGE_CURVE('',#4063,#8450,#15614,.T.);
#15614 = LINE('',#15615,#15616);
#15615 = CARTESIAN_POINT('',(141.97,-37.88,-4.6E-02));
#15616 = VECTOR('',#15617,1.);
#15617 = DIRECTION('',(0.,0.,1.));
#15618 = ORIENTED_EDGE('',*,*,#8449,.F.);
#15619 = ORIENTED_EDGE('',*,*,#15613,.F.);
#15620 = CYLINDRICAL_SURFACE('',#15621,1.5);
#15621 = AXIS2_PLACEMENT_3D('',#15622,#15623,#15624);
#15622 = CARTESIAN_POINT('',(141.97,-36.38,-4.6E-02));
#15623 = DIRECTION('',(-0.,-0.,-1.));
#15624 = DIRECTION('',(-0.,-1.,0.));
#15625 = ADVANCED_FACE('',(#15626),#15637,.F.);
#15626 = FACE_BOUND('',#15627,.T.);
#15627 = EDGE_LOOP('',(#15628,#15629,#15635,#15636));
#15628 = ORIENTED_EDGE('',*,*,#4073,.T.);
#15629 = ORIENTED_EDGE('',*,*,#15630,.T.);
#15630 = EDGE_CURVE('',#4074,#8461,#15631,.T.);
#15631 = LINE('',#15632,#15633);
#15632 = CARTESIAN_POINT('',(122.92,-35.975,-4.6E-02));
#15633 = VECTOR('',#15634,1.);
#15634 = DIRECTION('',(0.,0.,1.));
#15635 = ORIENTED_EDGE('',*,*,#8460,.F.);
#15636 = ORIENTED_EDGE('',*,*,#15630,.F.);
#15637 = CYLINDRICAL_SURFACE('',#15638,1.5);
#15638 = AXIS2_PLACEMENT_3D('',#15639,#15640,#15641);
#15639 = CARTESIAN_POINT('',(122.92,-34.475,-4.6E-02));
#15640 = DIRECTION('',(-0.,-0.,-1.));
#15641 = DIRECTION('',(-0.,-1.,0.));
#15642 = ADVANCED_FACE('',(#15643),#15654,.F.);
#15643 = FACE_BOUND('',#15644,.T.);
#15644 = EDGE_LOOP('',(#15645,#15646,#15652,#15653));
#15645 = ORIENTED_EDGE('',*,*,#4084,.T.);
#15646 = ORIENTED_EDGE('',*,*,#15647,.T.);
#15647 = EDGE_CURVE('',#4085,#8472,#15648,.T.);
#15648 = LINE('',#15649,#15650);
#15649 = CARTESIAN_POINT('',(136.97,-35.68,-4.6E-02));
#15650 = VECTOR('',#15651,1.);
#15651 = DIRECTION('',(0.,0.,1.));
#15652 = ORIENTED_EDGE('',*,*,#8471,.F.);
#15653 = ORIENTED_EDGE('',*,*,#15647,.F.);
#15654 = CYLINDRICAL_SURFACE('',#15655,1.5);
#15655 = AXIS2_PLACEMENT_3D('',#15656,#15657,#15658);
#15656 = CARTESIAN_POINT('',(136.97,-34.18,-4.6E-02));
#15657 = DIRECTION('',(-0.,-0.,-1.));
#15658 = DIRECTION('',(-0.,-1.,0.));
#15659 = ADVANCED_FACE('',(#15660),#15676,.F.);
#15660 = FACE_BOUND('',#15661,.T.);
#15661 = EDGE_LOOP('',(#15662,#15663,#15669,#15670));
#15662 = ORIENTED_EDGE('',*,*,#4095,.T.);
#15663 = ORIENTED_EDGE('',*,*,#15664,.T.);
#15664 = EDGE_CURVE('',#4098,#8485,#15665,.T.);
#15665 = LINE('',#15666,#15667);
#15666 = CARTESIAN_POINT('',(136.89,-31.43,-4.6E-02));
#15667 = VECTOR('',#15668,1.);
#15668 = DIRECTION('',(0.,0.,1.));
#15669 = ORIENTED_EDGE('',*,*,#8482,.F.);
#15670 = ORIENTED_EDGE('',*,*,#15671,.T.);
#15671 = EDGE_CURVE('',#8483,#4096,#15672,.T.);
#15672 = LINE('',#15673,#15674);
#15673 = CARTESIAN_POINT('',(136.68,-29.55350121424,-4.6E-02));
#15674 = VECTOR('',#15675,1.);
#15675 = DIRECTION('',(-0.,-0.,-1.));
#15676 = CYLINDRICAL_SURFACE('',#15677,0.95);
#15677 = AXIS2_PLACEMENT_3D('',#15678,#15679,#15680);
#15678 = CARTESIAN_POINT('',(136.89,-30.48,-4.6E-02));
#15679 = DIRECTION('',(-0.,-0.,-1.));
#15680 = DIRECTION('',(-0.,-1.,0.));
#15681 = ADVANCED_FACE('',(#15682),#15693,.F.);
#15682 = FACE_BOUND('',#15683,.T.);
#15683 = EDGE_LOOP('',(#15684,#15690,#15691,#15692));
#15684 = ORIENTED_EDGE('',*,*,#15685,.F.);
#15685 = EDGE_CURVE('',#4116,#8503,#15686,.T.);
#15686 = LINE('',#15687,#15688);
#15687 = CARTESIAN_POINT('',(136.47,-31.43,-4.6E-02));
#15688 = VECTOR('',#15689,1.);
#15689 = DIRECTION('',(0.,0.,1.));
#15690 = ORIENTED_EDGE('',*,*,#4124,.T.);
#15691 = ORIENTED_EDGE('',*,*,#15671,.F.);
#15692 = ORIENTED_EDGE('',*,*,#8511,.F.);
#15693 = CYLINDRICAL_SURFACE('',#15694,0.95);
#15694 = AXIS2_PLACEMENT_3D('',#15695,#15696,#15697);
#15695 = CARTESIAN_POINT('',(136.47,-30.48,-4.6E-02));
#15696 = DIRECTION('',(-0.,-0.,-1.));
#15697 = DIRECTION('',(-0.,-1.,0.));
#15698 = ADVANCED_FACE('',(#15699),#15710,.F.);
#15699 = FACE_BOUND('',#15700,.T.);
#15700 = EDGE_LOOP('',(#15701,#15702,#15703,#15704));
#15701 = ORIENTED_EDGE('',*,*,#4115,.T.);
#15702 = ORIENTED_EDGE('',*,*,#15685,.T.);
#15703 = ORIENTED_EDGE('',*,*,#8502,.F.);
#15704 = ORIENTED_EDGE('',*,*,#15705,.T.);
#15705 = EDGE_CURVE('',#8494,#4107,#15706,.T.);
#15706 = LINE('',#15707,#15708);
#15707 = CARTESIAN_POINT('',(136.68,-31.40649878575,-4.6E-02));
#15708 = VECTOR('',#15709,1.);
#15709 = DIRECTION('',(-0.,-0.,-1.));
#15710 = CYLINDRICAL_SURFACE('',#15711,0.95);
#15711 = AXIS2_PLACEMENT_3D('',#15712,#15713,#15714);
#15712 = CARTESIAN_POINT('',(136.47,-30.48,-4.6E-02));
#15713 = DIRECTION('',(-0.,-0.,-1.));
#15714 = DIRECTION('',(-0.,-1.,0.));
#15715 = ADVANCED_FACE('',(#15716),#15722,.F.);
#15716 = FACE_BOUND('',#15717,.T.);
#15717 = EDGE_LOOP('',(#15718,#15719,#15720,#15721));
#15718 = ORIENTED_EDGE('',*,*,#15664,.F.);
#15719 = ORIENTED_EDGE('',*,*,#4106,.T.);
#15720 = ORIENTED_EDGE('',*,*,#15705,.F.);
#15721 = ORIENTED_EDGE('',*,*,#8493,.F.);
#15722 = CYLINDRICAL_SURFACE('',#15723,0.95);
#15723 = AXIS2_PLACEMENT_3D('',#15724,#15725,#15726);
#15724 = CARTESIAN_POINT('',(136.89,-30.48,-4.6E-02));
#15725 = DIRECTION('',(-0.,-0.,-1.));
#15726 = DIRECTION('',(-0.,-1.,0.));
#15727 = ADVANCED_FACE('',(#15728),#15739,.F.);
#15728 = FACE_BOUND('',#15729,.T.);
#15729 = EDGE_LOOP('',(#15730,#15731,#15737,#15738));
#15730 = ORIENTED_EDGE('',*,*,#4133,.T.);
#15731 = ORIENTED_EDGE('',*,*,#15732,.T.);
#15732 = EDGE_CURVE('',#4134,#8521,#15733,.T.);
#15733 = LINE('',#15734,#15735);
#15734 = CARTESIAN_POINT('',(122.92,-30.625,-4.6E-02));
#15735 = VECTOR('',#15736,1.);
#15736 = DIRECTION('',(0.,0.,1.));
#15737 = ORIENTED_EDGE('',*,*,#8520,.F.);
#15738 = ORIENTED_EDGE('',*,*,#15732,.F.);
#15739 = CYLINDRICAL_SURFACE('',#15740,2.05);
#15740 = AXIS2_PLACEMENT_3D('',#15741,#15742,#15743);
#15741 = CARTESIAN_POINT('',(122.92,-28.575,-4.6E-02));
#15742 = DIRECTION('',(-0.,-0.,-1.));
#15743 = DIRECTION('',(-0.,-1.,0.));
#15744 = ADVANCED_FACE('',(#15745),#15761,.F.);
#15745 = FACE_BOUND('',#15746,.T.);
#15746 = EDGE_LOOP('',(#15747,#15748,#15754,#15755));
#15747 = ORIENTED_EDGE('',*,*,#4144,.T.);
#15748 = ORIENTED_EDGE('',*,*,#15749,.T.);
#15749 = EDGE_CURVE('',#4147,#8534,#15750,.T.);
#15750 = LINE('',#15751,#15752);
#15751 = CARTESIAN_POINT('',(128.42,-29.525,-4.6E-02));
#15752 = VECTOR('',#15753,1.);
#15753 = DIRECTION('',(0.,0.,1.));
#15754 = ORIENTED_EDGE('',*,*,#8531,.F.);
#15755 = ORIENTED_EDGE('',*,*,#15756,.T.);
#15756 = EDGE_CURVE('',#8532,#4145,#15757,.T.);
#15757 = LINE('',#15758,#15759);
#15758 = CARTESIAN_POINT('',(128.21,-27.64850121424,-4.6E-02));
#15759 = VECTOR('',#15760,1.);
#15760 = DIRECTION('',(-0.,-0.,-1.));
#15761 = CYLINDRICAL_SURFACE('',#15762,0.95);
#15762 = AXIS2_PLACEMENT_3D('',#15763,#15764,#15765);
#15763 = CARTESIAN_POINT('',(128.42,-28.575,-4.6E-02));
#15764 = DIRECTION('',(-0.,-0.,-1.));
#15765 = DIRECTION('',(-2.991758887411E-14,-1.,0.));
#15766 = ADVANCED_FACE('',(#15767),#15778,.F.);
#15767 = FACE_BOUND('',#15768,.T.);
#15768 = EDGE_LOOP('',(#15769,#15775,#15776,#15777));
#15769 = ORIENTED_EDGE('',*,*,#15770,.F.);
#15770 = EDGE_CURVE('',#4165,#8552,#15771,.T.);
#15771 = LINE('',#15772,#15773);
#15772 = CARTESIAN_POINT('',(128.,-29.525,-4.6E-02));
#15773 = VECTOR('',#15774,1.);
#15774 = DIRECTION('',(0.,0.,1.));
#15775 = ORIENTED_EDGE('',*,*,#4173,.T.);
#15776 = ORIENTED_EDGE('',*,*,#15756,.F.);
#15777 = ORIENTED_EDGE('',*,*,#8560,.F.);
#15778 = CYLINDRICAL_SURFACE('',#15779,0.95);
#15779 = AXIS2_PLACEMENT_3D('',#15780,#15781,#15782);
#15780 = CARTESIAN_POINT('',(128.,-28.575,-4.6E-02));
#15781 = DIRECTION('',(-0.,-0.,-1.));
#15782 = DIRECTION('',(-0.,-1.,0.));
#15783 = ADVANCED_FACE('',(#15784),#15795,.F.);
#15784 = FACE_BOUND('',#15785,.T.);
#15785 = EDGE_LOOP('',(#15786,#15787,#15788,#15789));
#15786 = ORIENTED_EDGE('',*,*,#4164,.T.);
#15787 = ORIENTED_EDGE('',*,*,#15770,.T.);
#15788 = ORIENTED_EDGE('',*,*,#8551,.F.);
#15789 = ORIENTED_EDGE('',*,*,#15790,.T.);
#15790 = EDGE_CURVE('',#8543,#4156,#15791,.T.);
#15791 = LINE('',#15792,#15793);
#15792 = CARTESIAN_POINT('',(128.21,-29.50149878575,-4.6E-02));
#15793 = VECTOR('',#15794,1.);
#15794 = DIRECTION('',(-0.,-0.,-1.));
#15795 = CYLINDRICAL_SURFACE('',#15796,0.95);
#15796 = AXIS2_PLACEMENT_3D('',#15797,#15798,#15799);
#15797 = CARTESIAN_POINT('',(128.,-28.575,-4.6E-02));
#15798 = DIRECTION('',(-0.,-0.,-1.));
#15799 = DIRECTION('',(-0.,-1.,0.));
#15800 = ADVANCED_FACE('',(#15801),#15807,.F.);
#15801 = FACE_BOUND('',#15802,.T.);
#15802 = EDGE_LOOP('',(#15803,#15804,#15805,#15806));
#15803 = ORIENTED_EDGE('',*,*,#15749,.F.);
#15804 = ORIENTED_EDGE('',*,*,#4155,.T.);
#15805 = ORIENTED_EDGE('',*,*,#15790,.F.);
#15806 = ORIENTED_EDGE('',*,*,#8542,.F.);
#15807 = CYLINDRICAL_SURFACE('',#15808,0.95);
#15808 = AXIS2_PLACEMENT_3D('',#15809,#15810,#15811);
#15809 = CARTESIAN_POINT('',(128.42,-28.575,-4.6E-02));
#15810 = DIRECTION('',(-0.,-0.,-1.));
#15811 = DIRECTION('',(-2.991758887411E-14,-1.,0.));
#15812 = ADVANCED_FACE('',(#15813),#15824,.F.);
#15813 = FACE_BOUND('',#15814,.T.);
#15814 = EDGE_LOOP('',(#15815,#15816,#15822,#15823));
#15815 = ORIENTED_EDGE('',*,*,#4182,.T.);
#15816 = ORIENTED_EDGE('',*,*,#15817,.T.);
#15817 = EDGE_CURVE('',#4183,#8570,#15818,.T.);
#15818 = LINE('',#15819,#15820);
#15819 = CARTESIAN_POINT('',(125.46,-24.995,-4.6E-02));
#15820 = VECTOR('',#15821,1.);
#15821 = DIRECTION('',(0.,0.,1.));
#15822 = ORIENTED_EDGE('',*,*,#8569,.F.);
#15823 = ORIENTED_EDGE('',*,*,#15817,.F.);
#15824 = CYLINDRICAL_SURFACE('',#15825,1.5);
#15825 = AXIS2_PLACEMENT_3D('',#15826,#15827,#15828);
#15826 = CARTESIAN_POINT('',(125.46,-23.495,-4.6E-02));
#15827 = DIRECTION('',(-0.,-0.,-1.));
#15828 = DIRECTION('',(-0.,-1.,0.));
#15829 = ADVANCED_FACE('',(#15830),#15841,.F.);
#15830 = FACE_BOUND('',#15831,.T.);
#15831 = EDGE_LOOP('',(#15832,#15833,#15839,#15840));
#15832 = ORIENTED_EDGE('',*,*,#4193,.T.);
#15833 = ORIENTED_EDGE('',*,*,#15834,.T.);
#15834 = EDGE_CURVE('',#4194,#8581,#15835,.T.);
#15835 = LINE('',#15836,#15837);
#15836 = CARTESIAN_POINT('',(141.97,-32.53,-4.6E-02));
#15837 = VECTOR('',#15838,1.);
#15838 = DIRECTION('',(0.,0.,1.));
#15839 = ORIENTED_EDGE('',*,*,#8580,.F.);
#15840 = ORIENTED_EDGE('',*,*,#15834,.F.);
#15841 = CYLINDRICAL_SURFACE('',#15842,2.05);
#15842 = AXIS2_PLACEMENT_3D('',#15843,#15844,#15845);
#15843 = CARTESIAN_POINT('',(141.97,-30.48,-4.6E-02));
#15844 = DIRECTION('',(-0.,-0.,-1.));
#15845 = DIRECTION('',(-0.,-1.,0.));
#15846 = ADVANCED_FACE('',(#15847),#15863,.F.);
#15847 = FACE_BOUND('',#15848,.T.);
#15848 = EDGE_LOOP('',(#15849,#15850,#15856,#15857));
#15849 = ORIENTED_EDGE('',*,*,#4204,.T.);
#15850 = ORIENTED_EDGE('',*,*,#15851,.T.);
#15851 = EDGE_CURVE('',#4207,#8594,#15852,.T.);
#15852 = LINE('',#15853,#15854);
#15853 = CARTESIAN_POINT('',(147.47,-31.43,-4.6E-02));
#15854 = VECTOR('',#15855,1.);
#15855 = DIRECTION('',(0.,0.,1.));
#15856 = ORIENTED_EDGE('',*,*,#8591,.F.);
#15857 = ORIENTED_EDGE('',*,*,#15858,.T.);
#15858 = EDGE_CURVE('',#8592,#4205,#15859,.T.);
#15859 = LINE('',#15860,#15861);
#15860 = CARTESIAN_POINT('',(147.26,-29.55350121424,-4.6E-02));
#15861 = VECTOR('',#15862,1.);
#15862 = DIRECTION('',(-0.,-0.,-1.));
#15863 = CYLINDRICAL_SURFACE('',#15864,0.95);
#15864 = AXIS2_PLACEMENT_3D('',#15865,#15866,#15867);
#15865 = CARTESIAN_POINT('',(147.47,-30.48,-4.6E-02));
#15866 = DIRECTION('',(-0.,-0.,-1.));
#15867 = DIRECTION('',(-0.,-1.,0.));
#15868 = ADVANCED_FACE('',(#15869),#15880,.F.);
#15869 = FACE_BOUND('',#15870,.T.);
#15870 = EDGE_LOOP('',(#15871,#15877,#15878,#15879));
#15871 = ORIENTED_EDGE('',*,*,#15872,.F.);
#15872 = EDGE_CURVE('',#4225,#8612,#15873,.T.);
#15873 = LINE('',#15874,#15875);
#15874 = CARTESIAN_POINT('',(147.05,-31.43,-4.6E-02));
#15875 = VECTOR('',#15876,1.);
#15876 = DIRECTION('',(0.,0.,1.));
#15877 = ORIENTED_EDGE('',*,*,#4233,.T.);
#15878 = ORIENTED_EDGE('',*,*,#15858,.F.);
#15879 = ORIENTED_EDGE('',*,*,#8620,.F.);
#15880 = CYLINDRICAL_SURFACE('',#15881,0.95);
#15881 = AXIS2_PLACEMENT_3D('',#15882,#15883,#15884);
#15882 = CARTESIAN_POINT('',(147.05,-30.48,-4.6E-02));
#15883 = DIRECTION('',(-0.,-0.,-1.));
#15884 = DIRECTION('',(-0.,-1.,0.));
#15885 = ADVANCED_FACE('',(#15886),#15897,.F.);
#15886 = FACE_BOUND('',#15887,.T.);
#15887 = EDGE_LOOP('',(#15888,#15889,#15890,#15891));
#15888 = ORIENTED_EDGE('',*,*,#4224,.T.);
#15889 = ORIENTED_EDGE('',*,*,#15872,.T.);
#15890 = ORIENTED_EDGE('',*,*,#8611,.F.);
#15891 = ORIENTED_EDGE('',*,*,#15892,.T.);
#15892 = EDGE_CURVE('',#8603,#4216,#15893,.T.);
#15893 = LINE('',#15894,#15895);
#15894 = CARTESIAN_POINT('',(147.26,-31.40649878575,-4.6E-02));
#15895 = VECTOR('',#15896,1.);
#15896 = DIRECTION('',(-0.,-0.,-1.));
#15897 = CYLINDRICAL_SURFACE('',#15898,0.95);
#15898 = AXIS2_PLACEMENT_3D('',#15899,#15900,#15901);
#15899 = CARTESIAN_POINT('',(147.05,-30.48,-4.6E-02));
#15900 = DIRECTION('',(-0.,-0.,-1.));
#15901 = DIRECTION('',(-0.,-1.,0.));
#15902 = ADVANCED_FACE('',(#15903),#15909,.F.);
#15903 = FACE_BOUND('',#15904,.T.);
#15904 = EDGE_LOOP('',(#15905,#15906,#15907,#15908));
#15905 = ORIENTED_EDGE('',*,*,#15851,.F.);
#15906 = ORIENTED_EDGE('',*,*,#4215,.T.);
#15907 = ORIENTED_EDGE('',*,*,#15892,.F.);
#15908 = ORIENTED_EDGE('',*,*,#8602,.F.);
#15909 = CYLINDRICAL_SURFACE('',#15910,0.95);
#15910 = AXIS2_PLACEMENT_3D('',#15911,#15912,#15913);
#15911 = CARTESIAN_POINT('',(147.47,-30.48,-4.6E-02));
#15912 = DIRECTION('',(-0.,-0.,-1.));
#15913 = DIRECTION('',(-0.,-1.,0.));
#15914 = ADVANCED_FACE('',(#15915),#15926,.F.);
#15915 = FACE_BOUND('',#15916,.T.);
#15916 = EDGE_LOOP('',(#15917,#15918,#15924,#15925));
#15917 = ORIENTED_EDGE('',*,*,#4242,.T.);
#15918 = ORIENTED_EDGE('',*,*,#15919,.T.);
#15919 = EDGE_CURVE('',#4243,#8630,#15920,.T.);
#15920 = LINE('',#15921,#15922);
#15921 = CARTESIAN_POINT('',(138.16,-29.44,-4.6E-02));
#15922 = VECTOR('',#15923,1.);
#15923 = DIRECTION('',(0.,0.,1.));
#15924 = ORIENTED_EDGE('',*,*,#8629,.F.);
#15925 = ORIENTED_EDGE('',*,*,#15919,.F.);
#15926 = CYLINDRICAL_SURFACE('',#15927,1.5);
#15927 = AXIS2_PLACEMENT_3D('',#15928,#15929,#15930);
#15928 = CARTESIAN_POINT('',(138.16,-27.94,-4.6E-02));
#15929 = DIRECTION('',(-0.,-0.,-1.));
#15930 = DIRECTION('',(-0.,-1.,0.));
#15931 = ADVANCED_FACE('',(#15932),#15943,.F.);
#15932 = FACE_BOUND('',#15933,.T.);
#15933 = EDGE_LOOP('',(#15934,#15935,#15941,#15942));
#15934 = ORIENTED_EDGE('',*,*,#4253,.T.);
#15935 = ORIENTED_EDGE('',*,*,#15936,.T.);
#15936 = EDGE_CURVE('',#4254,#8641,#15937,.T.);
#15937 = LINE('',#15938,#15939);
#15938 = CARTESIAN_POINT('',(144.51,-26.9,-4.6E-02));
#15939 = VECTOR('',#15940,1.);
#15940 = DIRECTION('',(0.,0.,1.));
#15941 = ORIENTED_EDGE('',*,*,#8640,.F.);
#15942 = ORIENTED_EDGE('',*,*,#15936,.F.);
#15943 = CYLINDRICAL_SURFACE('',#15944,1.5);
#15944 = AXIS2_PLACEMENT_3D('',#15945,#15946,#15947);
#15945 = CARTESIAN_POINT('',(144.51,-25.4,-4.6E-02));
#15946 = DIRECTION('',(-0.,-0.,-1.));
#15947 = DIRECTION('',(-0.,-1.,0.));
#15948 = ADVANCED_FACE('',(#15949),#15960,.F.);
#15949 = FACE_BOUND('',#15950,.T.);
#15950 = EDGE_LOOP('',(#15951,#15952,#15958,#15959));
#15951 = ORIENTED_EDGE('',*,*,#4264,.T.);
#15952 = ORIENTED_EDGE('',*,*,#15953,.T.);
#15953 = EDGE_CURVE('',#4265,#8652,#15954,.T.);
#15954 = LINE('',#15955,#15956);
#15955 = CARTESIAN_POINT('',(161.02,-45.5,-4.6E-02));
#15956 = VECTOR('',#15957,1.);
#15957 = DIRECTION('',(0.,0.,1.));
#15958 = ORIENTED_EDGE('',*,*,#8651,.F.);
#15959 = ORIENTED_EDGE('',*,*,#15953,.F.);
#15960 = CYLINDRICAL_SURFACE('',#15961,1.5);
#15961 = AXIS2_PLACEMENT_3D('',#15962,#15963,#15964);
#15962 = CARTESIAN_POINT('',(161.02,-44.,-4.6E-02));
#15963 = DIRECTION('',(-0.,-0.,-1.));
#15964 = DIRECTION('',(-0.,-1.,0.));
#15965 = ADVANCED_FACE('',(#15966),#15977,.F.);
#15966 = FACE_BOUND('',#15967,.T.);
#15967 = EDGE_LOOP('',(#15968,#15969,#15975,#15976));
#15968 = ORIENTED_EDGE('',*,*,#4275,.T.);
#15969 = ORIENTED_EDGE('',*,*,#15970,.T.);
#15970 = EDGE_CURVE('',#4276,#8663,#15971,.T.);
#15971 = LINE('',#15972,#15973);
#15972 = CARTESIAN_POINT('',(156.02,-43.3,-4.6E-02));
#15973 = VECTOR('',#15974,1.);
#15974 = DIRECTION('',(0.,0.,1.));
#15975 = ORIENTED_EDGE('',*,*,#8662,.F.);
#15976 = ORIENTED_EDGE('',*,*,#15970,.F.);
#15977 = CYLINDRICAL_SURFACE('',#15978,1.5);
#15978 = AXIS2_PLACEMENT_3D('',#15979,#15980,#15981);
#15979 = CARTESIAN_POINT('',(156.02,-41.8,-4.6E-02));
#15980 = DIRECTION('',(-0.,-0.,-1.));
#15981 = DIRECTION('',(-0.,-1.,0.));
#15982 = ADVANCED_FACE('',(#15983),#15999,.F.);
#15983 = FACE_BOUND('',#15984,.T.);
#15984 = EDGE_LOOP('',(#15985,#15986,#15992,#15993));
#15985 = ORIENTED_EDGE('',*,*,#4286,.T.);
#15986 = ORIENTED_EDGE('',*,*,#15987,.T.);
#15987 = EDGE_CURVE('',#4289,#8676,#15988,.T.);
#15988 = LINE('',#15989,#15990);
#15989 = CARTESIAN_POINT('',(155.94,-39.05,-4.6E-02));
#15990 = VECTOR('',#15991,1.);
#15991 = DIRECTION('',(0.,0.,1.));
#15992 = ORIENTED_EDGE('',*,*,#8673,.F.);
#15993 = ORIENTED_EDGE('',*,*,#15994,.T.);
#15994 = EDGE_CURVE('',#8674,#4287,#15995,.T.);
#15995 = LINE('',#15996,#15997);
#15996 = CARTESIAN_POINT('',(155.73,-37.17350121424,-4.6E-02));
#15997 = VECTOR('',#15998,1.);
#15998 = DIRECTION('',(-0.,-0.,-1.));
#15999 = CYLINDRICAL_SURFACE('',#16000,0.95);
#16000 = AXIS2_PLACEMENT_3D('',#16001,#16002,#16003);
#16001 = CARTESIAN_POINT('',(155.94,-38.1,-4.6E-02));
#16002 = DIRECTION('',(-0.,-0.,-1.));
#16003 = DIRECTION('',(-0.,-1.,0.));
#16004 = ADVANCED_FACE('',(#16005),#16016,.F.);
#16005 = FACE_BOUND('',#16006,.T.);
#16006 = EDGE_LOOP('',(#16007,#16013,#16014,#16015));
#16007 = ORIENTED_EDGE('',*,*,#16008,.F.);
#16008 = EDGE_CURVE('',#4307,#8694,#16009,.T.);
#16009 = LINE('',#16010,#16011);
#16010 = CARTESIAN_POINT('',(155.52,-39.05,-4.6E-02));
#16011 = VECTOR('',#16012,1.);
#16012 = DIRECTION('',(0.,0.,1.));
#16013 = ORIENTED_EDGE('',*,*,#4315,.T.);
#16014 = ORIENTED_EDGE('',*,*,#15994,.F.);
#16015 = ORIENTED_EDGE('',*,*,#8702,.F.);
#16016 = CYLINDRICAL_SURFACE('',#16017,0.95);
#16017 = AXIS2_PLACEMENT_3D('',#16018,#16019,#16020);
#16018 = CARTESIAN_POINT('',(155.52,-38.1,-4.6E-02));
#16019 = DIRECTION('',(-0.,0.,-1.));
#16020 = DIRECTION('',(2.991758887411E-14,-1.,-0.));
#16021 = ADVANCED_FACE('',(#16022),#16033,.F.);
#16022 = FACE_BOUND('',#16023,.T.);
#16023 = EDGE_LOOP('',(#16024,#16025,#16026,#16027));
#16024 = ORIENTED_EDGE('',*,*,#4306,.T.);
#16025 = ORIENTED_EDGE('',*,*,#16008,.T.);
#16026 = ORIENTED_EDGE('',*,*,#8693,.F.);
#16027 = ORIENTED_EDGE('',*,*,#16028,.T.);
#16028 = EDGE_CURVE('',#8685,#4298,#16029,.T.);
#16029 = LINE('',#16030,#16031);
#16030 = CARTESIAN_POINT('',(155.73,-39.02649878575,-4.6E-02));
#16031 = VECTOR('',#16032,1.);
#16032 = DIRECTION('',(-0.,-0.,-1.));
#16033 = CYLINDRICAL_SURFACE('',#16034,0.95);
#16034 = AXIS2_PLACEMENT_3D('',#16035,#16036,#16037);
#16035 = CARTESIAN_POINT('',(155.52,-38.1,-4.6E-02));
#16036 = DIRECTION('',(-0.,0.,-1.));
#16037 = DIRECTION('',(2.991758887411E-14,-1.,-0.));
#16038 = ADVANCED_FACE('',(#16039),#16045,.F.);
#16039 = FACE_BOUND('',#16040,.T.);
#16040 = EDGE_LOOP('',(#16041,#16042,#16043,#16044));
#16041 = ORIENTED_EDGE('',*,*,#15987,.F.);
#16042 = ORIENTED_EDGE('',*,*,#4297,.T.);
#16043 = ORIENTED_EDGE('',*,*,#16028,.F.);
#16044 = ORIENTED_EDGE('',*,*,#8684,.F.);
#16045 = CYLINDRICAL_SURFACE('',#16046,0.95);
#16046 = AXIS2_PLACEMENT_3D('',#16047,#16048,#16049);
#16047 = CARTESIAN_POINT('',(155.94,-38.1,-4.6E-02));
#16048 = DIRECTION('',(-0.,-0.,-1.));
#16049 = DIRECTION('',(-0.,-1.,0.));
#16050 = ADVANCED_FACE('',(#16051),#16062,.F.);
#16051 = FACE_BOUND('',#16052,.T.);
#16052 = EDGE_LOOP('',(#16053,#16054,#16060,#16061));
#16053 = ORIENTED_EDGE('',*,*,#4324,.T.);
#16054 = ORIENTED_EDGE('',*,*,#16055,.T.);
#16055 = EDGE_CURVE('',#4325,#8712,#16056,.T.);
#16056 = LINE('',#16057,#16058);
#16057 = CARTESIAN_POINT('',(161.02,-40.15,-4.6E-02));
#16058 = VECTOR('',#16059,1.);
#16059 = DIRECTION('',(0.,0.,1.));
#16060 = ORIENTED_EDGE('',*,*,#8711,.F.);
#16061 = ORIENTED_EDGE('',*,*,#16055,.F.);
#16062 = CYLINDRICAL_SURFACE('',#16063,2.05);
#16063 = AXIS2_PLACEMENT_3D('',#16064,#16065,#16066);
#16064 = CARTESIAN_POINT('',(161.02,-38.1,-4.6E-02));
#16065 = DIRECTION('',(-0.,0.,-1.));
#16066 = DIRECTION('',(1.386424850264E-14,-1.,-0.));
#16067 = ADVANCED_FACE('',(#16068),#16084,.F.);
#16068 = FACE_BOUND('',#16069,.T.);
#16069 = EDGE_LOOP('',(#16070,#16071,#16077,#16078));
#16070 = ORIENTED_EDGE('',*,*,#4335,.T.);
#16071 = ORIENTED_EDGE('',*,*,#16072,.T.);
#16072 = EDGE_CURVE('',#4338,#8725,#16073,.T.);
#16073 = LINE('',#16074,#16075);
#16074 = CARTESIAN_POINT('',(166.52,-39.05,-4.6E-02));
#16075 = VECTOR('',#16076,1.);
#16076 = DIRECTION('',(0.,0.,1.));
#16077 = ORIENTED_EDGE('',*,*,#8722,.F.);
#16078 = ORIENTED_EDGE('',*,*,#16079,.T.);
#16079 = EDGE_CURVE('',#8723,#4336,#16080,.T.);
#16080 = LINE('',#16081,#16082);
#16081 = CARTESIAN_POINT('',(166.31,-37.17350121424,-4.6E-02));
#16082 = VECTOR('',#16083,1.);
#16083 = DIRECTION('',(-0.,0.,-1.));
#16084 = CYLINDRICAL_SURFACE('',#16085,0.95);
#16085 = AXIS2_PLACEMENT_3D('',#16086,#16087,#16088);
#16086 = CARTESIAN_POINT('',(166.52,-38.1,-4.6E-02));
#16087 = DIRECTION('',(-0.,0.,-1.));
#16088 = DIRECTION('',(2.991758887411E-14,-1.,-0.));
#16089 = ADVANCED_FACE('',(#16090),#16101,.F.);
#16090 = FACE_BOUND('',#16091,.T.);
#16091 = EDGE_LOOP('',(#16092,#16098,#16099,#16100));
#16092 = ORIENTED_EDGE('',*,*,#16093,.F.);
#16093 = EDGE_CURVE('',#4356,#8743,#16094,.T.);
#16094 = LINE('',#16095,#16096);
#16095 = CARTESIAN_POINT('',(166.1,-39.05,-4.6E-02));
#16096 = VECTOR('',#16097,1.);
#16097 = DIRECTION('',(0.,0.,1.));
#16098 = ORIENTED_EDGE('',*,*,#4364,.T.);
#16099 = ORIENTED_EDGE('',*,*,#16079,.F.);
#16100 = ORIENTED_EDGE('',*,*,#8751,.F.);
#16101 = CYLINDRICAL_SURFACE('',#16102,0.95);
#16102 = AXIS2_PLACEMENT_3D('',#16103,#16104,#16105);
#16103 = CARTESIAN_POINT('',(166.1,-38.1,-4.6E-02));
#16104 = DIRECTION('',(-0.,-0.,-1.));
#16105 = DIRECTION('',(-2.991758887411E-14,-1.,0.));
#16106 = ADVANCED_FACE('',(#16107),#16118,.F.);
#16107 = FACE_BOUND('',#16108,.T.);
#16108 = EDGE_LOOP('',(#16109,#16110,#16111,#16112));
#16109 = ORIENTED_EDGE('',*,*,#4355,.T.);
#16110 = ORIENTED_EDGE('',*,*,#16093,.T.);
#16111 = ORIENTED_EDGE('',*,*,#8742,.F.);
#16112 = ORIENTED_EDGE('',*,*,#16113,.T.);
#16113 = EDGE_CURVE('',#8734,#4347,#16114,.T.);
#16114 = LINE('',#16115,#16116);
#16115 = CARTESIAN_POINT('',(166.31,-39.02649878575,-4.6E-02));
#16116 = VECTOR('',#16117,1.);
#16117 = DIRECTION('',(-0.,0.,-1.));
#16118 = CYLINDRICAL_SURFACE('',#16119,0.95);
#16119 = AXIS2_PLACEMENT_3D('',#16120,#16121,#16122);
#16120 = CARTESIAN_POINT('',(166.1,-38.1,-4.6E-02));
#16121 = DIRECTION('',(-0.,-0.,-1.));
#16122 = DIRECTION('',(-2.991758887411E-14,-1.,0.));
#16123 = ADVANCED_FACE('',(#16124),#16130,.F.);
#16124 = FACE_BOUND('',#16125,.T.);
#16125 = EDGE_LOOP('',(#16126,#16127,#16128,#16129));
#16126 = ORIENTED_EDGE('',*,*,#16072,.F.);
#16127 = ORIENTED_EDGE('',*,*,#4346,.T.);
#16128 = ORIENTED_EDGE('',*,*,#16113,.F.);
#16129 = ORIENTED_EDGE('',*,*,#8733,.F.);
#16130 = CYLINDRICAL_SURFACE('',#16131,0.95);
#16131 = AXIS2_PLACEMENT_3D('',#16132,#16133,#16134);
#16132 = CARTESIAN_POINT('',(166.52,-38.1,-4.6E-02));
#16133 = DIRECTION('',(-0.,0.,-1.));
#16134 = DIRECTION('',(2.991758887411E-14,-1.,-0.));
#16135 = ADVANCED_FACE('',(#16136),#16147,.F.);
#16136 = FACE_BOUND('',#16137,.T.);
#16137 = EDGE_LOOP('',(#16138,#16139,#16145,#16146));
#16138 = ORIENTED_EDGE('',*,*,#4373,.T.);
#16139 = ORIENTED_EDGE('',*,*,#16140,.T.);
#16140 = EDGE_CURVE('',#4374,#8761,#16141,.T.);
#16141 = LINE('',#16142,#16143);
#16142 = CARTESIAN_POINT('',(180.07,-45.5,-4.6E-02));
#16143 = VECTOR('',#16144,1.);
#16144 = DIRECTION('',(0.,0.,1.));
#16145 = ORIENTED_EDGE('',*,*,#8760,.F.);
#16146 = ORIENTED_EDGE('',*,*,#16140,.F.);
#16147 = CYLINDRICAL_SURFACE('',#16148,1.5);
#16148 = AXIS2_PLACEMENT_3D('',#16149,#16150,#16151);
#16149 = CARTESIAN_POINT('',(180.07,-44.,-4.6E-02));
#16150 = DIRECTION('',(-0.,-0.,-1.));
#16151 = DIRECTION('',(-0.,-1.,0.));
#16152 = ADVANCED_FACE('',(#16153),#16164,.F.);
#16153 = FACE_BOUND('',#16154,.T.);
#16154 = EDGE_LOOP('',(#16155,#16156,#16162,#16163));
#16155 = ORIENTED_EDGE('',*,*,#4384,.T.);
#16156 = ORIENTED_EDGE('',*,*,#16157,.T.);
#16157 = EDGE_CURVE('',#4385,#8772,#16158,.T.);
#16158 = LINE('',#16159,#16160);
#16159 = CARTESIAN_POINT('',(175.07,-43.3,-4.6E-02));
#16160 = VECTOR('',#16161,1.);
#16161 = DIRECTION('',(0.,0.,1.));
#16162 = ORIENTED_EDGE('',*,*,#8771,.F.);
#16163 = ORIENTED_EDGE('',*,*,#16157,.F.);
#16164 = CYLINDRICAL_SURFACE('',#16165,1.5);
#16165 = AXIS2_PLACEMENT_3D('',#16166,#16167,#16168);
#16166 = CARTESIAN_POINT('',(175.07,-41.8,-4.6E-02));
#16167 = DIRECTION('',(-0.,-0.,-1.));
#16168 = DIRECTION('',(-0.,-1.,0.));
#16169 = ADVANCED_FACE('',(#16170),#16186,.F.);
#16170 = FACE_BOUND('',#16171,.T.);
#16171 = EDGE_LOOP('',(#16172,#16173,#16179,#16180));
#16172 = ORIENTED_EDGE('',*,*,#4395,.T.);
#16173 = ORIENTED_EDGE('',*,*,#16174,.T.);
#16174 = EDGE_CURVE('',#4398,#8785,#16175,.T.);
#16175 = LINE('',#16176,#16177);
#16176 = CARTESIAN_POINT('',(174.99,-39.05,-4.6E-02));
#16177 = VECTOR('',#16178,1.);
#16178 = DIRECTION('',(0.,0.,1.));
#16179 = ORIENTED_EDGE('',*,*,#8782,.F.);
#16180 = ORIENTED_EDGE('',*,*,#16181,.T.);
#16181 = EDGE_CURVE('',#8783,#4396,#16182,.T.);
#16182 = LINE('',#16183,#16184);
#16183 = CARTESIAN_POINT('',(174.78,-37.17350121424,-4.6E-02));
#16184 = VECTOR('',#16185,1.);
#16185 = DIRECTION('',(-0.,-0.,-1.));
#16186 = CYLINDRICAL_SURFACE('',#16187,0.95);
#16187 = AXIS2_PLACEMENT_3D('',#16188,#16189,#16190);
#16188 = CARTESIAN_POINT('',(174.99,-38.1,-4.6E-02));
#16189 = DIRECTION('',(-0.,-0.,-1.));
#16190 = DIRECTION('',(-0.,-1.,0.));
#16191 = ADVANCED_FACE('',(#16192),#16203,.F.);
#16192 = FACE_BOUND('',#16193,.T.);
#16193 = EDGE_LOOP('',(#16194,#16200,#16201,#16202));
#16194 = ORIENTED_EDGE('',*,*,#16195,.F.);
#16195 = EDGE_CURVE('',#4416,#8803,#16196,.T.);
#16196 = LINE('',#16197,#16198);
#16197 = CARTESIAN_POINT('',(174.57,-39.05,-4.6E-02));
#16198 = VECTOR('',#16199,1.);
#16199 = DIRECTION('',(0.,0.,1.));
#16200 = ORIENTED_EDGE('',*,*,#4424,.T.);
#16201 = ORIENTED_EDGE('',*,*,#16181,.F.);
#16202 = ORIENTED_EDGE('',*,*,#8811,.F.);
#16203 = CYLINDRICAL_SURFACE('',#16204,0.95);
#16204 = AXIS2_PLACEMENT_3D('',#16205,#16206,#16207);
#16205 = CARTESIAN_POINT('',(174.57,-38.1,-4.6E-02));
#16206 = DIRECTION('',(-0.,-0.,-1.));
#16207 = DIRECTION('',(-0.,-1.,0.));
#16208 = ADVANCED_FACE('',(#16209),#16220,.F.);
#16209 = FACE_BOUND('',#16210,.T.);
#16210 = EDGE_LOOP('',(#16211,#16212,#16213,#16214));
#16211 = ORIENTED_EDGE('',*,*,#4415,.T.);
#16212 = ORIENTED_EDGE('',*,*,#16195,.T.);
#16213 = ORIENTED_EDGE('',*,*,#8802,.F.);
#16214 = ORIENTED_EDGE('',*,*,#16215,.T.);
#16215 = EDGE_CURVE('',#8794,#4407,#16216,.T.);
#16216 = LINE('',#16217,#16218);
#16217 = CARTESIAN_POINT('',(174.78,-39.02649878575,-4.6E-02));
#16218 = VECTOR('',#16219,1.);
#16219 = DIRECTION('',(-0.,-0.,-1.));
#16220 = CYLINDRICAL_SURFACE('',#16221,0.95);
#16221 = AXIS2_PLACEMENT_3D('',#16222,#16223,#16224);
#16222 = CARTESIAN_POINT('',(174.57,-38.1,-4.6E-02));
#16223 = DIRECTION('',(-0.,-0.,-1.));
#16224 = DIRECTION('',(-0.,-1.,0.));
#16225 = ADVANCED_FACE('',(#16226),#16232,.F.);
#16226 = FACE_BOUND('',#16227,.T.);
#16227 = EDGE_LOOP('',(#16228,#16229,#16230,#16231));
#16228 = ORIENTED_EDGE('',*,*,#16174,.F.);
#16229 = ORIENTED_EDGE('',*,*,#4406,.T.);
#16230 = ORIENTED_EDGE('',*,*,#16215,.F.);
#16231 = ORIENTED_EDGE('',*,*,#8793,.F.);
#16232 = CYLINDRICAL_SURFACE('',#16233,0.95);
#16233 = AXIS2_PLACEMENT_3D('',#16234,#16235,#16236);
#16234 = CARTESIAN_POINT('',(174.99,-38.1,-4.6E-02));
#16235 = DIRECTION('',(-0.,-0.,-1.));
#16236 = DIRECTION('',(-0.,-1.,0.));
#16237 = ADVANCED_FACE('',(#16238),#16249,.F.);
#16238 = FACE_BOUND('',#16239,.T.);
#16239 = EDGE_LOOP('',(#16240,#16241,#16247,#16248));
#16240 = ORIENTED_EDGE('',*,*,#4433,.T.);
#16241 = ORIENTED_EDGE('',*,*,#16242,.T.);
#16242 = EDGE_CURVE('',#4434,#8821,#16243,.T.);
#16243 = LINE('',#16244,#16245);
#16244 = CARTESIAN_POINT('',(180.07,-40.15,-4.6E-02));
#16245 = VECTOR('',#16246,1.);
#16246 = DIRECTION('',(0.,0.,1.));
#16247 = ORIENTED_EDGE('',*,*,#8820,.F.);
#16248 = ORIENTED_EDGE('',*,*,#16242,.F.);
#16249 = CYLINDRICAL_SURFACE('',#16250,2.05);
#16250 = AXIS2_PLACEMENT_3D('',#16251,#16252,#16253);
#16251 = CARTESIAN_POINT('',(180.07,-38.1,-4.6E-02));
#16252 = DIRECTION('',(-0.,-0.,-1.));
#16253 = DIRECTION('',(-0.,-1.,0.));
#16254 = ADVANCED_FACE('',(#16255),#16271,.F.);
#16255 = FACE_BOUND('',#16256,.T.);
#16256 = EDGE_LOOP('',(#16257,#16258,#16264,#16265));
#16257 = ORIENTED_EDGE('',*,*,#4444,.T.);
#16258 = ORIENTED_EDGE('',*,*,#16259,.T.);
#16259 = EDGE_CURVE('',#4447,#8834,#16260,.T.);
#16260 = LINE('',#16261,#16262);
#16261 = CARTESIAN_POINT('',(185.57,-39.05,-4.6E-02));
#16262 = VECTOR('',#16263,1.);
#16263 = DIRECTION('',(0.,0.,1.));
#16264 = ORIENTED_EDGE('',*,*,#8831,.F.);
#16265 = ORIENTED_EDGE('',*,*,#16266,.T.);
#16266 = EDGE_CURVE('',#8832,#4445,#16267,.T.);
#16267 = LINE('',#16268,#16269);
#16268 = CARTESIAN_POINT('',(185.36,-37.17350121424,-4.6E-02));
#16269 = VECTOR('',#16270,1.);
#16270 = DIRECTION('',(-0.,-0.,-1.));
#16271 = CYLINDRICAL_SURFACE('',#16272,0.95);
#16272 = AXIS2_PLACEMENT_3D('',#16273,#16274,#16275);
#16273 = CARTESIAN_POINT('',(185.57,-38.1,-4.6E-02));
#16274 = DIRECTION('',(-0.,-0.,-1.));
#16275 = DIRECTION('',(-0.,-1.,0.));
#16276 = ADVANCED_FACE('',(#16277),#16288,.F.);
#16277 = FACE_BOUND('',#16278,.T.);
#16278 = EDGE_LOOP('',(#16279,#16285,#16286,#16287));
#16279 = ORIENTED_EDGE('',*,*,#16280,.F.);
#16280 = EDGE_CURVE('',#4465,#8852,#16281,.T.);
#16281 = LINE('',#16282,#16283);
#16282 = CARTESIAN_POINT('',(185.15,-39.05,-4.6E-02));
#16283 = VECTOR('',#16284,1.);
#16284 = DIRECTION('',(0.,0.,1.));
#16285 = ORIENTED_EDGE('',*,*,#4473,.T.);
#16286 = ORIENTED_EDGE('',*,*,#16266,.F.);
#16287 = ORIENTED_EDGE('',*,*,#8860,.F.);
#16288 = CYLINDRICAL_SURFACE('',#16289,0.95);
#16289 = AXIS2_PLACEMENT_3D('',#16290,#16291,#16292);
#16290 = CARTESIAN_POINT('',(185.15,-38.1,-4.6E-02));
#16291 = DIRECTION('',(-0.,0.,-1.));
#16292 = DIRECTION('',(2.991758887411E-14,-1.,-0.));
#16293 = ADVANCED_FACE('',(#16294),#16305,.F.);
#16294 = FACE_BOUND('',#16295,.T.);
#16295 = EDGE_LOOP('',(#16296,#16297,#16298,#16299));
#16296 = ORIENTED_EDGE('',*,*,#4464,.T.);
#16297 = ORIENTED_EDGE('',*,*,#16280,.T.);
#16298 = ORIENTED_EDGE('',*,*,#8851,.F.);
#16299 = ORIENTED_EDGE('',*,*,#16300,.T.);
#16300 = EDGE_CURVE('',#8843,#4456,#16301,.T.);
#16301 = LINE('',#16302,#16303);
#16302 = CARTESIAN_POINT('',(185.36,-39.02649878575,-4.6E-02));
#16303 = VECTOR('',#16304,1.);
#16304 = DIRECTION('',(-0.,-0.,-1.));
#16305 = CYLINDRICAL_SURFACE('',#16306,0.95);
#16306 = AXIS2_PLACEMENT_3D('',#16307,#16308,#16309);
#16307 = CARTESIAN_POINT('',(185.15,-38.1,-4.6E-02));
#16308 = DIRECTION('',(-0.,0.,-1.));
#16309 = DIRECTION('',(2.991758887411E-14,-1.,-0.));
#16310 = ADVANCED_FACE('',(#16311),#16317,.F.);
#16311 = FACE_BOUND('',#16312,.T.);
#16312 = EDGE_LOOP('',(#16313,#16314,#16315,#16316));
#16313 = ORIENTED_EDGE('',*,*,#16259,.F.);
#16314 = ORIENTED_EDGE('',*,*,#4455,.T.);
#16315 = ORIENTED_EDGE('',*,*,#16300,.F.);
#16316 = ORIENTED_EDGE('',*,*,#8842,.F.);
#16317 = CYLINDRICAL_SURFACE('',#16318,0.95);
#16318 = AXIS2_PLACEMENT_3D('',#16319,#16320,#16321);
#16319 = CARTESIAN_POINT('',(185.57,-38.1,-4.6E-02));
#16320 = DIRECTION('',(-0.,-0.,-1.));
#16321 = DIRECTION('',(-0.,-1.,0.));
#16322 = ADVANCED_FACE('',(#16323),#16334,.F.);
#16323 = FACE_BOUND('',#16324,.T.);
#16324 = EDGE_LOOP('',(#16325,#16326,#16332,#16333));
#16325 = ORIENTED_EDGE('',*,*,#4482,.T.);
#16326 = ORIENTED_EDGE('',*,*,#16327,.T.);
#16327 = EDGE_CURVE('',#4483,#8870,#16328,.T.);
#16328 = LINE('',#16329,#16330);
#16329 = CARTESIAN_POINT('',(157.21,-37.06,-4.6E-02));
#16330 = VECTOR('',#16331,1.);
#16331 = DIRECTION('',(0.,0.,1.));
#16332 = ORIENTED_EDGE('',*,*,#8869,.F.);
#16333 = ORIENTED_EDGE('',*,*,#16327,.F.);
#16334 = CYLINDRICAL_SURFACE('',#16335,1.5);
#16335 = AXIS2_PLACEMENT_3D('',#16336,#16337,#16338);
#16336 = CARTESIAN_POINT('',(157.21,-35.56,-4.6E-02));
#16337 = DIRECTION('',(-0.,-0.,-1.));
#16338 = DIRECTION('',(-0.,-1.,0.));
#16339 = ADVANCED_FACE('',(#16340),#16351,.F.);
#16340 = FACE_BOUND('',#16341,.T.);
#16341 = EDGE_LOOP('',(#16342,#16343,#16349,#16350));
#16342 = ORIENTED_EDGE('',*,*,#4493,.T.);
#16343 = ORIENTED_EDGE('',*,*,#16344,.T.);
#16344 = EDGE_CURVE('',#4494,#8881,#16345,.T.);
#16345 = LINE('',#16346,#16347);
#16346 = CARTESIAN_POINT('',(163.56,-34.52,-4.6E-02));
#16347 = VECTOR('',#16348,1.);
#16348 = DIRECTION('',(0.,0.,1.));
#16349 = ORIENTED_EDGE('',*,*,#8880,.F.);
#16350 = ORIENTED_EDGE('',*,*,#16344,.F.);
#16351 = CYLINDRICAL_SURFACE('',#16352,1.5);
#16352 = AXIS2_PLACEMENT_3D('',#16353,#16354,#16355);
#16353 = CARTESIAN_POINT('',(163.56,-33.02,-4.6E-02));
#16354 = DIRECTION('',(-0.,-0.,-1.));
#16355 = DIRECTION('',(-0.,-1.,0.));
#16356 = ADVANCED_FACE('',(#16357),#16368,.F.);
#16357 = FACE_BOUND('',#16358,.T.);
#16358 = EDGE_LOOP('',(#16359,#16360,#16366,#16367));
#16359 = ORIENTED_EDGE('',*,*,#4504,.T.);
#16360 = ORIENTED_EDGE('',*,*,#16361,.T.);
#16361 = EDGE_CURVE('',#4505,#8892,#16362,.T.);
#16362 = LINE('',#16363,#16364);
#16363 = CARTESIAN_POINT('',(176.26,-37.06,-4.6E-02));
#16364 = VECTOR('',#16365,1.);
#16365 = DIRECTION('',(0.,0.,1.));
#16366 = ORIENTED_EDGE('',*,*,#8891,.F.);
#16367 = ORIENTED_EDGE('',*,*,#16361,.F.);
#16368 = CYLINDRICAL_SURFACE('',#16369,1.5);
#16369 = AXIS2_PLACEMENT_3D('',#16370,#16371,#16372);
#16370 = CARTESIAN_POINT('',(176.26,-35.56,-4.6E-02));
#16371 = DIRECTION('',(-0.,-0.,-1.));
#16372 = DIRECTION('',(-0.,-1.,0.));
#16373 = ADVANCED_FACE('',(#16374),#16385,.F.);
#16374 = FACE_BOUND('',#16375,.T.);
#16375 = EDGE_LOOP('',(#16376,#16377,#16383,#16384));
#16376 = ORIENTED_EDGE('',*,*,#4515,.T.);
#16377 = ORIENTED_EDGE('',*,*,#16378,.T.);
#16378 = EDGE_CURVE('',#4516,#8903,#16379,.T.);
#16379 = LINE('',#16380,#16381);
#16380 = CARTESIAN_POINT('',(182.61,-34.52,-4.6E-02));
#16381 = VECTOR('',#16382,1.);
#16382 = DIRECTION('',(0.,0.,1.));
#16383 = ORIENTED_EDGE('',*,*,#8902,.F.);
#16384 = ORIENTED_EDGE('',*,*,#16378,.F.);
#16385 = CYLINDRICAL_SURFACE('',#16386,1.5);
#16386 = AXIS2_PLACEMENT_3D('',#16387,#16388,#16389);
#16387 = CARTESIAN_POINT('',(182.61,-33.02,-4.6E-02));
#16388 = DIRECTION('',(-0.,-0.,-1.));
#16389 = DIRECTION('',(-0.,-1.,0.));
#16390 = ( GEOMETRIC_REPRESENTATION_CONTEXT(3) 
GLOBAL_UNCERTAINTY_ASSIGNED_CONTEXT((#16394)) 
GLOBAL_UNIT_ASSIGNED_CONTEXT((#16391,#16392,#16393)) 
REPRESENTATION_CONTEXT('Context #1',
  '3D Context with UNIT and UNCERTAINTY') );
#16391 = ( LENGTH_UNIT() NAMED_UNIT(*) SI_UNIT(.MILLI.,.METRE.) );
#16392 = ( NAMED_UNIT(*) PLANE_ANGLE_UNIT() SI_UNIT($,.RADIAN.) );
#16393 = ( NAMED_UNIT(*) SI_UNIT($,.STERADIAN.) SOLID_ANGLE_UNIT() );
#16394 = UNCERTAINTY_MEASURE_WITH_UNIT(LENGTH_MEASURE(1.E-07),#16391,
  'distance_accuracy_value','confusion accuracy');
#16395 = CONTEXT_DEPENDENT_SHAPE_REPRESENTATION(#16396,#16398);
#16396 = ( REPRESENTATION_RELATIONSHIP('','',#32,#10) 
REPRESENTATION_RELATIONSHIP_WITH_TRANSFORMATION(#16397) 
SHAPE_REPRESENTATION_RELATIONSHIP() );
#16397 = ITEM_DEFINED_TRANSFORMATION('','',#11,#15);
#16398 = PRODUCT_DEFINITION_SHAPE('Placement','Placement of an item',
  #16399);
#16399 = NEXT_ASSEMBLY_USAGE_OCCURRENCE('1','=>[0:1:1:2]','',#5,#27,$);
#16400 = PRODUCT_RELATED_PRODUCT_CATEGORY('part',$,(#29));
#16401 = MECHANICAL_DESIGN_GEOMETRIC_PRESENTATION_REPRESENTATION('',(
    #16402),#16390);
#16402 = STYLED_ITEM('color',(#16403),#33);
#16403 = PRESENTATION_STYLE_ASSIGNMENT((#16404));
#16404 = SURFACE_STYLE_USAGE(.BOTH.,#16405);
#16405 = SURFACE_SIDE_STYLE('',(#16406));
#16406 = SURFACE_STYLE_FILL_AREA(#16407);
#16407 = FILL_AREA_STYLE('',(#16408));
#16408 = FILL_AREA_STYLE_COLOUR('',#16409);
#16409 = COLOUR_RGB('',0.313304153717,0.484529207832,0.410020903123);
ENDSEC;
END-ISO-10303-21;
