ISO-10303-21;
HEADER;
FILE_DESCRIPTION(('KiCad electronic assembly'),'2;1');
FILE_NAME('mx_plate_right_tb.step','2026-06-29T10:20:01',('Pcbnew'),(
    'Kicad'),'Open CASCADE STEP processor 7.9','KiCad to STEP converter'
  ,'Unknown');
FILE_SCHEMA(('AUTOMOTIVE_DESIGN { 1 0 10303 214 1 1 1 1 }'));
ENDSEC;
DATA;
#1 = APPLICATION_PROTOCOL_DEFINITION('international standard',
  'automotive_design',2000,#2);
#2 = APPLICATION_CONTEXT(
  'core data for automotive mechanical design processes');
#3 = SHAPE_DEFINITION_REPRESENTATION(#4,#10);
#4 = PRODUCT_DEFINITION_SHAPE('','',#5);
#5 = PRODUCT_DEFINITION('design','',#6,#9);
#6 = PRODUCT_DEFINITION_FORMATION('','',#7);
#7 = PRODUCT('mx_plate_right_tb 1','mx_plate_right_tb 1','',(#8));
#8 = PRODUCT_CONTEXT('',#2,'mechanical');
#9 = PRODUCT_DEFINITION_CONTEXT('part definition',#2,'design');
#10 = SHAPE_REPRESENTATION('',(#11,#15),#19);
#11 = AXIS2_PLACEMENT_3D('',#12,#13,#14);
#12 = CARTESIAN_POINT('',(0.,0.,0.));
#13 = DIRECTION('',(0.,0.,1.));
#14 = DIRECTION('',(1.,0.,-0.));
#15 = AXIS2_PLACEMENT_3D('',#16,#17,#18);
#16 = CARTESIAN_POINT('',(0.,0.,0.));
#17 = DIRECTION('',(0.,0.,1.));
#18 = DIRECTION('',(1.,0.,-0.));
#19 = ( GEOMETRIC_REPRESENTATION_CONTEXT(3) 
GLOBAL_UNCERTAINTY_ASSIGNED_CONTEXT((#23)) GLOBAL_UNIT_ASSIGNED_CONTEXT(
(#20,#21,#22)) REPRESENTATION_CONTEXT('Context #1',
  '3D Context with UNIT and UNCERTAINTY') );
#20 = ( LENGTH_UNIT() NAMED_UNIT(*) SI_UNIT(.MILLI.,.METRE.) );
#21 = ( NAMED_UNIT(*) PLANE_ANGLE_UNIT() SI_UNIT($,.RADIAN.) );
#22 = ( NAMED_UNIT(*) SI_UNIT($,.STERADIAN.) SOLID_ANGLE_UNIT() );
#23 = UNCERTAINTY_MEASURE_WITH_UNIT(LENGTH_MEASURE(1.E-07),#20,
  'distance_accuracy_value','confusion accuracy');
#24 = PRODUCT_RELATED_PRODUCT_CATEGORY('part',$,(#7));
#25 = SHAPE_DEFINITION_REPRESENTATION(#26,#32);
#26 = PRODUCT_DEFINITION_SHAPE('','',#27);
#27 = PRODUCT_DEFINITION('design','',#28,#31);
#28 = PRODUCT_DEFINITION_FORMATION('','',#29);
#29 = PRODUCT('mx_plate_right_tb_PCB','mx_plate_right_tb_PCB','',(#30));
#30 = PRODUCT_CONTEXT('',#2,'mechanical');
#31 = PRODUCT_DEFINITION_CONTEXT('part definition',#2,'design');
#32 = ADVANCED_BREP_SHAPE_REPRESENTATION('',(#11,#33),#5318);
#33 = MANIFOLD_SOLID_BREP('',#34);
#34 = CLOSED_SHELL('',(#35,#77,#110,#141,#174,#205,#238,#269,#302,#333,
    #366,#397,#428,#459,#492,#523,#556,#587,#620,#651,#684,#715,#748,
    #779,#812,#843,#874,#907,#938,#969,#1002,#1033,#1066,#1097,#1130,
    #1161,#1194,#1225,#1258,#1289,#1322,#1353,#1386,#1408,#1448,#1479,
    #1510,#1532,#1572,#1603,#1634,#1656,#1696,#1727,#1758,#1780,#1820,
    #1851,#1882,#1904,#1944,#1975,#2006,#2028,#2068,#2099,#2130,#2152,
    #2192,#2223,#2254,#2276,#2316,#2347,#2378,#2400,#2440,#2471,#2502,
    #2524,#2564,#2595,#2626,#2648,#2688,#2719,#2750,#2772,#2812,#2843,
    #2874,#2896,#2936,#2967,#2998,#3020,#3060,#3091,#3122,#3144,#3184,
    #3215,#3246,#3268,#3308,#3339,#3370,#3392,#3432,#3463,#3494,#3516,
    #3556,#3587,#3618,#3640,#3680,#3711,#3742,#3764,#3804,#3835,#3866,
    #3888,#3928,#3959,#3990,#4012,#4052,#4083,#4114,#4136,#4176,#4207,
    #4238,#4260,#4300,#4331,#4362,#4384,#4424,#4455,#4486,#4508,#4548,
    #4579,#4610,#4632,#4672,#4703,#4734,#4756,#4796,#4827,#4858,#4880,
    #5099));
#35 = ADVANCED_FACE('',(#36),#72,.T.);
#36 = FACE_BOUND('',#37,.T.);
#37 = EDGE_LOOP('',(#38,#48,#57,#65));
#38 = ORIENTED_EDGE('',*,*,#39,.T.);
#39 = EDGE_CURVE('',#40,#42,#44,.T.);
#40 = VERTEX_POINT('',#41);
#41 = CARTESIAN_POINT('',(131.445,-19.049998,0.));
#42 = VERTEX_POINT('',#43);
#43 = CARTESIAN_POINT('',(131.445,-19.049998,1.51));
#44 = LINE('',#45,#46);
#45 = CARTESIAN_POINT('',(131.445,-19.049998,0.));
#46 = VECTOR('',#47,1.);
#47 = DIRECTION('',(0.,0.,1.));
#48 = ORIENTED_EDGE('',*,*,#49,.T.);
#49 = EDGE_CURVE('',#42,#50,#52,.T.);
#50 = VERTEX_POINT('',#51);
#51 = CARTESIAN_POINT('',(132.443876,-20.002554,1.51));
#52 = CIRCLE('',#53,1.000002692287);
#53 = AXIS2_PLACEMENT_3D('',#54,#55,#56);
#54 = CARTESIAN_POINT('',(131.44499953317,-20.05000069228,1.51));
#55 = DIRECTION('',(0.,0.,-1.));
#56 = DIRECTION('',(4.668219099705E-07,1.,0.));
#57 = ORIENTED_EDGE('',*,*,#58,.F.);
#58 = EDGE_CURVE('',#59,#50,#61,.T.);
#59 = VERTEX_POINT('',#60);
#60 = CARTESIAN_POINT('',(132.443876,-20.002554,0.));
#61 = LINE('',#62,#63);
#62 = CARTESIAN_POINT('',(132.443876,-20.002554,0.));
#63 = VECTOR('',#64,1.);
#64 = DIRECTION('',(0.,0.,1.));
#65 = ORIENTED_EDGE('',*,*,#66,.F.);
#66 = EDGE_CURVE('',#40,#59,#67,.T.);
#67 = CIRCLE('',#68,1.000002692287);
#68 = AXIS2_PLACEMENT_3D('',#69,#70,#71);
#69 = CARTESIAN_POINT('',(131.44499953317,-20.05000069228,0.));
#70 = DIRECTION('',(0.,0.,-1.));
#71 = DIRECTION('',(4.668219099705E-07,1.,0.));
#72 = CYLINDRICAL_SURFACE('',#73,1.000002692287);
#73 = AXIS2_PLACEMENT_3D('',#74,#75,#76);
#74 = CARTESIAN_POINT('',(131.44499953317,-20.05000069228,0.));
#75 = DIRECTION('',(0.,0.,-1.));
#76 = DIRECTION('',(4.668219099705E-07,1.,0.));
#77 = ADVANCED_FACE('',(#78),#105,.F.);
#78 = FACE_BOUND('',#79,.T.);
#79 = EDGE_LOOP('',(#80,#81,#90,#98));
#80 = ORIENTED_EDGE('',*,*,#58,.T.);
#81 = ORIENTED_EDGE('',*,*,#82,.T.);
#82 = EDGE_CURVE('',#50,#83,#85,.T.);
#83 = VERTEX_POINT('',#84);
#84 = CARTESIAN_POINT('',(133.445,-20.955001,1.51));
#85 = CIRCLE('',#86,1.00408803798);
#86 = AXIS2_PLACEMENT_3D('',#87,#88,#89);
#87 = CARTESIAN_POINT('',(133.44663525761,-19.95091429361,1.51));
#88 = DIRECTION('',(0.,0.,1.));
#89 = DIRECTION('',(-0.998676629626,-5.142946080022E-02,0.));
#90 = ORIENTED_EDGE('',*,*,#91,.F.);
#91 = EDGE_CURVE('',#92,#83,#94,.T.);
#92 = VERTEX_POINT('',#93);
#93 = CARTESIAN_POINT('',(133.445,-20.955001,0.));
#94 = LINE('',#95,#96);
#95 = CARTESIAN_POINT('',(133.445,-20.955001,0.));
#96 = VECTOR('',#97,1.);
#97 = DIRECTION('',(0.,0.,1.));
#98 = ORIENTED_EDGE('',*,*,#99,.F.);
#99 = EDGE_CURVE('',#59,#92,#100,.T.);
#100 = CIRCLE('',#101,1.00408803798);
#101 = AXIS2_PLACEMENT_3D('',#102,#103,#104);
#102 = CARTESIAN_POINT('',(133.44663525761,-19.95091429361,0.));
#103 = DIRECTION('',(0.,0.,1.));
#104 = DIRECTION('',(-0.998676629626,-5.142946080022E-02,0.));
#105 = CYLINDRICAL_SURFACE('',#106,1.00408803798);
#106 = AXIS2_PLACEMENT_3D('',#107,#108,#109);
#107 = CARTESIAN_POINT('',(133.44663525761,-19.95091429361,0.));
#108 = DIRECTION('',(-0.,-0.,-1.));
#109 = DIRECTION('',(-0.998676629626,-5.142946080022E-02,0.));
#110 = ADVANCED_FACE('',(#111),#136,.T.);
#111 = FACE_BOUND('',#112,.T.);
#112 = EDGE_LOOP('',(#113,#114,#122,#130));
#113 = ORIENTED_EDGE('',*,*,#91,.T.);
#114 = ORIENTED_EDGE('',*,*,#115,.T.);
#115 = EDGE_CURVE('',#83,#116,#118,.T.);
#116 = VERTEX_POINT('',#117);
#117 = CARTESIAN_POINT('',(150.495,-20.955,1.51));
#118 = LINE('',#119,#120);
#119 = CARTESIAN_POINT('',(133.445,-20.955001,1.51));
#120 = VECTOR('',#121,1.);
#121 = DIRECTION('',(1.,5.865102645325E-08,0.));
#122 = ORIENTED_EDGE('',*,*,#123,.F.);
#123 = EDGE_CURVE('',#124,#116,#126,.T.);
#124 = VERTEX_POINT('',#125);
#125 = CARTESIAN_POINT('',(150.495,-20.955,0.));
#126 = LINE('',#127,#128);
#127 = CARTESIAN_POINT('',(150.495,-20.955,0.));
#128 = VECTOR('',#129,1.);
#129 = DIRECTION('',(0.,0.,1.));
#130 = ORIENTED_EDGE('',*,*,#131,.F.);
#131 = EDGE_CURVE('',#92,#124,#132,.T.);
#132 = LINE('',#133,#134);
#133 = CARTESIAN_POINT('',(133.445,-20.955001,0.));
#134 = VECTOR('',#135,1.);
#135 = DIRECTION('',(1.,5.865102645325E-08,0.));
#136 = PLANE('',#137);
#137 = AXIS2_PLACEMENT_3D('',#138,#139,#140);
#138 = CARTESIAN_POINT('',(133.445,-20.955001,0.));
#139 = DIRECTION('',(-5.865102645325E-08,1.,0.));
#140 = DIRECTION('',(1.,5.865102645325E-08,0.));
#141 = ADVANCED_FACE('',(#142),#169,.T.);
#142 = FACE_BOUND('',#143,.T.);
#143 = EDGE_LOOP('',(#144,#145,#154,#162));
#144 = ORIENTED_EDGE('',*,*,#123,.T.);
#145 = ORIENTED_EDGE('',*,*,#146,.T.);
#146 = EDGE_CURVE('',#116,#147,#149,.T.);
#147 = VERTEX_POINT('',#148);
#148 = CARTESIAN_POINT('',(151.495,-21.955,1.51));
#149 = CIRCLE('',#150,0.999999252925);
#150 = AXIS2_PLACEMENT_3D('',#151,#152,#153);
#151 = CARTESIAN_POINT('',(150.49500074707,-21.95499925292,1.51));
#152 = DIRECTION('',(0.,0.,-1.));
#153 = DIRECTION('',(-7.470757633756E-07,1.,0.));
#154 = ORIENTED_EDGE('',*,*,#155,.F.);
#155 = EDGE_CURVE('',#156,#147,#158,.T.);
#156 = VERTEX_POINT('',#157);
#157 = CARTESIAN_POINT('',(151.495,-21.955,0.));
#158 = LINE('',#159,#160);
#159 = CARTESIAN_POINT('',(151.495,-21.955,0.));
#160 = VECTOR('',#161,1.);
#161 = DIRECTION('',(0.,0.,1.));
#162 = ORIENTED_EDGE('',*,*,#163,.F.);
#163 = EDGE_CURVE('',#124,#156,#164,.T.);
#164 = CIRCLE('',#165,0.999999252925);
#165 = AXIS2_PLACEMENT_3D('',#166,#167,#168);
#166 = CARTESIAN_POINT('',(150.49500074707,-21.95499925292,0.));
#167 = DIRECTION('',(0.,0.,-1.));
#168 = DIRECTION('',(-7.470757633756E-07,1.,0.));
#169 = CYLINDRICAL_SURFACE('',#170,0.999999252925);
#170 = AXIS2_PLACEMENT_3D('',#171,#172,#173);
#171 = CARTESIAN_POINT('',(150.49500074707,-21.95499925292,0.));
#172 = DIRECTION('',(0.,0.,-1.));
#173 = DIRECTION('',(-7.470757633756E-07,1.,0.));
#174 = ADVANCED_FACE('',(#175),#200,.T.);
#175 = FACE_BOUND('',#176,.T.);
#176 = EDGE_LOOP('',(#177,#178,#186,#194));
#177 = ORIENTED_EDGE('',*,*,#155,.T.);
#178 = ORIENTED_EDGE('',*,*,#179,.T.);
#179 = EDGE_CURVE('',#147,#180,#182,.T.);
#180 = VERTEX_POINT('',#181);
#181 = CARTESIAN_POINT('',(151.495,-27.575,1.51));
#182 = LINE('',#183,#184);
#183 = CARTESIAN_POINT('',(151.495,-21.955,1.51));
#184 = VECTOR('',#185,1.);
#185 = DIRECTION('',(0.,-1.,0.));
#186 = ORIENTED_EDGE('',*,*,#187,.F.);
#187 = EDGE_CURVE('',#188,#180,#190,.T.);
#188 = VERTEX_POINT('',#189);
#189 = CARTESIAN_POINT('',(151.495,-27.575,0.));
#190 = LINE('',#191,#192);
#191 = CARTESIAN_POINT('',(151.495,-27.575,0.));
#192 = VECTOR('',#193,1.);
#193 = DIRECTION('',(0.,0.,1.));
#194 = ORIENTED_EDGE('',*,*,#195,.F.);
#195 = EDGE_CURVE('',#156,#188,#196,.T.);
#196 = LINE('',#197,#198);
#197 = CARTESIAN_POINT('',(151.495,-21.955,0.));
#198 = VECTOR('',#199,1.);
#199 = DIRECTION('',(0.,-1.,0.));
#200 = PLANE('',#201);
#201 = AXIS2_PLACEMENT_3D('',#202,#203,#204);
#202 = CARTESIAN_POINT('',(151.495,-21.955,0.));
#203 = DIRECTION('',(1.,0.,-0.));
#204 = DIRECTION('',(0.,-1.,0.));
#205 = ADVANCED_FACE('',(#206),#233,.F.);
#206 = FACE_BOUND('',#207,.T.);
#207 = EDGE_LOOP('',(#208,#209,#218,#226));
#208 = ORIENTED_EDGE('',*,*,#187,.T.);
#209 = ORIENTED_EDGE('',*,*,#210,.T.);
#210 = EDGE_CURVE('',#180,#211,#213,.T.);
#211 = VERTEX_POINT('',#212);
#212 = CARTESIAN_POINT('',(152.495,-28.575,1.51));
#213 = CIRCLE('',#214,0.999999252925);
#214 = AXIS2_PLACEMENT_3D('',#215,#216,#217);
#215 = CARTESIAN_POINT('',(152.49499925292,-27.57500074707,1.51));
#216 = DIRECTION('',(0.,0.,1.));
#217 = DIRECTION('',(-1.,7.470757562702E-07,0.));
#218 = ORIENTED_EDGE('',*,*,#219,.F.);
#219 = EDGE_CURVE('',#220,#211,#222,.T.);
#220 = VERTEX_POINT('',#221);
#221 = CARTESIAN_POINT('',(152.495,-28.575,0.));
#222 = LINE('',#223,#224);
#223 = CARTESIAN_POINT('',(152.495,-28.575,0.));
#224 = VECTOR('',#225,1.);
#225 = DIRECTION('',(0.,0.,1.));
#226 = ORIENTED_EDGE('',*,*,#227,.F.);
#227 = EDGE_CURVE('',#188,#220,#228,.T.);
#228 = CIRCLE('',#229,0.999999252925);
#229 = AXIS2_PLACEMENT_3D('',#230,#231,#232);
#230 = CARTESIAN_POINT('',(152.49499925292,-27.57500074707,0.));
#231 = DIRECTION('',(0.,0.,1.));
#232 = DIRECTION('',(-1.,7.470757562702E-07,0.));
#233 = CYLINDRICAL_SURFACE('',#234,0.999999252925);
#234 = AXIS2_PLACEMENT_3D('',#235,#236,#237);
#235 = CARTESIAN_POINT('',(152.49499925292,-27.57500074707,0.));
#236 = DIRECTION('',(-0.,-0.,-1.));
#237 = DIRECTION('',(-1.,7.470757562702E-07,0.));
#238 = ADVANCED_FACE('',(#239),#264,.T.);
#239 = FACE_BOUND('',#240,.T.);
#240 = EDGE_LOOP('',(#241,#242,#250,#258));
#241 = ORIENTED_EDGE('',*,*,#219,.T.);
#242 = ORIENTED_EDGE('',*,*,#243,.T.);
#243 = EDGE_CURVE('',#211,#244,#246,.T.);
#244 = VERTEX_POINT('',#245);
#245 = CARTESIAN_POINT('',(188.595,-28.575,1.51));
#246 = LINE('',#247,#248);
#247 = CARTESIAN_POINT('',(152.495,-28.575,1.51));
#248 = VECTOR('',#249,1.);
#249 = DIRECTION('',(1.,0.,0.));
#250 = ORIENTED_EDGE('',*,*,#251,.F.);
#251 = EDGE_CURVE('',#252,#244,#254,.T.);
#252 = VERTEX_POINT('',#253);
#253 = CARTESIAN_POINT('',(188.595,-28.575,0.));
#254 = LINE('',#255,#256);
#255 = CARTESIAN_POINT('',(188.595,-28.575,0.));
#256 = VECTOR('',#257,1.);
#257 = DIRECTION('',(0.,0.,1.));
#258 = ORIENTED_EDGE('',*,*,#259,.F.);
#259 = EDGE_CURVE('',#220,#252,#260,.T.);
#260 = LINE('',#261,#262);
#261 = CARTESIAN_POINT('',(152.495,-28.575,0.));
#262 = VECTOR('',#263,1.);
#263 = DIRECTION('',(1.,0.,0.));
#264 = PLANE('',#265);
#265 = AXIS2_PLACEMENT_3D('',#266,#267,#268);
#266 = CARTESIAN_POINT('',(152.495,-28.575,0.));
#267 = DIRECTION('',(0.,1.,0.));
#268 = DIRECTION('',(1.,0.,0.));
#269 = ADVANCED_FACE('',(#270),#297,.T.);
#270 = FACE_BOUND('',#271,.T.);
#271 = EDGE_LOOP('',(#272,#273,#282,#290));
#272 = ORIENTED_EDGE('',*,*,#251,.T.);
#273 = ORIENTED_EDGE('',*,*,#274,.T.);
#274 = EDGE_CURVE('',#244,#275,#277,.T.);
#275 = VERTEX_POINT('',#276);
#276 = CARTESIAN_POINT('',(189.595,-29.575,1.51));
#277 = CIRCLE('',#278,0.999999252925);
#278 = AXIS2_PLACEMENT_3D('',#279,#280,#281);
#279 = CARTESIAN_POINT('',(188.59500074707,-29.57499925292,1.51));
#280 = DIRECTION('',(0.,0.,-1.));
#281 = DIRECTION('',(-7.470757633756E-07,1.,0.));
#282 = ORIENTED_EDGE('',*,*,#283,.F.);
#283 = EDGE_CURVE('',#284,#275,#286,.T.);
#284 = VERTEX_POINT('',#285);
#285 = CARTESIAN_POINT('',(189.595,-29.575,0.));
#286 = LINE('',#287,#288);
#287 = CARTESIAN_POINT('',(189.595,-29.575,0.));
#288 = VECTOR('',#289,1.);
#289 = DIRECTION('',(0.,0.,1.));
#290 = ORIENTED_EDGE('',*,*,#291,.F.);
#291 = EDGE_CURVE('',#252,#284,#292,.T.);
#292 = CIRCLE('',#293,0.999999252925);
#293 = AXIS2_PLACEMENT_3D('',#294,#295,#296);
#294 = CARTESIAN_POINT('',(188.59500074707,-29.57499925292,0.));
#295 = DIRECTION('',(0.,0.,-1.));
#296 = DIRECTION('',(-7.470757633756E-07,1.,0.));
#297 = CYLINDRICAL_SURFACE('',#298,0.999999252925);
#298 = AXIS2_PLACEMENT_3D('',#299,#300,#301);
#299 = CARTESIAN_POINT('',(188.59500074707,-29.57499925292,0.));
#300 = DIRECTION('',(0.,0.,-1.));
#301 = DIRECTION('',(-7.470757633756E-07,1.,0.));
#302 = ADVANCED_FACE('',(#303),#328,.T.);
#303 = FACE_BOUND('',#304,.T.);
#304 = EDGE_LOOP('',(#305,#306,#314,#322));
#305 = ORIENTED_EDGE('',*,*,#283,.T.);
#306 = ORIENTED_EDGE('',*,*,#307,.T.);
#307 = EDGE_CURVE('',#275,#308,#310,.T.);
#308 = VERTEX_POINT('',#309);
#309 = CARTESIAN_POINT('',(189.595,-103.775,1.51));
#310 = LINE('',#311,#312);
#311 = CARTESIAN_POINT('',(189.595,-29.575,1.51));
#312 = VECTOR('',#313,1.);
#313 = DIRECTION('',(0.,-1.,0.));
#314 = ORIENTED_EDGE('',*,*,#315,.F.);
#315 = EDGE_CURVE('',#316,#308,#318,.T.);
#316 = VERTEX_POINT('',#317);
#317 = CARTESIAN_POINT('',(189.595,-103.775,0.));
#318 = LINE('',#319,#320);
#319 = CARTESIAN_POINT('',(189.595,-103.775,0.));
#320 = VECTOR('',#321,1.);
#321 = DIRECTION('',(0.,0.,1.));
#322 = ORIENTED_EDGE('',*,*,#323,.F.);
#323 = EDGE_CURVE('',#284,#316,#324,.T.);
#324 = LINE('',#325,#326);
#325 = CARTESIAN_POINT('',(189.595,-29.575,0.));
#326 = VECTOR('',#327,1.);
#327 = DIRECTION('',(0.,-1.,0.));
#328 = PLANE('',#329);
#329 = AXIS2_PLACEMENT_3D('',#330,#331,#332);
#330 = CARTESIAN_POINT('',(189.595,-29.575,0.));
#331 = DIRECTION('',(1.,0.,-0.));
#332 = DIRECTION('',(0.,-1.,0.));
#333 = ADVANCED_FACE('',(#334),#361,.T.);
#334 = FACE_BOUND('',#335,.T.);
#335 = EDGE_LOOP('',(#336,#337,#346,#354));
#336 = ORIENTED_EDGE('',*,*,#315,.T.);
#337 = ORIENTED_EDGE('',*,*,#338,.T.);
#338 = EDGE_CURVE('',#308,#339,#341,.T.);
#339 = VERTEX_POINT('',#340);
#340 = CARTESIAN_POINT('',(188.595,-104.775,1.51));
#341 = CIRCLE('',#342,0.999999252925);
#342 = AXIS2_PLACEMENT_3D('',#343,#344,#345);
#343 = CARTESIAN_POINT('',(188.59500074707,-103.775000747,1.51));
#344 = DIRECTION('',(0.,0.,-1.));
#345 = DIRECTION('',(1.,7.470757491648E-07,0.));
#346 = ORIENTED_EDGE('',*,*,#347,.F.);
#347 = EDGE_CURVE('',#348,#339,#350,.T.);
#348 = VERTEX_POINT('',#349);
#349 = CARTESIAN_POINT('',(188.595,-104.775,0.));
#350 = LINE('',#351,#352);
#351 = CARTESIAN_POINT('',(188.595,-104.775,0.));
#352 = VECTOR('',#353,1.);
#353 = DIRECTION('',(0.,0.,1.));
#354 = ORIENTED_EDGE('',*,*,#355,.F.);
#355 = EDGE_CURVE('',#316,#348,#356,.T.);
#356 = CIRCLE('',#357,0.999999252925);
#357 = AXIS2_PLACEMENT_3D('',#358,#359,#360);
#358 = CARTESIAN_POINT('',(188.59500074707,-103.775000747,0.));
#359 = DIRECTION('',(0.,0.,-1.));
#360 = DIRECTION('',(1.,7.470757491648E-07,0.));
#361 = CYLINDRICAL_SURFACE('',#362,0.999999252925);
#362 = AXIS2_PLACEMENT_3D('',#363,#364,#365);
#363 = CARTESIAN_POINT('',(188.59500074707,-103.775000747,0.));
#364 = DIRECTION('',(0.,0.,-1.));
#365 = DIRECTION('',(1.,7.470757491648E-07,0.));
#366 = ADVANCED_FACE('',(#367),#392,.T.);
#367 = FACE_BOUND('',#368,.T.);
#368 = EDGE_LOOP('',(#369,#370,#378,#386));
#369 = ORIENTED_EDGE('',*,*,#347,.T.);
#370 = ORIENTED_EDGE('',*,*,#371,.T.);
#371 = EDGE_CURVE('',#339,#372,#374,.T.);
#372 = VERTEX_POINT('',#373);
#373 = CARTESIAN_POINT('',(180.06647,-104.779824,1.51));
#374 = LINE('',#375,#376);
#375 = CARTESIAN_POINT('',(188.595,-104.775,1.51));
#376 = VECTOR('',#377,1.);
#377 = DIRECTION('',(-0.999999840031,-5.656307978407E-04,0.));
#378 = ORIENTED_EDGE('',*,*,#379,.F.);
#379 = EDGE_CURVE('',#380,#372,#382,.T.);
#380 = VERTEX_POINT('',#381);
#381 = CARTESIAN_POINT('',(180.06647,-104.779824,0.));
#382 = LINE('',#383,#384);
#383 = CARTESIAN_POINT('',(180.06647,-104.779824,0.));
#384 = VECTOR('',#385,1.);
#385 = DIRECTION('',(0.,0.,1.));
#386 = ORIENTED_EDGE('',*,*,#387,.F.);
#387 = EDGE_CURVE('',#348,#380,#388,.T.);
#388 = LINE('',#389,#390);
#389 = CARTESIAN_POINT('',(188.595,-104.775,0.));
#390 = VECTOR('',#391,1.);
#391 = DIRECTION('',(-0.999999840031,-5.656307978407E-04,0.));
#392 = PLANE('',#393);
#393 = AXIS2_PLACEMENT_3D('',#394,#395,#396);
#394 = CARTESIAN_POINT('',(188.595,-104.775,0.));
#395 = DIRECTION('',(5.656307978407E-04,-0.999999840031,0.));
#396 = DIRECTION('',(-0.999999840031,-5.656307978407E-04,0.));
#397 = ADVANCED_FACE('',(#398),#423,.T.);
#398 = FACE_BOUND('',#399,.T.);
#399 = EDGE_LOOP('',(#400,#401,#409,#417));
#400 = ORIENTED_EDGE('',*,*,#379,.T.);
#401 = ORIENTED_EDGE('',*,*,#402,.T.);
#402 = EDGE_CURVE('',#372,#403,#405,.T.);
#403 = VERTEX_POINT('',#404);
#404 = CARTESIAN_POINT('',(165.868265,-124.185,1.51));
#405 = LINE('',#406,#407);
#406 = CARTESIAN_POINT('',(180.06647,-104.779824,1.51));
#407 = VECTOR('',#408,1.);
#408 = DIRECTION('',(-0.590490917766,-0.807044283813,0.));
#409 = ORIENTED_EDGE('',*,*,#410,.F.);
#410 = EDGE_CURVE('',#411,#403,#413,.T.);
#411 = VERTEX_POINT('',#412);
#412 = CARTESIAN_POINT('',(165.868265,-124.185,0.));
#413 = LINE('',#414,#415);
#414 = CARTESIAN_POINT('',(165.868265,-124.185,0.));
#415 = VECTOR('',#416,1.);
#416 = DIRECTION('',(0.,0.,1.));
#417 = ORIENTED_EDGE('',*,*,#418,.F.);
#418 = EDGE_CURVE('',#380,#411,#419,.T.);
#419 = LINE('',#420,#421);
#420 = CARTESIAN_POINT('',(180.06647,-104.779824,0.));
#421 = VECTOR('',#422,1.);
#422 = DIRECTION('',(-0.590490917766,-0.807044283813,0.));
#423 = PLANE('',#424);
#424 = AXIS2_PLACEMENT_3D('',#425,#426,#427);
#425 = CARTESIAN_POINT('',(180.06647,-104.779824,0.));
#426 = DIRECTION('',(0.807044283813,-0.590490917766,0.));
#427 = DIRECTION('',(-0.590490917766,-0.807044283813,0.));
#428 = ADVANCED_FACE('',(#429),#454,.T.);
#429 = FACE_BOUND('',#430,.T.);
#430 = EDGE_LOOP('',(#431,#432,#440,#448));
#431 = ORIENTED_EDGE('',*,*,#410,.T.);
#432 = ORIENTED_EDGE('',*,*,#433,.T.);
#433 = EDGE_CURVE('',#403,#434,#436,.T.);
#434 = VERTEX_POINT('',#435);
#435 = CARTESIAN_POINT('',(161.453265,-124.185,1.51));
#436 = LINE('',#437,#438);
#437 = CARTESIAN_POINT('',(165.868265,-124.185,1.51));
#438 = VECTOR('',#439,1.);
#439 = DIRECTION('',(-1.,0.,0.));
#440 = ORIENTED_EDGE('',*,*,#441,.F.);
#441 = EDGE_CURVE('',#442,#434,#444,.T.);
#442 = VERTEX_POINT('',#443);
#443 = CARTESIAN_POINT('',(161.453265,-124.185,0.));
#444 = LINE('',#445,#446);
#445 = CARTESIAN_POINT('',(161.453265,-124.185,0.));
#446 = VECTOR('',#447,1.);
#447 = DIRECTION('',(0.,0.,1.));
#448 = ORIENTED_EDGE('',*,*,#449,.F.);
#449 = EDGE_CURVE('',#411,#442,#450,.T.);
#450 = LINE('',#451,#452);
#451 = CARTESIAN_POINT('',(165.868265,-124.185,0.));
#452 = VECTOR('',#453,1.);
#453 = DIRECTION('',(-1.,0.,0.));
#454 = PLANE('',#455);
#455 = AXIS2_PLACEMENT_3D('',#456,#457,#458);
#456 = CARTESIAN_POINT('',(165.868265,-124.185,0.));
#457 = DIRECTION('',(0.,-1.,0.));
#458 = DIRECTION('',(-1.,0.,0.));
#459 = ADVANCED_FACE('',(#460),#487,.T.);
#460 = FACE_BOUND('',#461,.T.);
#461 = EDGE_LOOP('',(#462,#463,#472,#480));
#462 = ORIENTED_EDGE('',*,*,#441,.T.);
#463 = ORIENTED_EDGE('',*,*,#464,.T.);
#464 = EDGE_CURVE('',#434,#465,#467,.T.);
#465 = VERTEX_POINT('',#466);
#466 = CARTESIAN_POINT('',(160.453265,-123.185,1.51));
#467 = CIRCLE('',#468,0.999999252925);
#468 = AXIS2_PLACEMENT_3D('',#469,#470,#471);
#469 = CARTESIAN_POINT('',(161.45326425292,-123.185000747,1.51));
#470 = DIRECTION('',(0.,0.,-1.));
#471 = DIRECTION('',(7.470756781104E-07,-1.,0.));
#472 = ORIENTED_EDGE('',*,*,#473,.F.);
#473 = EDGE_CURVE('',#474,#465,#476,.T.);
#474 = VERTEX_POINT('',#475);
#475 = CARTESIAN_POINT('',(160.453265,-123.185,0.));
#476 = LINE('',#477,#478);
#477 = CARTESIAN_POINT('',(160.453265,-123.185,0.));
#478 = VECTOR('',#479,1.);
#479 = DIRECTION('',(0.,0.,1.));
#480 = ORIENTED_EDGE('',*,*,#481,.F.);
#481 = EDGE_CURVE('',#442,#474,#482,.T.);
#482 = CIRCLE('',#483,0.999999252925);
#483 = AXIS2_PLACEMENT_3D('',#484,#485,#486);
#484 = CARTESIAN_POINT('',(161.45326425292,-123.185000747,0.));
#485 = DIRECTION('',(0.,0.,-1.));
#486 = DIRECTION('',(7.470756781104E-07,-1.,0.));
#487 = CYLINDRICAL_SURFACE('',#488,0.999999252925);
#488 = AXIS2_PLACEMENT_3D('',#489,#490,#491);
#489 = CARTESIAN_POINT('',(161.45326425292,-123.185000747,0.));
#490 = DIRECTION('',(0.,0.,-1.));
#491 = DIRECTION('',(7.470756781104E-07,-1.,0.));
#492 = ADVANCED_FACE('',(#493),#518,.T.);
#493 = FACE_BOUND('',#494,.T.);
#494 = EDGE_LOOP('',(#495,#496,#504,#512));
#495 = ORIENTED_EDGE('',*,*,#473,.T.);
#496 = ORIENTED_EDGE('',*,*,#497,.T.);
#497 = EDGE_CURVE('',#465,#498,#500,.T.);
#498 = VERTEX_POINT('',#499);
#499 = CARTESIAN_POINT('',(160.454765,-105.775,1.51));
#500 = LINE('',#501,#502);
#501 = CARTESIAN_POINT('',(160.453265,-123.185,1.51));
#502 = VECTOR('',#503,1.);
#503 = DIRECTION('',(8.615738049707E-05,0.999999996288,0.));
#504 = ORIENTED_EDGE('',*,*,#505,.F.);
#505 = EDGE_CURVE('',#506,#498,#508,.T.);
#506 = VERTEX_POINT('',#507);
#507 = CARTESIAN_POINT('',(160.454765,-105.775,0.));
#508 = LINE('',#509,#510);
#509 = CARTESIAN_POINT('',(160.454765,-105.775,0.));
#510 = VECTOR('',#511,1.);
#511 = DIRECTION('',(0.,0.,1.));
#512 = ORIENTED_EDGE('',*,*,#513,.F.);
#513 = EDGE_CURVE('',#474,#506,#514,.T.);
#514 = LINE('',#515,#516);
#515 = CARTESIAN_POINT('',(160.453265,-123.185,0.));
#516 = VECTOR('',#517,1.);
#517 = DIRECTION('',(8.615738049707E-05,0.999999996288,0.));
#518 = PLANE('',#519);
#519 = AXIS2_PLACEMENT_3D('',#520,#521,#522);
#520 = CARTESIAN_POINT('',(160.453265,-123.185,0.));
#521 = DIRECTION('',(-0.999999996288,8.615738049707E-05,0.));
#522 = DIRECTION('',(8.615738049707E-05,0.999999996288,0.));
#523 = ADVANCED_FACE('',(#524),#551,.F.);
#524 = FACE_BOUND('',#525,.T.);
#525 = EDGE_LOOP('',(#526,#527,#536,#544));
#526 = ORIENTED_EDGE('',*,*,#505,.T.);
#527 = ORIENTED_EDGE('',*,*,#528,.T.);
#528 = EDGE_CURVE('',#498,#529,#531,.T.);
#529 = VERTEX_POINT('',#530);
#530 = CARTESIAN_POINT('',(159.454765,-104.775,1.51));
#531 = CIRCLE('',#532,0.999999252925);
#532 = AXIS2_PLACEMENT_3D('',#533,#534,#535);
#533 = CARTESIAN_POINT('',(159.45476574707,-105.7749992529,1.51));
#534 = DIRECTION('',(0.,0.,1.));
#535 = DIRECTION('',(1.,-7.47075720743E-07,0.));
#536 = ORIENTED_EDGE('',*,*,#537,.F.);
#537 = EDGE_CURVE('',#538,#529,#540,.T.);
#538 = VERTEX_POINT('',#539);
#539 = CARTESIAN_POINT('',(159.454765,-104.775,0.));
#540 = LINE('',#541,#542);
#541 = CARTESIAN_POINT('',(159.454765,-104.775,0.));
#542 = VECTOR('',#543,1.);
#543 = DIRECTION('',(0.,0.,1.));
#544 = ORIENTED_EDGE('',*,*,#545,.F.);
#545 = EDGE_CURVE('',#506,#538,#546,.T.);
#546 = CIRCLE('',#547,0.999999252925);
#547 = AXIS2_PLACEMENT_3D('',#548,#549,#550);
#548 = CARTESIAN_POINT('',(159.45476574707,-105.7749992529,0.));
#549 = DIRECTION('',(0.,0.,1.));
#550 = DIRECTION('',(1.,-7.47075720743E-07,0.));
#551 = CYLINDRICAL_SURFACE('',#552,0.999999252925);
#552 = AXIS2_PLACEMENT_3D('',#553,#554,#555);
#553 = CARTESIAN_POINT('',(159.45476574707,-105.7749992529,0.));
#554 = DIRECTION('',(-0.,-0.,-1.));
#555 = DIRECTION('',(1.,-7.47075720743E-07,0.));
#556 = ADVANCED_FACE('',(#557),#582,.T.);
#557 = FACE_BOUND('',#558,.T.);
#558 = EDGE_LOOP('',(#559,#560,#568,#576));
#559 = ORIENTED_EDGE('',*,*,#537,.T.);
#560 = ORIENTED_EDGE('',*,*,#561,.T.);
#561 = EDGE_CURVE('',#529,#562,#564,.T.);
#562 = VERTEX_POINT('',#563);
#563 = CARTESIAN_POINT('',(152.495,-104.775,1.51));
#564 = LINE('',#565,#566);
#565 = CARTESIAN_POINT('',(159.454765,-104.775,1.51));
#566 = VECTOR('',#567,1.);
#567 = DIRECTION('',(-1.,0.,0.));
#568 = ORIENTED_EDGE('',*,*,#569,.F.);
#569 = EDGE_CURVE('',#570,#562,#572,.T.);
#570 = VERTEX_POINT('',#571);
#571 = CARTESIAN_POINT('',(152.495,-104.775,0.));
#572 = LINE('',#573,#574);
#573 = CARTESIAN_POINT('',(152.495,-104.775,0.));
#574 = VECTOR('',#575,1.);
#575 = DIRECTION('',(0.,0.,1.));
#576 = ORIENTED_EDGE('',*,*,#577,.F.);
#577 = EDGE_CURVE('',#538,#570,#578,.T.);
#578 = LINE('',#579,#580);
#579 = CARTESIAN_POINT('',(159.454765,-104.775,0.));
#580 = VECTOR('',#581,1.);
#581 = DIRECTION('',(-1.,0.,0.));
#582 = PLANE('',#583);
#583 = AXIS2_PLACEMENT_3D('',#584,#585,#586);
#584 = CARTESIAN_POINT('',(159.454765,-104.775,0.));
#585 = DIRECTION('',(0.,-1.,0.));
#586 = DIRECTION('',(-1.,0.,0.));
#587 = ADVANCED_FACE('',(#588),#615,.T.);
#588 = FACE_BOUND('',#589,.T.);
#589 = EDGE_LOOP('',(#590,#591,#600,#608));
#590 = ORIENTED_EDGE('',*,*,#569,.T.);
#591 = ORIENTED_EDGE('',*,*,#592,.T.);
#592 = EDGE_CURVE('',#562,#593,#595,.T.);
#593 = VERTEX_POINT('',#594);
#594 = CARTESIAN_POINT('',(151.495,-103.775,1.51));
#595 = CIRCLE('',#596,0.999999252925);
#596 = AXIS2_PLACEMENT_3D('',#597,#598,#599);
#597 = CARTESIAN_POINT('',(152.49499925292,-103.775000747,1.51));
#598 = DIRECTION('',(0.,0.,-1.));
#599 = DIRECTION('',(7.470757349539E-07,-1.,0.));
#600 = ORIENTED_EDGE('',*,*,#601,.F.);
#601 = EDGE_CURVE('',#602,#593,#604,.T.);
#602 = VERTEX_POINT('',#603);
#603 = CARTESIAN_POINT('',(151.495,-103.775,0.));
#604 = LINE('',#605,#606);
#605 = CARTESIAN_POINT('',(151.495,-103.775,0.));
#606 = VECTOR('',#607,1.);
#607 = DIRECTION('',(0.,0.,1.));
#608 = ORIENTED_EDGE('',*,*,#609,.F.);
#609 = EDGE_CURVE('',#570,#602,#610,.T.);
#610 = CIRCLE('',#611,0.999999252925);
#611 = AXIS2_PLACEMENT_3D('',#612,#613,#614);
#612 = CARTESIAN_POINT('',(152.49499925292,-103.775000747,0.));
#613 = DIRECTION('',(0.,0.,-1.));
#614 = DIRECTION('',(7.470757349539E-07,-1.,0.));
#615 = CYLINDRICAL_SURFACE('',#616,0.999999252925);
#616 = AXIS2_PLACEMENT_3D('',#617,#618,#619);
#617 = CARTESIAN_POINT('',(152.49499925292,-103.775000747,0.));
#618 = DIRECTION('',(0.,0.,-1.));
#619 = DIRECTION('',(7.470757349539E-07,-1.,0.));
#620 = ADVANCED_FACE('',(#621),#646,.T.);
#621 = FACE_BOUND('',#622,.T.);
#622 = EDGE_LOOP('',(#623,#624,#632,#640));
#623 = ORIENTED_EDGE('',*,*,#601,.T.);
#624 = ORIENTED_EDGE('',*,*,#625,.T.);
#625 = EDGE_CURVE('',#593,#626,#628,.T.);
#626 = VERTEX_POINT('',#627);
#627 = CARTESIAN_POINT('',(151.495,-101.275,1.51));
#628 = LINE('',#629,#630);
#629 = CARTESIAN_POINT('',(151.495,-103.775,1.51));
#630 = VECTOR('',#631,1.);
#631 = DIRECTION('',(0.,1.,0.));
#632 = ORIENTED_EDGE('',*,*,#633,.F.);
#633 = EDGE_CURVE('',#634,#626,#636,.T.);
#634 = VERTEX_POINT('',#635);
#635 = CARTESIAN_POINT('',(151.495,-101.275,0.));
#636 = LINE('',#637,#638);
#637 = CARTESIAN_POINT('',(151.495,-101.275,0.));
#638 = VECTOR('',#639,1.);
#639 = DIRECTION('',(0.,0.,1.));
#640 = ORIENTED_EDGE('',*,*,#641,.F.);
#641 = EDGE_CURVE('',#602,#634,#642,.T.);
#642 = LINE('',#643,#644);
#643 = CARTESIAN_POINT('',(151.495,-103.775,0.));
#644 = VECTOR('',#645,1.);
#645 = DIRECTION('',(0.,1.,0.));
#646 = PLANE('',#647);
#647 = AXIS2_PLACEMENT_3D('',#648,#649,#650);
#648 = CARTESIAN_POINT('',(151.495,-103.775,0.));
#649 = DIRECTION('',(-1.,0.,0.));
#650 = DIRECTION('',(0.,1.,0.));
#651 = ADVANCED_FACE('',(#652),#679,.F.);
#652 = FACE_BOUND('',#653,.T.);
#653 = EDGE_LOOP('',(#654,#655,#664,#672));
#654 = ORIENTED_EDGE('',*,*,#633,.T.);
#655 = ORIENTED_EDGE('',*,*,#656,.T.);
#656 = EDGE_CURVE('',#626,#657,#659,.T.);
#657 = VERTEX_POINT('',#658);
#658 = CARTESIAN_POINT('',(150.495,-100.275,1.51));
#659 = CIRCLE('',#660,0.999999252925);
#660 = AXIS2_PLACEMENT_3D('',#661,#662,#663);
#661 = CARTESIAN_POINT('',(150.49500074707,-101.2749992529,1.51));
#662 = DIRECTION('',(0.,0.,1.));
#663 = DIRECTION('',(1.,-7.470757633756E-07,0.));
#664 = ORIENTED_EDGE('',*,*,#665,.F.);
#665 = EDGE_CURVE('',#666,#657,#668,.T.);
#666 = VERTEX_POINT('',#667);
#667 = CARTESIAN_POINT('',(150.495,-100.275,0.));
#668 = LINE('',#669,#670);
#669 = CARTESIAN_POINT('',(150.495,-100.275,0.));
#670 = VECTOR('',#671,1.);
#671 = DIRECTION('',(0.,0.,1.));
#672 = ORIENTED_EDGE('',*,*,#673,.F.);
#673 = EDGE_CURVE('',#634,#666,#674,.T.);
#674 = CIRCLE('',#675,0.999999252925);
#675 = AXIS2_PLACEMENT_3D('',#676,#677,#678);
#676 = CARTESIAN_POINT('',(150.49500074707,-101.2749992529,0.));
#677 = DIRECTION('',(0.,0.,1.));
#678 = DIRECTION('',(1.,-7.470757633756E-07,0.));
#679 = CYLINDRICAL_SURFACE('',#680,0.999999252925);
#680 = AXIS2_PLACEMENT_3D('',#681,#682,#683);
#681 = CARTESIAN_POINT('',(150.49500074707,-101.2749992529,0.));
#682 = DIRECTION('',(-0.,-0.,-1.));
#683 = DIRECTION('',(1.,-7.470757633756E-07,0.));
#684 = ADVANCED_FACE('',(#685),#710,.T.);
#685 = FACE_BOUND('',#686,.T.);
#686 = EDGE_LOOP('',(#687,#688,#696,#704));
#687 = ORIENTED_EDGE('',*,*,#665,.T.);
#688 = ORIENTED_EDGE('',*,*,#689,.T.);
#689 = EDGE_CURVE('',#657,#690,#692,.T.);
#690 = VERTEX_POINT('',#691);
#691 = CARTESIAN_POINT('',(102.41,-100.285002,1.51));
#692 = LINE('',#693,#694);
#693 = CARTESIAN_POINT('',(150.495,-100.275,1.51));
#694 = VECTOR('',#695,1.);
#695 = DIRECTION('',(-0.999999978367,-2.080066503821E-04,0.));
#696 = ORIENTED_EDGE('',*,*,#697,.F.);
#697 = EDGE_CURVE('',#698,#690,#700,.T.);
#698 = VERTEX_POINT('',#699);
#699 = CARTESIAN_POINT('',(102.41,-100.285002,0.));
#700 = LINE('',#701,#702);
#701 = CARTESIAN_POINT('',(102.41,-100.285002,0.));
#702 = VECTOR('',#703,1.);
#703 = DIRECTION('',(0.,0.,1.));
#704 = ORIENTED_EDGE('',*,*,#705,.F.);
#705 = EDGE_CURVE('',#666,#698,#706,.T.);
#706 = LINE('',#707,#708);
#707 = CARTESIAN_POINT('',(150.495,-100.275,0.));
#708 = VECTOR('',#709,1.);
#709 = DIRECTION('',(-0.999999978367,-2.080066503821E-04,0.));
#710 = PLANE('',#711);
#711 = AXIS2_PLACEMENT_3D('',#712,#713,#714);
#712 = CARTESIAN_POINT('',(150.495,-100.275,0.));
#713 = DIRECTION('',(2.080066503821E-04,-0.999999978367,0.));
#714 = DIRECTION('',(-0.999999978367,-2.080066503821E-04,0.));
#715 = ADVANCED_FACE('',(#716),#743,.F.);
#716 = FACE_BOUND('',#717,.T.);
#717 = EDGE_LOOP('',(#718,#719,#728,#736));
#718 = ORIENTED_EDGE('',*,*,#697,.T.);
#719 = ORIENTED_EDGE('',*,*,#720,.T.);
#720 = EDGE_CURVE('',#690,#721,#723,.T.);
#721 = VERTEX_POINT('',#722);
#722 = CARTESIAN_POINT('',(100.941101,-102.814139,1.51));
#723 = CIRCLE('',#724,2.576602001247);
#724 = AXIS2_PLACEMENT_3D('',#725,#726,#727);
#725 = CARTESIAN_POINT('',(103.50999593766,-102.6149991695,1.51));
#726 = DIRECTION('',(0.,0.,1.));
#727 = DIRECTION('',(-0.426917287625,0.904290677563,0.));
#728 = ORIENTED_EDGE('',*,*,#729,.F.);
#729 = EDGE_CURVE('',#730,#721,#732,.T.);
#730 = VERTEX_POINT('',#731);
#731 = CARTESIAN_POINT('',(100.941101,-102.814139,0.));
#732 = LINE('',#733,#734);
#733 = CARTESIAN_POINT('',(100.941101,-102.814139,0.));
#734 = VECTOR('',#735,1.);
#735 = DIRECTION('',(0.,0.,1.));
#736 = ORIENTED_EDGE('',*,*,#737,.F.);
#737 = EDGE_CURVE('',#698,#730,#738,.T.);
#738 = CIRCLE('',#739,2.576602001247);
#739 = AXIS2_PLACEMENT_3D('',#740,#741,#742);
#740 = CARTESIAN_POINT('',(103.50999593766,-102.6149991695,0.));
#741 = DIRECTION('',(0.,0.,1.));
#742 = DIRECTION('',(-0.426917287625,0.904290677563,0.));
#743 = CYLINDRICAL_SURFACE('',#744,2.576602001247);
#744 = AXIS2_PLACEMENT_3D('',#745,#746,#747);
#745 = CARTESIAN_POINT('',(103.50999593766,-102.6149991695,0.));
#746 = DIRECTION('',(-0.,-0.,-1.));
#747 = DIRECTION('',(-0.426917287625,0.904290677563,0.));
#748 = ADVANCED_FACE('',(#749),#774,.T.);
#749 = FACE_BOUND('',#750,.T.);
#750 = EDGE_LOOP('',(#751,#752,#760,#768));
#751 = ORIENTED_EDGE('',*,*,#729,.T.);
#752 = ORIENTED_EDGE('',*,*,#753,.T.);
#753 = EDGE_CURVE('',#721,#754,#756,.T.);
#754 = VERTEX_POINT('',#755);
#755 = CARTESIAN_POINT('',(104.957893,-117.719494,1.51));
#756 = LINE('',#757,#758);
#757 = CARTESIAN_POINT('',(100.941101,-102.814139,1.51));
#758 = VECTOR('',#759,1.);
#759 = DIRECTION('',(0.260203702359,-0.965553744376,0.));
#760 = ORIENTED_EDGE('',*,*,#761,.F.);
#761 = EDGE_CURVE('',#762,#754,#764,.T.);
#762 = VERTEX_POINT('',#763);
#763 = CARTESIAN_POINT('',(104.957893,-117.719494,0.));
#764 = LINE('',#765,#766);
#765 = CARTESIAN_POINT('',(104.957893,-117.719494,0.));
#766 = VECTOR('',#767,1.);
#767 = DIRECTION('',(0.,0.,1.));
#768 = ORIENTED_EDGE('',*,*,#769,.F.);
#769 = EDGE_CURVE('',#730,#762,#770,.T.);
#770 = LINE('',#771,#772);
#771 = CARTESIAN_POINT('',(100.941101,-102.814139,0.));
#772 = VECTOR('',#773,1.);
#773 = DIRECTION('',(0.260203702359,-0.965553744376,0.));
#774 = PLANE('',#775);
#775 = AXIS2_PLACEMENT_3D('',#776,#777,#778);
#776 = CARTESIAN_POINT('',(100.941101,-102.814139,0.));
#777 = DIRECTION('',(0.965553744376,0.260203702359,-0.));
#778 = DIRECTION('',(0.260203702359,-0.965553744376,0.));
#779 = ADVANCED_FACE('',(#780),#807,.T.);
#780 = FACE_BOUND('',#781,.T.);
#781 = EDGE_LOOP('',(#782,#783,#792,#800));
#782 = ORIENTED_EDGE('',*,*,#761,.T.);
#783 = ORIENTED_EDGE('',*,*,#784,.T.);
#784 = EDGE_CURVE('',#754,#785,#787,.T.);
#785 = VERTEX_POINT('',#786);
#786 = CARTESIAN_POINT('',(104.23,-118.955,1.51));
#787 = CIRCLE('',#788,0.970825209602);
#788 = AXIS2_PLACEMENT_3D('',#789,#790,#791);
#789 = CARTESIAN_POINT('',(104.02999849735,-118.0049994807,1.51));
#790 = DIRECTION('',(0.,0.,-1.));
#791 = DIRECTION('',(0.955779159289,0.294085359493,0.));
#792 = ORIENTED_EDGE('',*,*,#793,.F.);
#793 = EDGE_CURVE('',#794,#785,#796,.T.);
#794 = VERTEX_POINT('',#795);
#795 = CARTESIAN_POINT('',(104.23,-118.955,0.));
#796 = LINE('',#797,#798);
#797 = CARTESIAN_POINT('',(104.23,-118.955,0.));
#798 = VECTOR('',#799,1.);
#799 = DIRECTION('',(0.,0.,1.));
#800 = ORIENTED_EDGE('',*,*,#801,.F.);
#801 = EDGE_CURVE('',#762,#794,#802,.T.);
#802 = CIRCLE('',#803,0.970825209602);
#803 = AXIS2_PLACEMENT_3D('',#804,#805,#806);
#804 = CARTESIAN_POINT('',(104.02999849735,-118.0049994807,0.));
#805 = DIRECTION('',(0.,0.,-1.));
#806 = DIRECTION('',(0.955779159289,0.294085359493,0.));
#807 = CYLINDRICAL_SURFACE('',#808,0.970825209602);
#808 = AXIS2_PLACEMENT_3D('',#809,#810,#811);
#809 = CARTESIAN_POINT('',(104.02999849735,-118.0049994807,0.));
#810 = DIRECTION('',(0.,0.,-1.));
#811 = DIRECTION('',(0.955779159289,0.294085359493,0.));
#812 = ADVANCED_FACE('',(#813),#838,.T.);
#813 = FACE_BOUND('',#814,.T.);
#814 = EDGE_LOOP('',(#815,#816,#824,#832));
#815 = ORIENTED_EDGE('',*,*,#793,.T.);
#816 = ORIENTED_EDGE('',*,*,#817,.T.);
#817 = EDGE_CURVE('',#785,#818,#820,.T.);
#818 = VERTEX_POINT('',#819);
#819 = CARTESIAN_POINT('',(86.795574,-123.621084,1.51));
#820 = LINE('',#821,#822);
#821 = CARTESIAN_POINT('',(104.23,-118.955,1.51));
#822 = VECTOR('',#823,1.);
#823 = DIRECTION('',(-0.966001366286,-0.258536961252,0.));
#824 = ORIENTED_EDGE('',*,*,#825,.F.);
#825 = EDGE_CURVE('',#826,#818,#828,.T.);
#826 = VERTEX_POINT('',#827);
#827 = CARTESIAN_POINT('',(86.795574,-123.621084,0.));
#828 = LINE('',#829,#830);
#829 = CARTESIAN_POINT('',(86.795574,-123.621084,0.));
#830 = VECTOR('',#831,1.);
#831 = DIRECTION('',(0.,0.,1.));
#832 = ORIENTED_EDGE('',*,*,#833,.F.);
#833 = EDGE_CURVE('',#794,#826,#834,.T.);
#834 = LINE('',#835,#836);
#835 = CARTESIAN_POINT('',(104.23,-118.955,0.));
#836 = VECTOR('',#837,1.);
#837 = DIRECTION('',(-0.966001366286,-0.258536961252,0.));
#838 = PLANE('',#839);
#839 = AXIS2_PLACEMENT_3D('',#840,#841,#842);
#840 = CARTESIAN_POINT('',(104.23,-118.955,0.));
#841 = DIRECTION('',(0.258536961252,-0.966001366286,0.));
#842 = DIRECTION('',(-0.966001366286,-0.258536961252,0.));
#843 = ADVANCED_FACE('',(#844),#869,.T.);
#844 = FACE_BOUND('',#845,.T.);
#845 = EDGE_LOOP('',(#846,#847,#855,#863));
#846 = ORIENTED_EDGE('',*,*,#825,.T.);
#847 = ORIENTED_EDGE('',*,*,#848,.T.);
#848 = EDGE_CURVE('',#818,#849,#851,.T.);
#849 = VERTEX_POINT('',#850);
#850 = CARTESIAN_POINT('',(70.107051,-130.521094,1.51));
#851 = LINE('',#852,#853);
#852 = CARTESIAN_POINT('',(86.795574,-123.621084,1.51));
#853 = VECTOR('',#854,1.);
#854 = DIRECTION('',(-0.924126073458,-0.382087686737,0.));
#855 = ORIENTED_EDGE('',*,*,#856,.F.);
#856 = EDGE_CURVE('',#857,#849,#859,.T.);
#857 = VERTEX_POINT('',#858);
#858 = CARTESIAN_POINT('',(70.107051,-130.521094,0.));
#859 = LINE('',#860,#861);
#860 = CARTESIAN_POINT('',(70.107051,-130.521094,0.));
#861 = VECTOR('',#862,1.);
#862 = DIRECTION('',(0.,0.,1.));
#863 = ORIENTED_EDGE('',*,*,#864,.F.);
#864 = EDGE_CURVE('',#826,#857,#865,.T.);
#865 = LINE('',#866,#867);
#866 = CARTESIAN_POINT('',(86.795574,-123.621084,0.));
#867 = VECTOR('',#868,1.);
#868 = DIRECTION('',(-0.924126073458,-0.382087686737,0.));
#869 = PLANE('',#870);
#870 = AXIS2_PLACEMENT_3D('',#871,#872,#873);
#871 = CARTESIAN_POINT('',(86.795574,-123.621084,0.));
#872 = DIRECTION('',(0.382087686737,-0.924126073458,0.));
#873 = DIRECTION('',(-0.924126073458,-0.382087686737,0.));
#874 = ADVANCED_FACE('',(#875),#902,.T.);
#875 = FACE_BOUND('',#876,.T.);
#876 = EDGE_LOOP('',(#877,#878,#887,#895));
#877 = ORIENTED_EDGE('',*,*,#856,.T.);
#878 = ORIENTED_EDGE('',*,*,#879,.T.);
#879 = EDGE_CURVE('',#849,#880,#882,.T.);
#880 = VERTEX_POINT('',#881);
#881 = CARTESIAN_POINT('',(68.818254,-129.927535,1.51));
#882 = CIRCLE('',#883,1.038146222167);
#883 = AXIS2_PLACEMENT_3D('',#884,#885,#886);
#884 = CARTESIAN_POINT('',(69.779699301691,-129.5359095278,1.51));
#885 = DIRECTION('',(0.,0.,-1.));
#886 = DIRECTION('',(0.315323305445,-0.948984306005,0.));
#887 = ORIENTED_EDGE('',*,*,#888,.F.);
#888 = EDGE_CURVE('',#889,#880,#891,.T.);
#889 = VERTEX_POINT('',#890);
#890 = CARTESIAN_POINT('',(68.818254,-129.927535,0.));
#891 = LINE('',#892,#893);
#892 = CARTESIAN_POINT('',(68.818254,-129.927535,0.));
#893 = VECTOR('',#894,1.);
#894 = DIRECTION('',(0.,0.,1.));
#895 = ORIENTED_EDGE('',*,*,#896,.F.);
#896 = EDGE_CURVE('',#857,#889,#897,.T.);
#897 = CIRCLE('',#898,1.038146222167);
#898 = AXIS2_PLACEMENT_3D('',#899,#900,#901);
#899 = CARTESIAN_POINT('',(69.779699301691,-129.5359095278,0.));
#900 = DIRECTION('',(0.,0.,-1.));
#901 = DIRECTION('',(0.315323305445,-0.948984306005,0.));
#902 = CYLINDRICAL_SURFACE('',#903,1.038146222167);
#903 = AXIS2_PLACEMENT_3D('',#904,#905,#906);
#904 = CARTESIAN_POINT('',(69.779699301691,-129.5359095278,0.));
#905 = DIRECTION('',(0.,0.,-1.));
#906 = DIRECTION('',(0.315323305445,-0.948984306005,0.));
#907 = ADVANCED_FACE('',(#908),#933,.T.);
#908 = FACE_BOUND('',#909,.T.);
#909 = EDGE_LOOP('',(#910,#911,#919,#927));
#910 = ORIENTED_EDGE('',*,*,#888,.T.);
#911 = ORIENTED_EDGE('',*,*,#912,.T.);
#912 = EDGE_CURVE('',#880,#913,#915,.T.);
#913 = VERTEX_POINT('',#914);
#914 = CARTESIAN_POINT('',(54.762993,-96.124288,1.51));
#915 = LINE('',#916,#917);
#916 = CARTESIAN_POINT('',(68.818254,-129.927535,1.51));
#917 = VECTOR('',#918,1.);
#918 = DIRECTION('',(-0.383930406545,0.923362032428,0.));
#919 = ORIENTED_EDGE('',*,*,#920,.F.);
#920 = EDGE_CURVE('',#921,#913,#923,.T.);
#921 = VERTEX_POINT('',#922);
#922 = CARTESIAN_POINT('',(54.762993,-96.124288,0.));
#923 = LINE('',#924,#925);
#924 = CARTESIAN_POINT('',(54.762993,-96.124288,0.));
#925 = VECTOR('',#926,1.);
#926 = DIRECTION('',(0.,0.,1.));
#927 = ORIENTED_EDGE('',*,*,#928,.F.);
#928 = EDGE_CURVE('',#889,#921,#929,.T.);
#929 = LINE('',#930,#931);
#930 = CARTESIAN_POINT('',(68.818254,-129.927535,0.));
#931 = VECTOR('',#932,1.);
#932 = DIRECTION('',(-0.383930406545,0.923362032428,0.));
#933 = PLANE('',#934);
#934 = AXIS2_PLACEMENT_3D('',#935,#936,#937);
#935 = CARTESIAN_POINT('',(68.818254,-129.927535,0.));
#936 = DIRECTION('',(-0.923362032428,-0.383930406545,0.));
#937 = DIRECTION('',(-0.383930406545,0.923362032428,0.));
#938 = ADVANCED_FACE('',(#939),#964,.T.);
#939 = FACE_BOUND('',#940,.T.);
#940 = EDGE_LOOP('',(#941,#942,#950,#958));
#941 = ORIENTED_EDGE('',*,*,#920,.T.);
#942 = ORIENTED_EDGE('',*,*,#943,.T.);
#943 = EDGE_CURVE('',#913,#944,#946,.T.);
#944 = VERTEX_POINT('',#945);
#945 = CARTESIAN_POINT('',(54.74231,-29.5525,1.51));
#946 = LINE('',#947,#948);
#947 = CARTESIAN_POINT('',(54.762993,-96.124288,1.51));
#948 = VECTOR('',#949,1.);
#949 = DIRECTION('',(-3.106871487629E-04,0.999999951737,0.));
#950 = ORIENTED_EDGE('',*,*,#951,.F.);
#951 = EDGE_CURVE('',#952,#944,#954,.T.);
#952 = VERTEX_POINT('',#953);
#953 = CARTESIAN_POINT('',(54.74231,-29.5525,0.));
#954 = LINE('',#955,#956);
#955 = CARTESIAN_POINT('',(54.74231,-29.5525,0.));
#956 = VECTOR('',#957,1.);
#957 = DIRECTION('',(0.,0.,1.));
#958 = ORIENTED_EDGE('',*,*,#959,.F.);
#959 = EDGE_CURVE('',#921,#952,#960,.T.);
#960 = LINE('',#961,#962);
#961 = CARTESIAN_POINT('',(54.762993,-96.124288,0.));
#962 = VECTOR('',#963,1.);
#963 = DIRECTION('',(-3.106871487629E-04,0.999999951737,0.));
#964 = PLANE('',#965);
#965 = AXIS2_PLACEMENT_3D('',#966,#967,#968);
#966 = CARTESIAN_POINT('',(54.762993,-96.124288,0.));
#967 = DIRECTION('',(-0.999999951737,-3.106871487629E-04,0.));
#968 = DIRECTION('',(-3.106871487629E-04,0.999999951737,0.));
#969 = ADVANCED_FACE('',(#970),#997,.T.);
#970 = FACE_BOUND('',#971,.T.);
#971 = EDGE_LOOP('',(#972,#973,#982,#990));
#972 = ORIENTED_EDGE('',*,*,#951,.T.);
#973 = ORIENTED_EDGE('',*,*,#974,.T.);
#974 = EDGE_CURVE('',#944,#975,#977,.T.);
#975 = VERTEX_POINT('',#976);
#976 = CARTESIAN_POINT('',(55.74231,-28.5525,1.51));
#977 = CIRCLE('',#978,1.000007788556);
#978 = AXIS2_PLACEMENT_3D('',#979,#980,#981);
#979 = CARTESIAN_POINT('',(55.742317788526,-29.55250778852,1.51));
#980 = DIRECTION('',(0.,0.,-1.));
#981 = DIRECTION('',(-0.99999999997,7.788465177594E-06,0.));
#982 = ORIENTED_EDGE('',*,*,#983,.F.);
#983 = EDGE_CURVE('',#984,#975,#986,.T.);
#984 = VERTEX_POINT('',#985);
#985 = CARTESIAN_POINT('',(55.74231,-28.5525,0.));
#986 = LINE('',#987,#988);
#987 = CARTESIAN_POINT('',(55.74231,-28.5525,0.));
#988 = VECTOR('',#989,1.);
#989 = DIRECTION('',(0.,0.,1.));
#990 = ORIENTED_EDGE('',*,*,#991,.F.);
#991 = EDGE_CURVE('',#952,#984,#992,.T.);
#992 = CIRCLE('',#993,1.000007788556);
#993 = AXIS2_PLACEMENT_3D('',#994,#995,#996);
#994 = CARTESIAN_POINT('',(55.742317788526,-29.55250778852,0.));
#995 = DIRECTION('',(0.,0.,-1.));
#996 = DIRECTION('',(-0.99999999997,7.788465177594E-06,0.));
#997 = CYLINDRICAL_SURFACE('',#998,1.000007788556);
#998 = AXIS2_PLACEMENT_3D('',#999,#1000,#1001);
#999 = CARTESIAN_POINT('',(55.742317788526,-29.55250778852,0.));
#1000 = DIRECTION('',(0.,0.,-1.));
#1001 = DIRECTION('',(-0.99999999997,7.788465177594E-06,0.));
#1002 = ADVANCED_FACE('',(#1003),#1028,.T.);
#1003 = FACE_BOUND('',#1004,.T.);
#1004 = EDGE_LOOP('',(#1005,#1006,#1014,#1022));
#1005 = ORIENTED_EDGE('',*,*,#983,.T.);
#1006 = ORIENTED_EDGE('',*,*,#1007,.T.);
#1007 = EDGE_CURVE('',#975,#1008,#1010,.T.);
#1008 = VERTEX_POINT('',#1009);
#1009 = CARTESIAN_POINT('',(74.295,-28.5525,1.51));
#1010 = LINE('',#1011,#1012);
#1011 = CARTESIAN_POINT('',(55.74231,-28.5525,1.51));
#1012 = VECTOR('',#1013,1.);
#1013 = DIRECTION('',(1.,0.,0.));
#1014 = ORIENTED_EDGE('',*,*,#1015,.F.);
#1015 = EDGE_CURVE('',#1016,#1008,#1018,.T.);
#1016 = VERTEX_POINT('',#1017);
#1017 = CARTESIAN_POINT('',(74.295,-28.5525,0.));
#1018 = LINE('',#1019,#1020);
#1019 = CARTESIAN_POINT('',(74.295,-28.5525,0.));
#1020 = VECTOR('',#1021,1.);
#1021 = DIRECTION('',(0.,0.,1.));
#1022 = ORIENTED_EDGE('',*,*,#1023,.F.);
#1023 = EDGE_CURVE('',#984,#1016,#1024,.T.);
#1024 = LINE('',#1025,#1026);
#1025 = CARTESIAN_POINT('',(55.74231,-28.5525,0.));
#1026 = VECTOR('',#1027,1.);
#1027 = DIRECTION('',(1.,0.,0.));
#1028 = PLANE('',#1029);
#1029 = AXIS2_PLACEMENT_3D('',#1030,#1031,#1032);
#1030 = CARTESIAN_POINT('',(55.74231,-28.5525,0.));
#1031 = DIRECTION('',(0.,1.,0.));
#1032 = DIRECTION('',(1.,0.,0.));
#1033 = ADVANCED_FACE('',(#1034),#1061,.F.);
#1034 = FACE_BOUND('',#1035,.T.);
#1035 = EDGE_LOOP('',(#1036,#1037,#1046,#1054));
#1036 = ORIENTED_EDGE('',*,*,#1015,.T.);
#1037 = ORIENTED_EDGE('',*,*,#1038,.T.);
#1038 = EDGE_CURVE('',#1008,#1039,#1041,.T.);
#1039 = VERTEX_POINT('',#1040);
#1040 = CARTESIAN_POINT('',(75.295,-27.5525,1.51));
#1041 = CIRCLE('',#1042,0.999999252925);
#1042 = AXIS2_PLACEMENT_3D('',#1043,#1044,#1045);
#1043 = CARTESIAN_POINT('',(74.295000747075,-27.55250074707,1.51));
#1044 = DIRECTION('',(0.,0.,1.));
#1045 = DIRECTION('',(-7.47075720743E-07,-1.,0.));
#1046 = ORIENTED_EDGE('',*,*,#1047,.F.);
#1047 = EDGE_CURVE('',#1048,#1039,#1050,.T.);
#1048 = VERTEX_POINT('',#1049);
#1049 = CARTESIAN_POINT('',(75.295,-27.5525,0.));
#1050 = LINE('',#1051,#1052);
#1051 = CARTESIAN_POINT('',(75.295,-27.5525,0.));
#1052 = VECTOR('',#1053,1.);
#1053 = DIRECTION('',(0.,0.,1.));
#1054 = ORIENTED_EDGE('',*,*,#1055,.F.);
#1055 = EDGE_CURVE('',#1016,#1048,#1056,.T.);
#1056 = CIRCLE('',#1057,0.999999252925);
#1057 = AXIS2_PLACEMENT_3D('',#1058,#1059,#1060);
#1058 = CARTESIAN_POINT('',(74.295000747075,-27.55250074707,0.));
#1059 = DIRECTION('',(0.,0.,1.));
#1060 = DIRECTION('',(-7.47075720743E-07,-1.,0.));
#1061 = CYLINDRICAL_SURFACE('',#1062,0.999999252925);
#1062 = AXIS2_PLACEMENT_3D('',#1063,#1064,#1065);
#1063 = CARTESIAN_POINT('',(74.295000747075,-27.55250074707,0.));
#1064 = DIRECTION('',(-0.,-0.,-1.));
#1065 = DIRECTION('',(-7.47075720743E-07,-1.,0.));
#1066 = ADVANCED_FACE('',(#1067),#1092,.T.);
#1067 = FACE_BOUND('',#1068,.T.);
#1068 = EDGE_LOOP('',(#1069,#1070,#1078,#1086));
#1069 = ORIENTED_EDGE('',*,*,#1047,.T.);
#1070 = ORIENTED_EDGE('',*,*,#1071,.T.);
#1071 = EDGE_CURVE('',#1039,#1072,#1074,.T.);
#1072 = VERTEX_POINT('',#1073);
#1073 = CARTESIAN_POINT('',(75.295,-26.7175,1.51));
#1074 = LINE('',#1075,#1076);
#1075 = CARTESIAN_POINT('',(75.295,-27.5525,1.51));
#1076 = VECTOR('',#1077,1.);
#1077 = DIRECTION('',(0.,1.,0.));
#1078 = ORIENTED_EDGE('',*,*,#1079,.F.);
#1079 = EDGE_CURVE('',#1080,#1072,#1082,.T.);
#1080 = VERTEX_POINT('',#1081);
#1081 = CARTESIAN_POINT('',(75.295,-26.7175,0.));
#1082 = LINE('',#1083,#1084);
#1083 = CARTESIAN_POINT('',(75.295,-26.7175,0.));
#1084 = VECTOR('',#1085,1.);
#1085 = DIRECTION('',(0.,0.,1.));
#1086 = ORIENTED_EDGE('',*,*,#1087,.F.);
#1087 = EDGE_CURVE('',#1048,#1080,#1088,.T.);
#1088 = LINE('',#1089,#1090);
#1089 = CARTESIAN_POINT('',(75.295,-27.5525,0.));
#1090 = VECTOR('',#1091,1.);
#1091 = DIRECTION('',(0.,1.,0.));
#1092 = PLANE('',#1093);
#1093 = AXIS2_PLACEMENT_3D('',#1094,#1095,#1096);
#1094 = CARTESIAN_POINT('',(75.295,-27.5525,0.));
#1095 = DIRECTION('',(-1.,0.,0.));
#1096 = DIRECTION('',(0.,1.,0.));
#1097 = ADVANCED_FACE('',(#1098),#1125,.T.);
#1098 = FACE_BOUND('',#1099,.T.);
#1099 = EDGE_LOOP('',(#1100,#1101,#1110,#1118));
#1100 = ORIENTED_EDGE('',*,*,#1079,.T.);
#1101 = ORIENTED_EDGE('',*,*,#1102,.T.);
#1102 = EDGE_CURVE('',#1072,#1103,#1105,.T.);
#1103 = VERTEX_POINT('',#1104);
#1104 = CARTESIAN_POINT('',(76.295,-25.7175,1.51));
#1105 = CIRCLE('',#1106,0.999999252925);
#1106 = AXIS2_PLACEMENT_3D('',#1107,#1108,#1109);
#1107 = CARTESIAN_POINT('',(76.294999252925,-26.71749925292,1.51));
#1108 = DIRECTION('',(0.,0.,-1.));
#1109 = DIRECTION('',(-1.,-7.470757562702E-07,-0.));
#1110 = ORIENTED_EDGE('',*,*,#1111,.F.);
#1111 = EDGE_CURVE('',#1112,#1103,#1114,.T.);
#1112 = VERTEX_POINT('',#1113);
#1113 = CARTESIAN_POINT('',(76.295,-25.7175,0.));
#1114 = LINE('',#1115,#1116);
#1115 = CARTESIAN_POINT('',(76.295,-25.7175,0.));
#1116 = VECTOR('',#1117,1.);
#1117 = DIRECTION('',(0.,0.,1.));
#1118 = ORIENTED_EDGE('',*,*,#1119,.F.);
#1119 = EDGE_CURVE('',#1080,#1112,#1120,.T.);
#1120 = CIRCLE('',#1121,0.999999252925);
#1121 = AXIS2_PLACEMENT_3D('',#1122,#1123,#1124);
#1122 = CARTESIAN_POINT('',(76.294999252925,-26.71749925292,0.));
#1123 = DIRECTION('',(0.,0.,-1.));
#1124 = DIRECTION('',(-1.,-7.470757562702E-07,-0.));
#1125 = CYLINDRICAL_SURFACE('',#1126,0.999999252925);
#1126 = AXIS2_PLACEMENT_3D('',#1127,#1128,#1129);
#1127 = CARTESIAN_POINT('',(76.294999252925,-26.71749925292,0.));
#1128 = DIRECTION('',(0.,0.,-1.));
#1129 = DIRECTION('',(-1.,-7.470757562702E-07,-0.));
#1130 = ADVANCED_FACE('',(#1131),#1156,.T.);
#1131 = FACE_BOUND('',#1132,.T.);
#1132 = EDGE_LOOP('',(#1133,#1134,#1142,#1150));
#1133 = ORIENTED_EDGE('',*,*,#1111,.T.);
#1134 = ORIENTED_EDGE('',*,*,#1135,.T.);
#1135 = EDGE_CURVE('',#1103,#1136,#1138,.T.);
#1136 = VERTEX_POINT('',#1137);
#1137 = CARTESIAN_POINT('',(93.345,-25.7175,1.51));
#1138 = LINE('',#1139,#1140);
#1139 = CARTESIAN_POINT('',(76.295,-25.7175,1.51));
#1140 = VECTOR('',#1141,1.);
#1141 = DIRECTION('',(1.,0.,0.));
#1142 = ORIENTED_EDGE('',*,*,#1143,.F.);
#1143 = EDGE_CURVE('',#1144,#1136,#1146,.T.);
#1144 = VERTEX_POINT('',#1145);
#1145 = CARTESIAN_POINT('',(93.345,-25.7175,0.));
#1146 = LINE('',#1147,#1148);
#1147 = CARTESIAN_POINT('',(93.345,-25.7175,0.));
#1148 = VECTOR('',#1149,1.);
#1149 = DIRECTION('',(0.,0.,1.));
#1150 = ORIENTED_EDGE('',*,*,#1151,.F.);
#1151 = EDGE_CURVE('',#1112,#1144,#1152,.T.);
#1152 = LINE('',#1153,#1154);
#1153 = CARTESIAN_POINT('',(76.295,-25.7175,0.));
#1154 = VECTOR('',#1155,1.);
#1155 = DIRECTION('',(1.,0.,0.));
#1156 = PLANE('',#1157);
#1157 = AXIS2_PLACEMENT_3D('',#1158,#1159,#1160);
#1158 = CARTESIAN_POINT('',(76.295,-25.7175,0.));
#1159 = DIRECTION('',(0.,1.,0.));
#1160 = DIRECTION('',(1.,0.,0.));
#1161 = ADVANCED_FACE('',(#1162),#1189,.F.);
#1162 = FACE_BOUND('',#1163,.T.);
#1163 = EDGE_LOOP('',(#1164,#1165,#1174,#1182));
#1164 = ORIENTED_EDGE('',*,*,#1143,.T.);
#1165 = ORIENTED_EDGE('',*,*,#1166,.T.);
#1166 = EDGE_CURVE('',#1136,#1167,#1169,.T.);
#1167 = VERTEX_POINT('',#1168);
#1168 = CARTESIAN_POINT('',(94.345,-24.7175,1.51));
#1169 = CIRCLE('',#1170,0.999999252925);
#1170 = AXIS2_PLACEMENT_3D('',#1171,#1172,#1173);
#1171 = CARTESIAN_POINT('',(93.345000747075,-24.71750074707,1.51));
#1172 = DIRECTION('',(0.,0.,1.));
#1173 = DIRECTION('',(-7.470757491648E-07,-1.,0.));
#1174 = ORIENTED_EDGE('',*,*,#1175,.F.);
#1175 = EDGE_CURVE('',#1176,#1167,#1178,.T.);
#1176 = VERTEX_POINT('',#1177);
#1177 = CARTESIAN_POINT('',(94.345,-24.7175,0.));
#1178 = LINE('',#1179,#1180);
#1179 = CARTESIAN_POINT('',(94.345,-24.7175,0.));
#1180 = VECTOR('',#1181,1.);
#1181 = DIRECTION('',(0.,0.,1.));
#1182 = ORIENTED_EDGE('',*,*,#1183,.F.);
#1183 = EDGE_CURVE('',#1144,#1176,#1184,.T.);
#1184 = CIRCLE('',#1185,0.999999252925);
#1185 = AXIS2_PLACEMENT_3D('',#1186,#1187,#1188);
#1186 = CARTESIAN_POINT('',(93.345000747075,-24.71750074707,0.));
#1187 = DIRECTION('',(0.,0.,1.));
#1188 = DIRECTION('',(-7.470757491648E-07,-1.,0.));
#1189 = CYLINDRICAL_SURFACE('',#1190,0.999999252925);
#1190 = AXIS2_PLACEMENT_3D('',#1191,#1192,#1193);
#1191 = CARTESIAN_POINT('',(93.345000747075,-24.71750074707,0.));
#1192 = DIRECTION('',(-0.,-0.,-1.));
#1193 = DIRECTION('',(-7.470757491648E-07,-1.,0.));
#1194 = ADVANCED_FACE('',(#1195),#1220,.T.);
#1195 = FACE_BOUND('',#1196,.T.);
#1196 = EDGE_LOOP('',(#1197,#1198,#1206,#1214));
#1197 = ORIENTED_EDGE('',*,*,#1175,.T.);
#1198 = ORIENTED_EDGE('',*,*,#1199,.T.);
#1199 = EDGE_CURVE('',#1167,#1200,#1202,.T.);
#1200 = VERTEX_POINT('',#1201);
#1201 = CARTESIAN_POINT('',(94.345,-22.9075,1.51));
#1202 = LINE('',#1203,#1204);
#1203 = CARTESIAN_POINT('',(94.345,-24.7175,1.51));
#1204 = VECTOR('',#1205,1.);
#1205 = DIRECTION('',(0.,1.,0.));
#1206 = ORIENTED_EDGE('',*,*,#1207,.F.);
#1207 = EDGE_CURVE('',#1208,#1200,#1210,.T.);
#1208 = VERTEX_POINT('',#1209);
#1209 = CARTESIAN_POINT('',(94.345,-22.9075,0.));
#1210 = LINE('',#1211,#1212);
#1211 = CARTESIAN_POINT('',(94.345,-22.9075,0.));
#1212 = VECTOR('',#1213,1.);
#1213 = DIRECTION('',(0.,0.,1.));
#1214 = ORIENTED_EDGE('',*,*,#1215,.F.);
#1215 = EDGE_CURVE('',#1176,#1208,#1216,.T.);
#1216 = LINE('',#1217,#1218);
#1217 = CARTESIAN_POINT('',(94.345,-24.7175,0.));
#1218 = VECTOR('',#1219,1.);
#1219 = DIRECTION('',(0.,1.,0.));
#1220 = PLANE('',#1221);
#1221 = AXIS2_PLACEMENT_3D('',#1222,#1223,#1224);
#1222 = CARTESIAN_POINT('',(94.345,-24.7175,0.));
#1223 = DIRECTION('',(-1.,0.,0.));
#1224 = DIRECTION('',(0.,1.,0.));
#1225 = ADVANCED_FACE('',(#1226),#1253,.T.);
#1226 = FACE_BOUND('',#1227,.T.);
#1227 = EDGE_LOOP('',(#1228,#1229,#1238,#1246));
#1228 = ORIENTED_EDGE('',*,*,#1207,.T.);
#1229 = ORIENTED_EDGE('',*,*,#1230,.T.);
#1230 = EDGE_CURVE('',#1200,#1231,#1233,.T.);
#1231 = VERTEX_POINT('',#1232);
#1232 = CARTESIAN_POINT('',(95.345,-21.9075,1.51));
#1233 = CIRCLE('',#1234,0.999999252925);
#1234 = AXIS2_PLACEMENT_3D('',#1235,#1236,#1237);
#1235 = CARTESIAN_POINT('',(95.344999252925,-22.90749925292,1.51));
#1236 = DIRECTION('',(0.,0.,-1.));
#1237 = DIRECTION('',(-1.,-7.470757314012E-07,-0.));
#1238 = ORIENTED_EDGE('',*,*,#1239,.F.);
#1239 = EDGE_CURVE('',#1240,#1231,#1242,.T.);
#1240 = VERTEX_POINT('',#1241);
#1241 = CARTESIAN_POINT('',(95.345,-21.9075,0.));
#1242 = LINE('',#1243,#1244);
#1243 = CARTESIAN_POINT('',(95.345,-21.9075,0.));
#1244 = VECTOR('',#1245,1.);
#1245 = DIRECTION('',(0.,0.,1.));
#1246 = ORIENTED_EDGE('',*,*,#1247,.F.);
#1247 = EDGE_CURVE('',#1208,#1240,#1248,.T.);
#1248 = CIRCLE('',#1249,0.999999252925);
#1249 = AXIS2_PLACEMENT_3D('',#1250,#1251,#1252);
#1250 = CARTESIAN_POINT('',(95.344999252925,-22.90749925292,0.));
#1251 = DIRECTION('',(0.,0.,-1.));
#1252 = DIRECTION('',(-1.,-7.470757314012E-07,-0.));
#1253 = CYLINDRICAL_SURFACE('',#1254,0.999999252925);
#1254 = AXIS2_PLACEMENT_3D('',#1255,#1256,#1257);
#1255 = CARTESIAN_POINT('',(95.344999252925,-22.90749925292,0.));
#1256 = DIRECTION('',(0.,0.,-1.));
#1257 = DIRECTION('',(-1.,-7.470757314012E-07,-0.));
#1258 = ADVANCED_FACE('',(#1259),#1284,.T.);
#1259 = FACE_BOUND('',#1260,.T.);
#1260 = EDGE_LOOP('',(#1261,#1262,#1270,#1278));
#1261 = ORIENTED_EDGE('',*,*,#1239,.T.);
#1262 = ORIENTED_EDGE('',*,*,#1263,.T.);
#1263 = EDGE_CURVE('',#1231,#1264,#1266,.T.);
#1264 = VERTEX_POINT('',#1265);
#1265 = CARTESIAN_POINT('',(112.395,-21.9075,1.51));
#1266 = LINE('',#1267,#1268);
#1267 = CARTESIAN_POINT('',(95.345,-21.9075,1.51));
#1268 = VECTOR('',#1269,1.);
#1269 = DIRECTION('',(1.,0.,0.));
#1270 = ORIENTED_EDGE('',*,*,#1271,.F.);
#1271 = EDGE_CURVE('',#1272,#1264,#1274,.T.);
#1272 = VERTEX_POINT('',#1273);
#1273 = CARTESIAN_POINT('',(112.395,-21.9075,0.));
#1274 = LINE('',#1275,#1276);
#1275 = CARTESIAN_POINT('',(112.395,-21.9075,0.));
#1276 = VECTOR('',#1277,1.);
#1277 = DIRECTION('',(0.,0.,1.));
#1278 = ORIENTED_EDGE('',*,*,#1279,.F.);
#1279 = EDGE_CURVE('',#1240,#1272,#1280,.T.);
#1280 = LINE('',#1281,#1282);
#1281 = CARTESIAN_POINT('',(95.345,-21.9075,0.));
#1282 = VECTOR('',#1283,1.);
#1283 = DIRECTION('',(1.,0.,0.));
#1284 = PLANE('',#1285);
#1285 = AXIS2_PLACEMENT_3D('',#1286,#1287,#1288);
#1286 = CARTESIAN_POINT('',(95.345,-21.9075,0.));
#1287 = DIRECTION('',(0.,1.,0.));
#1288 = DIRECTION('',(1.,0.,0.));
#1289 = ADVANCED_FACE('',(#1290),#1317,.F.);
#1290 = FACE_BOUND('',#1291,.T.);
#1291 = EDGE_LOOP('',(#1292,#1293,#1302,#1310));
#1292 = ORIENTED_EDGE('',*,*,#1271,.T.);
#1293 = ORIENTED_EDGE('',*,*,#1294,.T.);
#1294 = EDGE_CURVE('',#1264,#1295,#1297,.T.);
#1295 = VERTEX_POINT('',#1296);
#1296 = CARTESIAN_POINT('',(113.395,-20.9075,1.51));
#1297 = CIRCLE('',#1298,0.999999252925);
#1298 = AXIS2_PLACEMENT_3D('',#1299,#1300,#1301);
#1299 = CARTESIAN_POINT('',(112.39500074707,-20.90750074707,1.51));
#1300 = DIRECTION('',(0.,0.,1.));
#1301 = DIRECTION('',(-7.470757491648E-07,-1.,0.));
#1302 = ORIENTED_EDGE('',*,*,#1303,.F.);
#1303 = EDGE_CURVE('',#1304,#1295,#1306,.T.);
#1304 = VERTEX_POINT('',#1305);
#1305 = CARTESIAN_POINT('',(113.395,-20.9075,0.));
#1306 = LINE('',#1307,#1308);
#1307 = CARTESIAN_POINT('',(113.395,-20.9075,0.));
#1308 = VECTOR('',#1309,1.);
#1309 = DIRECTION('',(0.,0.,1.));
#1310 = ORIENTED_EDGE('',*,*,#1311,.F.);
#1311 = EDGE_CURVE('',#1272,#1304,#1312,.T.);
#1312 = CIRCLE('',#1313,0.999999252925);
#1313 = AXIS2_PLACEMENT_3D('',#1314,#1315,#1316);
#1314 = CARTESIAN_POINT('',(112.39500074707,-20.90750074707,0.));
#1315 = DIRECTION('',(0.,0.,1.));
#1316 = DIRECTION('',(-7.470757491648E-07,-1.,0.));
#1317 = CYLINDRICAL_SURFACE('',#1318,0.999999252925);
#1318 = AXIS2_PLACEMENT_3D('',#1319,#1320,#1321);
#1319 = CARTESIAN_POINT('',(112.39500074707,-20.90750074707,0.));
#1320 = DIRECTION('',(-0.,-0.,-1.));
#1321 = DIRECTION('',(-7.470757491648E-07,-1.,0.));
#1322 = ADVANCED_FACE('',(#1323),#1348,.T.);
#1323 = FACE_BOUND('',#1324,.T.);
#1324 = EDGE_LOOP('',(#1325,#1326,#1334,#1342));
#1325 = ORIENTED_EDGE('',*,*,#1303,.T.);
#1326 = ORIENTED_EDGE('',*,*,#1327,.T.);
#1327 = EDGE_CURVE('',#1295,#1328,#1330,.T.);
#1328 = VERTEX_POINT('',#1329);
#1329 = CARTESIAN_POINT('',(113.395,-20.05,1.51));
#1330 = LINE('',#1331,#1332);
#1331 = CARTESIAN_POINT('',(113.395,-20.9075,1.51));
#1332 = VECTOR('',#1333,1.);
#1333 = DIRECTION('',(0.,1.,0.));
#1334 = ORIENTED_EDGE('',*,*,#1335,.F.);
#1335 = EDGE_CURVE('',#1336,#1328,#1338,.T.);
#1336 = VERTEX_POINT('',#1337);
#1337 = CARTESIAN_POINT('',(113.395,-20.05,0.));
#1338 = LINE('',#1339,#1340);
#1339 = CARTESIAN_POINT('',(113.395,-20.05,0.));
#1340 = VECTOR('',#1341,1.);
#1341 = DIRECTION('',(0.,0.,1.));
#1342 = ORIENTED_EDGE('',*,*,#1343,.F.);
#1343 = EDGE_CURVE('',#1304,#1336,#1344,.T.);
#1344 = LINE('',#1345,#1346);
#1345 = CARTESIAN_POINT('',(113.395,-20.9075,0.));
#1346 = VECTOR('',#1347,1.);
#1347 = DIRECTION('',(0.,1.,0.));
#1348 = PLANE('',#1349);
#1349 = AXIS2_PLACEMENT_3D('',#1350,#1351,#1352);
#1350 = CARTESIAN_POINT('',(113.395,-20.9075,0.));
#1351 = DIRECTION('',(-1.,0.,0.));
#1352 = DIRECTION('',(0.,1.,0.));
#1353 = ADVANCED_FACE('',(#1354),#1381,.T.);
#1354 = FACE_BOUND('',#1355,.T.);
#1355 = EDGE_LOOP('',(#1356,#1357,#1366,#1374));
#1356 = ORIENTED_EDGE('',*,*,#1335,.T.);
#1357 = ORIENTED_EDGE('',*,*,#1358,.T.);
#1358 = EDGE_CURVE('',#1328,#1359,#1361,.T.);
#1359 = VERTEX_POINT('',#1360);
#1360 = CARTESIAN_POINT('',(114.395,-19.05,1.51));
#1361 = CIRCLE('',#1362,0.999999252925);
#1362 = AXIS2_PLACEMENT_3D('',#1363,#1364,#1365);
#1363 = CARTESIAN_POINT('',(114.39499925292,-20.04999925292,1.51));
#1364 = DIRECTION('',(0.,0.,-1.));
#1365 = DIRECTION('',(-1.,-7.470757314012E-07,-0.));
#1366 = ORIENTED_EDGE('',*,*,#1367,.F.);
#1367 = EDGE_CURVE('',#1368,#1359,#1370,.T.);
#1368 = VERTEX_POINT('',#1369);
#1369 = CARTESIAN_POINT('',(114.395,-19.05,0.));
#1370 = LINE('',#1371,#1372);
#1371 = CARTESIAN_POINT('',(114.395,-19.05,0.));
#1372 = VECTOR('',#1373,1.);
#1373 = DIRECTION('',(0.,0.,1.));
#1374 = ORIENTED_EDGE('',*,*,#1375,.F.);
#1375 = EDGE_CURVE('',#1336,#1368,#1376,.T.);
#1376 = CIRCLE('',#1377,0.999999252925);
#1377 = AXIS2_PLACEMENT_3D('',#1378,#1379,#1380);
#1378 = CARTESIAN_POINT('',(114.39499925292,-20.04999925292,0.));
#1379 = DIRECTION('',(0.,0.,-1.));
#1380 = DIRECTION('',(-1.,-7.470757314012E-07,-0.));
#1381 = CYLINDRICAL_SURFACE('',#1382,0.999999252925);
#1382 = AXIS2_PLACEMENT_3D('',#1383,#1384,#1385);
#1383 = CARTESIAN_POINT('',(114.39499925292,-20.04999925292,0.));
#1384 = DIRECTION('',(0.,0.,-1.));
#1385 = DIRECTION('',(-1.,-7.470757314012E-07,-0.));
#1386 = ADVANCED_FACE('',(#1387),#1403,.T.);
#1387 = FACE_BOUND('',#1388,.T.);
#1388 = EDGE_LOOP('',(#1389,#1390,#1396,#1397));
#1389 = ORIENTED_EDGE('',*,*,#1367,.T.);
#1390 = ORIENTED_EDGE('',*,*,#1391,.T.);
#1391 = EDGE_CURVE('',#1359,#42,#1392,.T.);
#1392 = LINE('',#1393,#1394);
#1393 = CARTESIAN_POINT('',(114.395,-19.05,1.51));
#1394 = VECTOR('',#1395,1.);
#1395 = DIRECTION('',(1.,1.173020529065E-07,0.));
#1396 = ORIENTED_EDGE('',*,*,#39,.F.);
#1397 = ORIENTED_EDGE('',*,*,#1398,.F.);
#1398 = EDGE_CURVE('',#1368,#40,#1399,.T.);
#1399 = LINE('',#1400,#1401);
#1400 = CARTESIAN_POINT('',(114.395,-19.05,0.));
#1401 = VECTOR('',#1402,1.);
#1402 = DIRECTION('',(1.,1.173020529065E-07,0.));
#1403 = PLANE('',#1404);
#1404 = AXIS2_PLACEMENT_3D('',#1405,#1406,#1407);
#1405 = CARTESIAN_POINT('',(114.395,-19.05,0.));
#1406 = DIRECTION('',(-1.173020529065E-07,1.,0.));
#1407 = DIRECTION('',(1.,1.173020529065E-07,0.));
#1408 = ADVANCED_FACE('',(#1409),#1443,.T.);
#1409 = FACE_BOUND('',#1410,.T.);
#1410 = EDGE_LOOP('',(#1411,#1421,#1429,#1437));
#1411 = ORIENTED_EDGE('',*,*,#1412,.T.);
#1412 = EDGE_CURVE('',#1413,#1415,#1417,.T.);
#1413 = VERTEX_POINT('',#1414);
#1414 = CARTESIAN_POINT('',(65.204227,-114.678738,0.));
#1415 = VERTEX_POINT('',#1416);
#1416 = CARTESIAN_POINT('',(65.204227,-114.678738,1.51));
#1417 = LINE('',#1418,#1419);
#1418 = CARTESIAN_POINT('',(65.204227,-114.678738,0.));
#1419 = VECTOR('',#1420,1.);
#1420 = DIRECTION('',(0.,0.,1.));
#1421 = ORIENTED_EDGE('',*,*,#1422,.T.);
#1422 = EDGE_CURVE('',#1415,#1423,#1425,.T.);
#1423 = VERTEX_POINT('',#1424);
#1424 = CARTESIAN_POINT('',(70.561795,-127.613052,1.51));
#1425 = LINE('',#1426,#1427);
#1426 = CARTESIAN_POINT('',(65.204227,-114.678738,1.51));
#1427 = VECTOR('',#1428,1.);
#1428 = DIRECTION('',(0.382683415368,-0.923879539552,0.));
#1429 = ORIENTED_EDGE('',*,*,#1430,.F.);
#1430 = EDGE_CURVE('',#1431,#1423,#1433,.T.);
#1431 = VERTEX_POINT('',#1432);
#1432 = CARTESIAN_POINT('',(70.561795,-127.613052,0.));
#1433 = LINE('',#1434,#1435);
#1434 = CARTESIAN_POINT('',(70.561795,-127.613052,0.));
#1435 = VECTOR('',#1436,1.);
#1436 = DIRECTION('',(0.,0.,1.));
#1437 = ORIENTED_EDGE('',*,*,#1438,.F.);
#1438 = EDGE_CURVE('',#1413,#1431,#1439,.T.);
#1439 = LINE('',#1440,#1441);
#1440 = CARTESIAN_POINT('',(65.204227,-114.678738,0.));
#1441 = VECTOR('',#1442,1.);
#1442 = DIRECTION('',(0.382683415368,-0.923879539552,0.));
#1443 = PLANE('',#1444);
#1444 = AXIS2_PLACEMENT_3D('',#1445,#1446,#1447);
#1445 = CARTESIAN_POINT('',(65.204227,-114.678738,0.));
#1446 = DIRECTION('',(0.923879539552,0.382683415368,-0.));
#1447 = DIRECTION('',(0.382683415368,-0.923879539552,0.));
#1448 = ADVANCED_FACE('',(#1449),#1474,.T.);
#1449 = FACE_BOUND('',#1450,.T.);
#1450 = EDGE_LOOP('',(#1451,#1452,#1460,#1468));
#1451 = ORIENTED_EDGE('',*,*,#1430,.T.);
#1452 = ORIENTED_EDGE('',*,*,#1453,.T.);
#1453 = EDGE_CURVE('',#1423,#1454,#1456,.T.);
#1454 = VERTEX_POINT('',#1455);
#1455 = CARTESIAN_POINT('',(83.496109,-122.255484,1.51));
#1456 = LINE('',#1457,#1458);
#1457 = CARTESIAN_POINT('',(70.561795,-127.613052,1.51));
#1458 = VECTOR('',#1459,1.);
#1459 = DIRECTION('',(0.923879539552,0.382683415368,0.));
#1460 = ORIENTED_EDGE('',*,*,#1461,.F.);
#1461 = EDGE_CURVE('',#1462,#1454,#1464,.T.);
#1462 = VERTEX_POINT('',#1463);
#1463 = CARTESIAN_POINT('',(83.496109,-122.255484,0.));
#1464 = LINE('',#1465,#1466);
#1465 = CARTESIAN_POINT('',(83.496109,-122.255484,0.));
#1466 = VECTOR('',#1467,1.);
#1467 = DIRECTION('',(0.,0.,1.));
#1468 = ORIENTED_EDGE('',*,*,#1469,.F.);
#1469 = EDGE_CURVE('',#1431,#1462,#1470,.T.);
#1470 = LINE('',#1471,#1472);
#1471 = CARTESIAN_POINT('',(70.561795,-127.613052,0.));
#1472 = VECTOR('',#1473,1.);
#1473 = DIRECTION('',(0.923879539552,0.382683415368,0.));
#1474 = PLANE('',#1475);
#1475 = AXIS2_PLACEMENT_3D('',#1476,#1477,#1478);
#1476 = CARTESIAN_POINT('',(70.561795,-127.613052,0.));
#1477 = DIRECTION('',(-0.382683415368,0.923879539552,0.));
#1478 = DIRECTION('',(0.923879539552,0.382683415368,0.));
#1479 = ADVANCED_FACE('',(#1480),#1505,.T.);
#1480 = FACE_BOUND('',#1481,.T.);
#1481 = EDGE_LOOP('',(#1482,#1483,#1491,#1499));
#1482 = ORIENTED_EDGE('',*,*,#1461,.T.);
#1483 = ORIENTED_EDGE('',*,*,#1484,.T.);
#1484 = EDGE_CURVE('',#1454,#1485,#1487,.T.);
#1485 = VERTEX_POINT('',#1486);
#1486 = CARTESIAN_POINT('',(78.138541,-109.32117,1.51));
#1487 = LINE('',#1488,#1489);
#1488 = CARTESIAN_POINT('',(83.496109,-122.255484,1.51));
#1489 = VECTOR('',#1490,1.);
#1490 = DIRECTION('',(-0.382683415368,0.923879539552,0.));
#1491 = ORIENTED_EDGE('',*,*,#1492,.F.);
#1492 = EDGE_CURVE('',#1493,#1485,#1495,.T.);
#1493 = VERTEX_POINT('',#1494);
#1494 = CARTESIAN_POINT('',(78.138541,-109.32117,0.));
#1495 = LINE('',#1496,#1497);
#1496 = CARTESIAN_POINT('',(78.138541,-109.32117,0.));
#1497 = VECTOR('',#1498,1.);
#1498 = DIRECTION('',(0.,0.,1.));
#1499 = ORIENTED_EDGE('',*,*,#1500,.F.);
#1500 = EDGE_CURVE('',#1462,#1493,#1501,.T.);
#1501 = LINE('',#1502,#1503);
#1502 = CARTESIAN_POINT('',(83.496109,-122.255484,0.));
#1503 = VECTOR('',#1504,1.);
#1504 = DIRECTION('',(-0.382683415368,0.923879539552,0.));
#1505 = PLANE('',#1506);
#1506 = AXIS2_PLACEMENT_3D('',#1507,#1508,#1509);
#1507 = CARTESIAN_POINT('',(83.496109,-122.255484,0.));
#1508 = DIRECTION('',(-0.923879539552,-0.382683415368,0.));
#1509 = DIRECTION('',(-0.382683415368,0.923879539552,0.));
#1510 = ADVANCED_FACE('',(#1511),#1527,.T.);
#1511 = FACE_BOUND('',#1512,.T.);
#1512 = EDGE_LOOP('',(#1513,#1514,#1520,#1521));
#1513 = ORIENTED_EDGE('',*,*,#1492,.T.);
#1514 = ORIENTED_EDGE('',*,*,#1515,.T.);
#1515 = EDGE_CURVE('',#1485,#1415,#1516,.T.);
#1516 = LINE('',#1517,#1518);
#1517 = CARTESIAN_POINT('',(78.138541,-109.32117,1.51));
#1518 = VECTOR('',#1519,1.);
#1519 = DIRECTION('',(-0.923879539552,-0.382683415368,0.));
#1520 = ORIENTED_EDGE('',*,*,#1412,.F.);
#1521 = ORIENTED_EDGE('',*,*,#1522,.F.);
#1522 = EDGE_CURVE('',#1493,#1413,#1523,.T.);
#1523 = LINE('',#1524,#1525);
#1524 = CARTESIAN_POINT('',(78.138541,-109.32117,0.));
#1525 = VECTOR('',#1526,1.);
#1526 = DIRECTION('',(-0.923879539552,-0.382683415368,0.));
#1527 = PLANE('',#1528);
#1528 = AXIS2_PLACEMENT_3D('',#1529,#1530,#1531);
#1529 = CARTESIAN_POINT('',(78.138541,-109.32117,0.));
#1530 = DIRECTION('',(0.382683415368,-0.923879539552,0.));
#1531 = DIRECTION('',(-0.923879539552,-0.382683415368,0.));
#1532 = ADVANCED_FACE('',(#1533),#1567,.T.);
#1533 = FACE_BOUND('',#1534,.T.);
#1534 = EDGE_LOOP('',(#1535,#1545,#1553,#1561));
#1535 = ORIENTED_EDGE('',*,*,#1536,.T.);
#1536 = EDGE_CURVE('',#1537,#1539,#1541,.T.);
#1537 = VERTEX_POINT('',#1538);
#1538 = CARTESIAN_POINT('',(84.956786,-107.006753,0.));
#1539 = VERTEX_POINT('',#1540);
#1540 = CARTESIAN_POINT('',(84.956786,-107.006753,1.51));
#1541 = LINE('',#1542,#1543);
#1542 = CARTESIAN_POINT('',(84.956786,-107.006753,0.));
#1543 = VECTOR('',#1544,1.);
#1544 = DIRECTION('',(0.,0.,1.));
#1545 = ORIENTED_EDGE('',*,*,#1546,.T.);
#1546 = EDGE_CURVE('',#1539,#1547,#1549,.T.);
#1547 = VERTEX_POINT('',#1548);
#1548 = CARTESIAN_POINT('',(88.580253,-120.529714,1.51));
#1549 = LINE('',#1550,#1551);
#1550 = CARTESIAN_POINT('',(84.956786,-107.006753,1.51));
#1551 = VECTOR('',#1552,1.);
#1552 = DIRECTION('',(0.258819079809,-0.96592581699,0.));
#1553 = ORIENTED_EDGE('',*,*,#1554,.F.);
#1554 = EDGE_CURVE('',#1555,#1547,#1557,.T.);
#1555 = VERTEX_POINT('',#1556);
#1556 = CARTESIAN_POINT('',(88.580253,-120.529714,0.));
#1557 = LINE('',#1558,#1559);
#1558 = CARTESIAN_POINT('',(88.580253,-120.529714,0.));
#1559 = VECTOR('',#1560,1.);
#1560 = DIRECTION('',(0.,0.,1.));
#1561 = ORIENTED_EDGE('',*,*,#1562,.F.);
#1562 = EDGE_CURVE('',#1537,#1555,#1563,.T.);
#1563 = LINE('',#1564,#1565);
#1564 = CARTESIAN_POINT('',(84.956786,-107.006753,0.));
#1565 = VECTOR('',#1566,1.);
#1566 = DIRECTION('',(0.258819079809,-0.96592581699,0.));
#1567 = PLANE('',#1568);
#1568 = AXIS2_PLACEMENT_3D('',#1569,#1570,#1571);
#1569 = CARTESIAN_POINT('',(84.956786,-107.006753,0.));
#1570 = DIRECTION('',(0.96592581699,0.258819079809,-0.));
#1571 = DIRECTION('',(0.258819079809,-0.96592581699,0.));
#1572 = ADVANCED_FACE('',(#1573),#1598,.T.);
#1573 = FACE_BOUND('',#1574,.T.);
#1574 = EDGE_LOOP('',(#1575,#1576,#1584,#1592));
#1575 = ORIENTED_EDGE('',*,*,#1554,.T.);
#1576 = ORIENTED_EDGE('',*,*,#1577,.T.);
#1577 = EDGE_CURVE('',#1547,#1578,#1580,.T.);
#1578 = VERTEX_POINT('',#1579);
#1579 = CARTESIAN_POINT('',(102.103214,-116.906247,1.51));
#1580 = LINE('',#1581,#1582);
#1581 = CARTESIAN_POINT('',(88.580253,-120.529714,1.51));
#1582 = VECTOR('',#1583,1.);
#1583 = DIRECTION('',(0.96592581699,0.258819079809,0.));
#1584 = ORIENTED_EDGE('',*,*,#1585,.F.);
#1585 = EDGE_CURVE('',#1586,#1578,#1588,.T.);
#1586 = VERTEX_POINT('',#1587);
#1587 = CARTESIAN_POINT('',(102.103214,-116.906247,0.));
#1588 = LINE('',#1589,#1590);
#1589 = CARTESIAN_POINT('',(102.103214,-116.906247,0.));
#1590 = VECTOR('',#1591,1.);
#1591 = DIRECTION('',(0.,0.,1.));
#1592 = ORIENTED_EDGE('',*,*,#1593,.F.);
#1593 = EDGE_CURVE('',#1555,#1586,#1594,.T.);
#1594 = LINE('',#1595,#1596);
#1595 = CARTESIAN_POINT('',(88.580253,-120.529714,0.));
#1596 = VECTOR('',#1597,1.);
#1597 = DIRECTION('',(0.96592581699,0.258819079809,0.));
#1598 = PLANE('',#1599);
#1599 = AXIS2_PLACEMENT_3D('',#1600,#1601,#1602);
#1600 = CARTESIAN_POINT('',(88.580253,-120.529714,0.));
#1601 = DIRECTION('',(-0.258819079809,0.96592581699,0.));
#1602 = DIRECTION('',(0.96592581699,0.258819079809,0.));
#1603 = ADVANCED_FACE('',(#1604),#1629,.T.);
#1604 = FACE_BOUND('',#1605,.T.);
#1605 = EDGE_LOOP('',(#1606,#1607,#1615,#1623));
#1606 = ORIENTED_EDGE('',*,*,#1585,.T.);
#1607 = ORIENTED_EDGE('',*,*,#1608,.T.);
#1608 = EDGE_CURVE('',#1578,#1609,#1611,.T.);
#1609 = VERTEX_POINT('',#1610);
#1610 = CARTESIAN_POINT('',(98.479747,-103.383286,1.51));
#1611 = LINE('',#1612,#1613);
#1612 = CARTESIAN_POINT('',(102.103214,-116.906247,1.51));
#1613 = VECTOR('',#1614,1.);
#1614 = DIRECTION('',(-0.258819079809,0.96592581699,0.));
#1615 = ORIENTED_EDGE('',*,*,#1616,.F.);
#1616 = EDGE_CURVE('',#1617,#1609,#1619,.T.);
#1617 = VERTEX_POINT('',#1618);
#1618 = CARTESIAN_POINT('',(98.479747,-103.383286,0.));
#1619 = LINE('',#1620,#1621);
#1620 = CARTESIAN_POINT('',(98.479747,-103.383286,0.));
#1621 = VECTOR('',#1622,1.);
#1622 = DIRECTION('',(0.,0.,1.));
#1623 = ORIENTED_EDGE('',*,*,#1624,.F.);
#1624 = EDGE_CURVE('',#1586,#1617,#1625,.T.);
#1625 = LINE('',#1626,#1627);
#1626 = CARTESIAN_POINT('',(102.103214,-116.906247,0.));
#1627 = VECTOR('',#1628,1.);
#1628 = DIRECTION('',(-0.258819079809,0.96592581699,0.));
#1629 = PLANE('',#1630);
#1630 = AXIS2_PLACEMENT_3D('',#1631,#1632,#1633);
#1631 = CARTESIAN_POINT('',(102.103214,-116.906247,0.));
#1632 = DIRECTION('',(-0.96592581699,-0.258819079809,0.));
#1633 = DIRECTION('',(-0.258819079809,0.96592581699,0.));
#1634 = ADVANCED_FACE('',(#1635),#1651,.T.);
#1635 = FACE_BOUND('',#1636,.T.);
#1636 = EDGE_LOOP('',(#1637,#1638,#1644,#1645));
#1637 = ORIENTED_EDGE('',*,*,#1616,.T.);
#1638 = ORIENTED_EDGE('',*,*,#1639,.T.);
#1639 = EDGE_CURVE('',#1609,#1539,#1640,.T.);
#1640 = LINE('',#1641,#1642);
#1641 = CARTESIAN_POINT('',(98.479747,-103.383286,1.51));
#1642 = VECTOR('',#1643,1.);
#1643 = DIRECTION('',(-0.96592581699,-0.258819079809,0.));
#1644 = ORIENTED_EDGE('',*,*,#1536,.F.);
#1645 = ORIENTED_EDGE('',*,*,#1646,.F.);
#1646 = EDGE_CURVE('',#1617,#1537,#1647,.T.);
#1647 = LINE('',#1648,#1649);
#1648 = CARTESIAN_POINT('',(98.479747,-103.383286,0.));
#1649 = VECTOR('',#1650,1.);
#1650 = DIRECTION('',(-0.96592581699,-0.258819079809,0.));
#1651 = PLANE('',#1652);
#1652 = AXIS2_PLACEMENT_3D('',#1653,#1654,#1655);
#1653 = CARTESIAN_POINT('',(98.479747,-103.383286,0.));
#1654 = DIRECTION('',(0.258819079809,-0.96592581699,0.));
#1655 = DIRECTION('',(-0.96592581699,-0.258819079809,0.));
#1656 = ADVANCED_FACE('',(#1657),#1691,.T.);
#1657 = FACE_BOUND('',#1658,.T.);
#1658 = EDGE_LOOP('',(#1659,#1669,#1677,#1685));
#1659 = ORIENTED_EDGE('',*,*,#1660,.T.);
#1660 = EDGE_CURVE('',#1661,#1663,#1665,.T.);
#1661 = VERTEX_POINT('',#1662);
#1662 = CARTESIAN_POINT('',(154.02,-102.25,0.));
#1663 = VERTEX_POINT('',#1664);
#1664 = CARTESIAN_POINT('',(154.02,-102.25,1.51));
#1665 = LINE('',#1666,#1667);
#1666 = CARTESIAN_POINT('',(154.02,-102.25,0.));
#1667 = VECTOR('',#1668,1.);
#1668 = DIRECTION('',(0.,0.,1.));
#1669 = ORIENTED_EDGE('',*,*,#1670,.T.);
#1670 = EDGE_CURVE('',#1663,#1671,#1673,.T.);
#1671 = VERTEX_POINT('',#1672);
#1672 = CARTESIAN_POINT('',(168.02,-102.25,1.51));
#1673 = LINE('',#1674,#1675);
#1674 = CARTESIAN_POINT('',(154.02,-102.25,1.51));
#1675 = VECTOR('',#1676,1.);
#1676 = DIRECTION('',(1.,0.,0.));
#1677 = ORIENTED_EDGE('',*,*,#1678,.F.);
#1678 = EDGE_CURVE('',#1679,#1671,#1681,.T.);
#1679 = VERTEX_POINT('',#1680);
#1680 = CARTESIAN_POINT('',(168.02,-102.25,0.));
#1681 = LINE('',#1682,#1683);
#1682 = CARTESIAN_POINT('',(168.02,-102.25,0.));
#1683 = VECTOR('',#1684,1.);
#1684 = DIRECTION('',(0.,0.,1.));
#1685 = ORIENTED_EDGE('',*,*,#1686,.F.);
#1686 = EDGE_CURVE('',#1661,#1679,#1687,.T.);
#1687 = LINE('',#1688,#1689);
#1688 = CARTESIAN_POINT('',(154.02,-102.25,0.));
#1689 = VECTOR('',#1690,1.);
#1690 = DIRECTION('',(1.,0.,0.));
#1691 = PLANE('',#1692);
#1692 = AXIS2_PLACEMENT_3D('',#1693,#1694,#1695);
#1693 = CARTESIAN_POINT('',(154.02,-102.25,0.));
#1694 = DIRECTION('',(0.,1.,0.));
#1695 = DIRECTION('',(1.,0.,0.));
#1696 = ADVANCED_FACE('',(#1697),#1722,.T.);
#1697 = FACE_BOUND('',#1698,.T.);
#1698 = EDGE_LOOP('',(#1699,#1700,#1708,#1716));
#1699 = ORIENTED_EDGE('',*,*,#1678,.T.);
#1700 = ORIENTED_EDGE('',*,*,#1701,.T.);
#1701 = EDGE_CURVE('',#1671,#1702,#1704,.T.);
#1702 = VERTEX_POINT('',#1703);
#1703 = CARTESIAN_POINT('',(168.02,-88.25,1.51));
#1704 = LINE('',#1705,#1706);
#1705 = CARTESIAN_POINT('',(168.02,-102.25,1.51));
#1706 = VECTOR('',#1707,1.);
#1707 = DIRECTION('',(0.,1.,0.));
#1708 = ORIENTED_EDGE('',*,*,#1709,.F.);
#1709 = EDGE_CURVE('',#1710,#1702,#1712,.T.);
#1710 = VERTEX_POINT('',#1711);
#1711 = CARTESIAN_POINT('',(168.02,-88.25,0.));
#1712 = LINE('',#1713,#1714);
#1713 = CARTESIAN_POINT('',(168.02,-88.25,0.));
#1714 = VECTOR('',#1715,1.);
#1715 = DIRECTION('',(0.,0.,1.));
#1716 = ORIENTED_EDGE('',*,*,#1717,.F.);
#1717 = EDGE_CURVE('',#1679,#1710,#1718,.T.);
#1718 = LINE('',#1719,#1720);
#1719 = CARTESIAN_POINT('',(168.02,-102.25,0.));
#1720 = VECTOR('',#1721,1.);
#1721 = DIRECTION('',(0.,1.,0.));
#1722 = PLANE('',#1723);
#1723 = AXIS2_PLACEMENT_3D('',#1724,#1725,#1726);
#1724 = CARTESIAN_POINT('',(168.02,-102.25,0.));
#1725 = DIRECTION('',(-1.,0.,0.));
#1726 = DIRECTION('',(0.,1.,0.));
#1727 = ADVANCED_FACE('',(#1728),#1753,.T.);
#1728 = FACE_BOUND('',#1729,.T.);
#1729 = EDGE_LOOP('',(#1730,#1731,#1739,#1747));
#1730 = ORIENTED_EDGE('',*,*,#1709,.T.);
#1731 = ORIENTED_EDGE('',*,*,#1732,.T.);
#1732 = EDGE_CURVE('',#1702,#1733,#1735,.T.);
#1733 = VERTEX_POINT('',#1734);
#1734 = CARTESIAN_POINT('',(154.02,-88.25,1.51));
#1735 = LINE('',#1736,#1737);
#1736 = CARTESIAN_POINT('',(168.02,-88.25,1.51));
#1737 = VECTOR('',#1738,1.);
#1738 = DIRECTION('',(-1.,0.,0.));
#1739 = ORIENTED_EDGE('',*,*,#1740,.F.);
#1740 = EDGE_CURVE('',#1741,#1733,#1743,.T.);
#1741 = VERTEX_POINT('',#1742);
#1742 = CARTESIAN_POINT('',(154.02,-88.25,0.));
#1743 = LINE('',#1744,#1745);
#1744 = CARTESIAN_POINT('',(154.02,-88.25,0.));
#1745 = VECTOR('',#1746,1.);
#1746 = DIRECTION('',(0.,0.,1.));
#1747 = ORIENTED_EDGE('',*,*,#1748,.F.);
#1748 = EDGE_CURVE('',#1710,#1741,#1749,.T.);
#1749 = LINE('',#1750,#1751);
#1750 = CARTESIAN_POINT('',(168.02,-88.25,0.));
#1751 = VECTOR('',#1752,1.);
#1752 = DIRECTION('',(-1.,0.,0.));
#1753 = PLANE('',#1754);
#1754 = AXIS2_PLACEMENT_3D('',#1755,#1756,#1757);
#1755 = CARTESIAN_POINT('',(168.02,-88.25,0.));
#1756 = DIRECTION('',(0.,-1.,0.));
#1757 = DIRECTION('',(-1.,0.,0.));
#1758 = ADVANCED_FACE('',(#1759),#1775,.T.);
#1759 = FACE_BOUND('',#1760,.T.);
#1760 = EDGE_LOOP('',(#1761,#1762,#1768,#1769));
#1761 = ORIENTED_EDGE('',*,*,#1740,.T.);
#1762 = ORIENTED_EDGE('',*,*,#1763,.T.);
#1763 = EDGE_CURVE('',#1733,#1663,#1764,.T.);
#1764 = LINE('',#1765,#1766);
#1765 = CARTESIAN_POINT('',(154.02,-88.25,1.51));
#1766 = VECTOR('',#1767,1.);
#1767 = DIRECTION('',(0.,-1.,0.));
#1768 = ORIENTED_EDGE('',*,*,#1660,.F.);
#1769 = ORIENTED_EDGE('',*,*,#1770,.F.);
#1770 = EDGE_CURVE('',#1741,#1661,#1771,.T.);
#1771 = LINE('',#1772,#1773);
#1772 = CARTESIAN_POINT('',(154.02,-88.25,0.));
#1773 = VECTOR('',#1774,1.);
#1774 = DIRECTION('',(0.,-1.,0.));
#1775 = PLANE('',#1776);
#1776 = AXIS2_PLACEMENT_3D('',#1777,#1778,#1779);
#1777 = CARTESIAN_POINT('',(154.02,-88.25,0.));
#1778 = DIRECTION('',(1.,0.,-0.));
#1779 = DIRECTION('',(0.,-1.,0.));
#1780 = ADVANCED_FACE('',(#1781),#1815,.T.);
#1781 = FACE_BOUND('',#1782,.T.);
#1782 = EDGE_LOOP('',(#1783,#1793,#1801,#1809));
#1783 = ORIENTED_EDGE('',*,*,#1784,.T.);
#1784 = EDGE_CURVE('',#1785,#1787,#1789,.T.);
#1785 = VERTEX_POINT('',#1786);
#1786 = CARTESIAN_POINT('',(173.07,-102.25,0.));
#1787 = VERTEX_POINT('',#1788);
#1788 = CARTESIAN_POINT('',(173.07,-102.25,1.51));
#1789 = LINE('',#1790,#1791);
#1790 = CARTESIAN_POINT('',(173.07,-102.25,0.));
#1791 = VECTOR('',#1792,1.);
#1792 = DIRECTION('',(0.,0.,1.));
#1793 = ORIENTED_EDGE('',*,*,#1794,.T.);
#1794 = EDGE_CURVE('',#1787,#1795,#1797,.T.);
#1795 = VERTEX_POINT('',#1796);
#1796 = CARTESIAN_POINT('',(187.07,-102.25,1.51));
#1797 = LINE('',#1798,#1799);
#1798 = CARTESIAN_POINT('',(173.07,-102.25,1.51));
#1799 = VECTOR('',#1800,1.);
#1800 = DIRECTION('',(1.,0.,0.));
#1801 = ORIENTED_EDGE('',*,*,#1802,.F.);
#1802 = EDGE_CURVE('',#1803,#1795,#1805,.T.);
#1803 = VERTEX_POINT('',#1804);
#1804 = CARTESIAN_POINT('',(187.07,-102.25,0.));
#1805 = LINE('',#1806,#1807);
#1806 = CARTESIAN_POINT('',(187.07,-102.25,0.));
#1807 = VECTOR('',#1808,1.);
#1808 = DIRECTION('',(0.,0.,1.));
#1809 = ORIENTED_EDGE('',*,*,#1810,.F.);
#1810 = EDGE_CURVE('',#1785,#1803,#1811,.T.);
#1811 = LINE('',#1812,#1813);
#1812 = CARTESIAN_POINT('',(173.07,-102.25,0.));
#1813 = VECTOR('',#1814,1.);
#1814 = DIRECTION('',(1.,0.,0.));
#1815 = PLANE('',#1816);
#1816 = AXIS2_PLACEMENT_3D('',#1817,#1818,#1819);
#1817 = CARTESIAN_POINT('',(173.07,-102.25,0.));
#1818 = DIRECTION('',(0.,1.,0.));
#1819 = DIRECTION('',(1.,0.,0.));
#1820 = ADVANCED_FACE('',(#1821),#1846,.T.);
#1821 = FACE_BOUND('',#1822,.T.);
#1822 = EDGE_LOOP('',(#1823,#1824,#1832,#1840));
#1823 = ORIENTED_EDGE('',*,*,#1802,.T.);
#1824 = ORIENTED_EDGE('',*,*,#1825,.T.);
#1825 = EDGE_CURVE('',#1795,#1826,#1828,.T.);
#1826 = VERTEX_POINT('',#1827);
#1827 = CARTESIAN_POINT('',(187.07,-88.25,1.51));
#1828 = LINE('',#1829,#1830);
#1829 = CARTESIAN_POINT('',(187.07,-102.25,1.51));
#1830 = VECTOR('',#1831,1.);
#1831 = DIRECTION('',(0.,1.,0.));
#1832 = ORIENTED_EDGE('',*,*,#1833,.F.);
#1833 = EDGE_CURVE('',#1834,#1826,#1836,.T.);
#1834 = VERTEX_POINT('',#1835);
#1835 = CARTESIAN_POINT('',(187.07,-88.25,0.));
#1836 = LINE('',#1837,#1838);
#1837 = CARTESIAN_POINT('',(187.07,-88.25,0.));
#1838 = VECTOR('',#1839,1.);
#1839 = DIRECTION('',(0.,0.,1.));
#1840 = ORIENTED_EDGE('',*,*,#1841,.F.);
#1841 = EDGE_CURVE('',#1803,#1834,#1842,.T.);
#1842 = LINE('',#1843,#1844);
#1843 = CARTESIAN_POINT('',(187.07,-102.25,0.));
#1844 = VECTOR('',#1845,1.);
#1845 = DIRECTION('',(0.,1.,0.));
#1846 = PLANE('',#1847);
#1847 = AXIS2_PLACEMENT_3D('',#1848,#1849,#1850);
#1848 = CARTESIAN_POINT('',(187.07,-102.25,0.));
#1849 = DIRECTION('',(-1.,0.,0.));
#1850 = DIRECTION('',(0.,1.,0.));
#1851 = ADVANCED_FACE('',(#1852),#1877,.T.);
#1852 = FACE_BOUND('',#1853,.T.);
#1853 = EDGE_LOOP('',(#1854,#1855,#1863,#1871));
#1854 = ORIENTED_EDGE('',*,*,#1833,.T.);
#1855 = ORIENTED_EDGE('',*,*,#1856,.T.);
#1856 = EDGE_CURVE('',#1826,#1857,#1859,.T.);
#1857 = VERTEX_POINT('',#1858);
#1858 = CARTESIAN_POINT('',(173.07,-88.25,1.51));
#1859 = LINE('',#1860,#1861);
#1860 = CARTESIAN_POINT('',(187.07,-88.25,1.51));
#1861 = VECTOR('',#1862,1.);
#1862 = DIRECTION('',(-1.,0.,0.));
#1863 = ORIENTED_EDGE('',*,*,#1864,.F.);
#1864 = EDGE_CURVE('',#1865,#1857,#1867,.T.);
#1865 = VERTEX_POINT('',#1866);
#1866 = CARTESIAN_POINT('',(173.07,-88.25,0.));
#1867 = LINE('',#1868,#1869);
#1868 = CARTESIAN_POINT('',(173.07,-88.25,0.));
#1869 = VECTOR('',#1870,1.);
#1870 = DIRECTION('',(0.,0.,1.));
#1871 = ORIENTED_EDGE('',*,*,#1872,.F.);
#1872 = EDGE_CURVE('',#1834,#1865,#1873,.T.);
#1873 = LINE('',#1874,#1875);
#1874 = CARTESIAN_POINT('',(187.07,-88.25,0.));
#1875 = VECTOR('',#1876,1.);
#1876 = DIRECTION('',(-1.,0.,0.));
#1877 = PLANE('',#1878);
#1878 = AXIS2_PLACEMENT_3D('',#1879,#1880,#1881);
#1879 = CARTESIAN_POINT('',(187.07,-88.25,0.));
#1880 = DIRECTION('',(0.,-1.,0.));
#1881 = DIRECTION('',(-1.,0.,0.));
#1882 = ADVANCED_FACE('',(#1883),#1899,.T.);
#1883 = FACE_BOUND('',#1884,.T.);
#1884 = EDGE_LOOP('',(#1885,#1886,#1892,#1893));
#1885 = ORIENTED_EDGE('',*,*,#1864,.T.);
#1886 = ORIENTED_EDGE('',*,*,#1887,.T.);
#1887 = EDGE_CURVE('',#1857,#1787,#1888,.T.);
#1888 = LINE('',#1889,#1890);
#1889 = CARTESIAN_POINT('',(173.07,-88.25,1.51));
#1890 = VECTOR('',#1891,1.);
#1891 = DIRECTION('',(0.,-1.,0.));
#1892 = ORIENTED_EDGE('',*,*,#1784,.F.);
#1893 = ORIENTED_EDGE('',*,*,#1894,.F.);
#1894 = EDGE_CURVE('',#1865,#1785,#1895,.T.);
#1895 = LINE('',#1896,#1897);
#1896 = CARTESIAN_POINT('',(173.07,-88.25,0.));
#1897 = VECTOR('',#1898,1.);
#1898 = DIRECTION('',(0.,-1.,0.));
#1899 = PLANE('',#1900);
#1900 = AXIS2_PLACEMENT_3D('',#1901,#1902,#1903);
#1901 = CARTESIAN_POINT('',(173.07,-88.25,0.));
#1902 = DIRECTION('',(1.,0.,-0.));
#1903 = DIRECTION('',(0.,-1.,0.));
#1904 = ADVANCED_FACE('',(#1905),#1939,.T.);
#1905 = FACE_BOUND('',#1906,.T.);
#1906 = EDGE_LOOP('',(#1907,#1917,#1925,#1933));
#1907 = ORIENTED_EDGE('',*,*,#1908,.T.);
#1908 = EDGE_CURVE('',#1909,#1911,#1913,.T.);
#1909 = VERTEX_POINT('',#1910);
#1910 = CARTESIAN_POINT('',(77.82,-99.3925,0.));
#1911 = VERTEX_POINT('',#1912);
#1912 = CARTESIAN_POINT('',(77.82,-99.3925,1.51));
#1913 = LINE('',#1914,#1915);
#1914 = CARTESIAN_POINT('',(77.82,-99.3925,0.));
#1915 = VECTOR('',#1916,1.);
#1916 = DIRECTION('',(0.,0.,1.));
#1917 = ORIENTED_EDGE('',*,*,#1918,.T.);
#1918 = EDGE_CURVE('',#1911,#1919,#1921,.T.);
#1919 = VERTEX_POINT('',#1920);
#1920 = CARTESIAN_POINT('',(91.82,-99.3925,1.51));
#1921 = LINE('',#1922,#1923);
#1922 = CARTESIAN_POINT('',(77.82,-99.3925,1.51));
#1923 = VECTOR('',#1924,1.);
#1924 = DIRECTION('',(1.,0.,0.));
#1925 = ORIENTED_EDGE('',*,*,#1926,.F.);
#1926 = EDGE_CURVE('',#1927,#1919,#1929,.T.);
#1927 = VERTEX_POINT('',#1928);
#1928 = CARTESIAN_POINT('',(91.82,-99.3925,0.));
#1929 = LINE('',#1930,#1931);
#1930 = CARTESIAN_POINT('',(91.82,-99.3925,0.));
#1931 = VECTOR('',#1932,1.);
#1932 = DIRECTION('',(0.,0.,1.));
#1933 = ORIENTED_EDGE('',*,*,#1934,.F.);
#1934 = EDGE_CURVE('',#1909,#1927,#1935,.T.);
#1935 = LINE('',#1936,#1937);
#1936 = CARTESIAN_POINT('',(77.82,-99.3925,0.));
#1937 = VECTOR('',#1938,1.);
#1938 = DIRECTION('',(1.,0.,0.));
#1939 = PLANE('',#1940);
#1940 = AXIS2_PLACEMENT_3D('',#1941,#1942,#1943);
#1941 = CARTESIAN_POINT('',(77.82,-99.3925,0.));
#1942 = DIRECTION('',(0.,1.,0.));
#1943 = DIRECTION('',(1.,0.,0.));
#1944 = ADVANCED_FACE('',(#1945),#1970,.T.);
#1945 = FACE_BOUND('',#1946,.T.);
#1946 = EDGE_LOOP('',(#1947,#1948,#1956,#1964));
#1947 = ORIENTED_EDGE('',*,*,#1926,.T.);
#1948 = ORIENTED_EDGE('',*,*,#1949,.T.);
#1949 = EDGE_CURVE('',#1919,#1950,#1952,.T.);
#1950 = VERTEX_POINT('',#1951);
#1951 = CARTESIAN_POINT('',(91.82,-85.3925,1.51));
#1952 = LINE('',#1953,#1954);
#1953 = CARTESIAN_POINT('',(91.82,-99.3925,1.51));
#1954 = VECTOR('',#1955,1.);
#1955 = DIRECTION('',(0.,1.,0.));
#1956 = ORIENTED_EDGE('',*,*,#1957,.F.);
#1957 = EDGE_CURVE('',#1958,#1950,#1960,.T.);
#1958 = VERTEX_POINT('',#1959);
#1959 = CARTESIAN_POINT('',(91.82,-85.3925,0.));
#1960 = LINE('',#1961,#1962);
#1961 = CARTESIAN_POINT('',(91.82,-85.3925,0.));
#1962 = VECTOR('',#1963,1.);
#1963 = DIRECTION('',(0.,0.,1.));
#1964 = ORIENTED_EDGE('',*,*,#1965,.F.);
#1965 = EDGE_CURVE('',#1927,#1958,#1966,.T.);
#1966 = LINE('',#1967,#1968);
#1967 = CARTESIAN_POINT('',(91.82,-99.3925,0.));
#1968 = VECTOR('',#1969,1.);
#1969 = DIRECTION('',(0.,1.,0.));
#1970 = PLANE('',#1971);
#1971 = AXIS2_PLACEMENT_3D('',#1972,#1973,#1974);
#1972 = CARTESIAN_POINT('',(91.82,-99.3925,0.));
#1973 = DIRECTION('',(-1.,0.,0.));
#1974 = DIRECTION('',(0.,1.,0.));
#1975 = ADVANCED_FACE('',(#1976),#2001,.T.);
#1976 = FACE_BOUND('',#1977,.T.);
#1977 = EDGE_LOOP('',(#1978,#1979,#1987,#1995));
#1978 = ORIENTED_EDGE('',*,*,#1957,.T.);
#1979 = ORIENTED_EDGE('',*,*,#1980,.T.);
#1980 = EDGE_CURVE('',#1950,#1981,#1983,.T.);
#1981 = VERTEX_POINT('',#1982);
#1982 = CARTESIAN_POINT('',(77.82,-85.3925,1.51));
#1983 = LINE('',#1984,#1985);
#1984 = CARTESIAN_POINT('',(91.82,-85.3925,1.51));
#1985 = VECTOR('',#1986,1.);
#1986 = DIRECTION('',(-1.,0.,0.));
#1987 = ORIENTED_EDGE('',*,*,#1988,.F.);
#1988 = EDGE_CURVE('',#1989,#1981,#1991,.T.);
#1989 = VERTEX_POINT('',#1990);
#1990 = CARTESIAN_POINT('',(77.82,-85.3925,0.));
#1991 = LINE('',#1992,#1993);
#1992 = CARTESIAN_POINT('',(77.82,-85.3925,0.));
#1993 = VECTOR('',#1994,1.);
#1994 = DIRECTION('',(0.,0.,1.));
#1995 = ORIENTED_EDGE('',*,*,#1996,.F.);
#1996 = EDGE_CURVE('',#1958,#1989,#1997,.T.);
#1997 = LINE('',#1998,#1999);
#1998 = CARTESIAN_POINT('',(91.82,-85.3925,0.));
#1999 = VECTOR('',#2000,1.);
#2000 = DIRECTION('',(-1.,0.,0.));
#2001 = PLANE('',#2002);
#2002 = AXIS2_PLACEMENT_3D('',#2003,#2004,#2005);
#2003 = CARTESIAN_POINT('',(91.82,-85.3925,0.));
#2004 = DIRECTION('',(0.,-1.,0.));
#2005 = DIRECTION('',(-1.,0.,0.));
#2006 = ADVANCED_FACE('',(#2007),#2023,.T.);
#2007 = FACE_BOUND('',#2008,.T.);
#2008 = EDGE_LOOP('',(#2009,#2010,#2016,#2017));
#2009 = ORIENTED_EDGE('',*,*,#1988,.T.);
#2010 = ORIENTED_EDGE('',*,*,#2011,.T.);
#2011 = EDGE_CURVE('',#1981,#1911,#2012,.T.);
#2012 = LINE('',#2013,#2014);
#2013 = CARTESIAN_POINT('',(77.82,-85.3925,1.51));
#2014 = VECTOR('',#2015,1.);
#2015 = DIRECTION('',(0.,-1.,0.));
#2016 = ORIENTED_EDGE('',*,*,#1908,.F.);
#2017 = ORIENTED_EDGE('',*,*,#2018,.F.);
#2018 = EDGE_CURVE('',#1989,#1909,#2019,.T.);
#2019 = LINE('',#2020,#2021);
#2020 = CARTESIAN_POINT('',(77.82,-85.3925,0.));
#2021 = VECTOR('',#2022,1.);
#2022 = DIRECTION('',(0.,-1.,0.));
#2023 = PLANE('',#2024);
#2024 = AXIS2_PLACEMENT_3D('',#2025,#2026,#2027);
#2025 = CARTESIAN_POINT('',(77.82,-85.3925,0.));
#2026 = DIRECTION('',(1.,0.,-0.));
#2027 = DIRECTION('',(0.,-1.,0.));
#2028 = ADVANCED_FACE('',(#2029),#2063,.T.);
#2029 = FACE_BOUND('',#2030,.T.);
#2030 = EDGE_LOOP('',(#2031,#2041,#2049,#2057));
#2031 = ORIENTED_EDGE('',*,*,#2032,.T.);
#2032 = EDGE_CURVE('',#2033,#2035,#2037,.T.);
#2033 = VERTEX_POINT('',#2034);
#2034 = CARTESIAN_POINT('',(58.77,-95.5825,0.));
#2035 = VERTEX_POINT('',#2036);
#2036 = CARTESIAN_POINT('',(58.77,-95.5825,1.51));
#2037 = LINE('',#2038,#2039);
#2038 = CARTESIAN_POINT('',(58.77,-95.5825,0.));
#2039 = VECTOR('',#2040,1.);
#2040 = DIRECTION('',(0.,0.,1.));
#2041 = ORIENTED_EDGE('',*,*,#2042,.T.);
#2042 = EDGE_CURVE('',#2035,#2043,#2045,.T.);
#2043 = VERTEX_POINT('',#2044);
#2044 = CARTESIAN_POINT('',(72.77,-95.5825,1.51));
#2045 = LINE('',#2046,#2047);
#2046 = CARTESIAN_POINT('',(58.77,-95.5825,1.51));
#2047 = VECTOR('',#2048,1.);
#2048 = DIRECTION('',(1.,0.,0.));
#2049 = ORIENTED_EDGE('',*,*,#2050,.F.);
#2050 = EDGE_CURVE('',#2051,#2043,#2053,.T.);
#2051 = VERTEX_POINT('',#2052);
#2052 = CARTESIAN_POINT('',(72.77,-95.5825,0.));
#2053 = LINE('',#2054,#2055);
#2054 = CARTESIAN_POINT('',(72.77,-95.5825,0.));
#2055 = VECTOR('',#2056,1.);
#2056 = DIRECTION('',(0.,0.,1.));
#2057 = ORIENTED_EDGE('',*,*,#2058,.F.);
#2058 = EDGE_CURVE('',#2033,#2051,#2059,.T.);
#2059 = LINE('',#2060,#2061);
#2060 = CARTESIAN_POINT('',(58.77,-95.5825,0.));
#2061 = VECTOR('',#2062,1.);
#2062 = DIRECTION('',(1.,0.,0.));
#2063 = PLANE('',#2064);
#2064 = AXIS2_PLACEMENT_3D('',#2065,#2066,#2067);
#2065 = CARTESIAN_POINT('',(58.77,-95.5825,0.));
#2066 = DIRECTION('',(0.,1.,0.));
#2067 = DIRECTION('',(1.,0.,0.));
#2068 = ADVANCED_FACE('',(#2069),#2094,.T.);
#2069 = FACE_BOUND('',#2070,.T.);
#2070 = EDGE_LOOP('',(#2071,#2072,#2080,#2088));
#2071 = ORIENTED_EDGE('',*,*,#2050,.T.);
#2072 = ORIENTED_EDGE('',*,*,#2073,.T.);
#2073 = EDGE_CURVE('',#2043,#2074,#2076,.T.);
#2074 = VERTEX_POINT('',#2075);
#2075 = CARTESIAN_POINT('',(72.77,-81.5825,1.51));
#2076 = LINE('',#2077,#2078);
#2077 = CARTESIAN_POINT('',(72.77,-95.5825,1.51));
#2078 = VECTOR('',#2079,1.);
#2079 = DIRECTION('',(0.,1.,0.));
#2080 = ORIENTED_EDGE('',*,*,#2081,.F.);
#2081 = EDGE_CURVE('',#2082,#2074,#2084,.T.);
#2082 = VERTEX_POINT('',#2083);
#2083 = CARTESIAN_POINT('',(72.77,-81.5825,0.));
#2084 = LINE('',#2085,#2086);
#2085 = CARTESIAN_POINT('',(72.77,-81.5825,0.));
#2086 = VECTOR('',#2087,1.);
#2087 = DIRECTION('',(0.,0.,1.));
#2088 = ORIENTED_EDGE('',*,*,#2089,.F.);
#2089 = EDGE_CURVE('',#2051,#2082,#2090,.T.);
#2090 = LINE('',#2091,#2092);
#2091 = CARTESIAN_POINT('',(72.77,-95.5825,0.));
#2092 = VECTOR('',#2093,1.);
#2093 = DIRECTION('',(0.,1.,0.));
#2094 = PLANE('',#2095);
#2095 = AXIS2_PLACEMENT_3D('',#2096,#2097,#2098);
#2096 = CARTESIAN_POINT('',(72.77,-95.5825,0.));
#2097 = DIRECTION('',(-1.,0.,0.));
#2098 = DIRECTION('',(0.,1.,0.));
#2099 = ADVANCED_FACE('',(#2100),#2125,.T.);
#2100 = FACE_BOUND('',#2101,.T.);
#2101 = EDGE_LOOP('',(#2102,#2103,#2111,#2119));
#2102 = ORIENTED_EDGE('',*,*,#2081,.T.);
#2103 = ORIENTED_EDGE('',*,*,#2104,.T.);
#2104 = EDGE_CURVE('',#2074,#2105,#2107,.T.);
#2105 = VERTEX_POINT('',#2106);
#2106 = CARTESIAN_POINT('',(58.77,-81.5825,1.51));
#2107 = LINE('',#2108,#2109);
#2108 = CARTESIAN_POINT('',(72.77,-81.5825,1.51));
#2109 = VECTOR('',#2110,1.);
#2110 = DIRECTION('',(-1.,0.,0.));
#2111 = ORIENTED_EDGE('',*,*,#2112,.F.);
#2112 = EDGE_CURVE('',#2113,#2105,#2115,.T.);
#2113 = VERTEX_POINT('',#2114);
#2114 = CARTESIAN_POINT('',(58.77,-81.5825,0.));
#2115 = LINE('',#2116,#2117);
#2116 = CARTESIAN_POINT('',(58.77,-81.5825,0.));
#2117 = VECTOR('',#2118,1.);
#2118 = DIRECTION('',(0.,0.,1.));
#2119 = ORIENTED_EDGE('',*,*,#2120,.F.);
#2120 = EDGE_CURVE('',#2082,#2113,#2121,.T.);
#2121 = LINE('',#2122,#2123);
#2122 = CARTESIAN_POINT('',(72.77,-81.5825,0.));
#2123 = VECTOR('',#2124,1.);
#2124 = DIRECTION('',(-1.,0.,0.));
#2125 = PLANE('',#2126);
#2126 = AXIS2_PLACEMENT_3D('',#2127,#2128,#2129);
#2127 = CARTESIAN_POINT('',(72.77,-81.5825,0.));
#2128 = DIRECTION('',(0.,-1.,0.));
#2129 = DIRECTION('',(-1.,0.,0.));
#2130 = ADVANCED_FACE('',(#2131),#2147,.T.);
#2131 = FACE_BOUND('',#2132,.T.);
#2132 = EDGE_LOOP('',(#2133,#2134,#2140,#2141));
#2133 = ORIENTED_EDGE('',*,*,#2112,.T.);
#2134 = ORIENTED_EDGE('',*,*,#2135,.T.);
#2135 = EDGE_CURVE('',#2105,#2035,#2136,.T.);
#2136 = LINE('',#2137,#2138);
#2137 = CARTESIAN_POINT('',(58.77,-81.5825,1.51));
#2138 = VECTOR('',#2139,1.);
#2139 = DIRECTION('',(0.,-1.,0.));
#2140 = ORIENTED_EDGE('',*,*,#2032,.F.);
#2141 = ORIENTED_EDGE('',*,*,#2142,.F.);
#2142 = EDGE_CURVE('',#2113,#2033,#2143,.T.);
#2143 = LINE('',#2144,#2145);
#2144 = CARTESIAN_POINT('',(58.77,-81.5825,0.));
#2145 = VECTOR('',#2146,1.);
#2146 = DIRECTION('',(0.,-1.,0.));
#2147 = PLANE('',#2148);
#2148 = AXIS2_PLACEMENT_3D('',#2149,#2150,#2151);
#2149 = CARTESIAN_POINT('',(58.77,-81.5825,0.));
#2150 = DIRECTION('',(1.,0.,-0.));
#2151 = DIRECTION('',(0.,-1.,0.));
#2152 = ADVANCED_FACE('',(#2153),#2187,.T.);
#2153 = FACE_BOUND('',#2154,.T.);
#2154 = EDGE_LOOP('',(#2155,#2165,#2173,#2181));
#2155 = ORIENTED_EDGE('',*,*,#2156,.T.);
#2156 = EDGE_CURVE('',#2157,#2159,#2161,.T.);
#2157 = VERTEX_POINT('',#2158);
#2158 = CARTESIAN_POINT('',(96.87,-95.5825,0.));
#2159 = VERTEX_POINT('',#2160);
#2160 = CARTESIAN_POINT('',(96.87,-95.5825,1.51));
#2161 = LINE('',#2162,#2163);
#2162 = CARTESIAN_POINT('',(96.87,-95.5825,0.));
#2163 = VECTOR('',#2164,1.);
#2164 = DIRECTION('',(0.,0.,1.));
#2165 = ORIENTED_EDGE('',*,*,#2166,.T.);
#2166 = EDGE_CURVE('',#2159,#2167,#2169,.T.);
#2167 = VERTEX_POINT('',#2168);
#2168 = CARTESIAN_POINT('',(110.87,-95.5825,1.51));
#2169 = LINE('',#2170,#2171);
#2170 = CARTESIAN_POINT('',(96.87,-95.5825,1.51));
#2171 = VECTOR('',#2172,1.);
#2172 = DIRECTION('',(1.,0.,0.));
#2173 = ORIENTED_EDGE('',*,*,#2174,.F.);
#2174 = EDGE_CURVE('',#2175,#2167,#2177,.T.);
#2175 = VERTEX_POINT('',#2176);
#2176 = CARTESIAN_POINT('',(110.87,-95.5825,0.));
#2177 = LINE('',#2178,#2179);
#2178 = CARTESIAN_POINT('',(110.87,-95.5825,0.));
#2179 = VECTOR('',#2180,1.);
#2180 = DIRECTION('',(0.,0.,1.));
#2181 = ORIENTED_EDGE('',*,*,#2182,.F.);
#2182 = EDGE_CURVE('',#2157,#2175,#2183,.T.);
#2183 = LINE('',#2184,#2185);
#2184 = CARTESIAN_POINT('',(96.87,-95.5825,0.));
#2185 = VECTOR('',#2186,1.);
#2186 = DIRECTION('',(1.,0.,0.));
#2187 = PLANE('',#2188);
#2188 = AXIS2_PLACEMENT_3D('',#2189,#2190,#2191);
#2189 = CARTESIAN_POINT('',(96.87,-95.5825,0.));
#2190 = DIRECTION('',(0.,1.,0.));
#2191 = DIRECTION('',(1.,0.,0.));
#2192 = ADVANCED_FACE('',(#2193),#2218,.T.);
#2193 = FACE_BOUND('',#2194,.T.);
#2194 = EDGE_LOOP('',(#2195,#2196,#2204,#2212));
#2195 = ORIENTED_EDGE('',*,*,#2174,.T.);
#2196 = ORIENTED_EDGE('',*,*,#2197,.T.);
#2197 = EDGE_CURVE('',#2167,#2198,#2200,.T.);
#2198 = VERTEX_POINT('',#2199);
#2199 = CARTESIAN_POINT('',(110.87,-81.5825,1.51));
#2200 = LINE('',#2201,#2202);
#2201 = CARTESIAN_POINT('',(110.87,-95.5825,1.51));
#2202 = VECTOR('',#2203,1.);
#2203 = DIRECTION('',(0.,1.,0.));
#2204 = ORIENTED_EDGE('',*,*,#2205,.F.);
#2205 = EDGE_CURVE('',#2206,#2198,#2208,.T.);
#2206 = VERTEX_POINT('',#2207);
#2207 = CARTESIAN_POINT('',(110.87,-81.5825,0.));
#2208 = LINE('',#2209,#2210);
#2209 = CARTESIAN_POINT('',(110.87,-81.5825,0.));
#2210 = VECTOR('',#2211,1.);
#2211 = DIRECTION('',(0.,0.,1.));
#2212 = ORIENTED_EDGE('',*,*,#2213,.F.);
#2213 = EDGE_CURVE('',#2175,#2206,#2214,.T.);
#2214 = LINE('',#2215,#2216);
#2215 = CARTESIAN_POINT('',(110.87,-95.5825,0.));
#2216 = VECTOR('',#2217,1.);
#2217 = DIRECTION('',(0.,1.,0.));
#2218 = PLANE('',#2219);
#2219 = AXIS2_PLACEMENT_3D('',#2220,#2221,#2222);
#2220 = CARTESIAN_POINT('',(110.87,-95.5825,0.));
#2221 = DIRECTION('',(-1.,0.,0.));
#2222 = DIRECTION('',(0.,1.,0.));
#2223 = ADVANCED_FACE('',(#2224),#2249,.T.);
#2224 = FACE_BOUND('',#2225,.T.);
#2225 = EDGE_LOOP('',(#2226,#2227,#2235,#2243));
#2226 = ORIENTED_EDGE('',*,*,#2205,.T.);
#2227 = ORIENTED_EDGE('',*,*,#2228,.T.);
#2228 = EDGE_CURVE('',#2198,#2229,#2231,.T.);
#2229 = VERTEX_POINT('',#2230);
#2230 = CARTESIAN_POINT('',(96.87,-81.5825,1.51));
#2231 = LINE('',#2232,#2233);
#2232 = CARTESIAN_POINT('',(110.87,-81.5825,1.51));
#2233 = VECTOR('',#2234,1.);
#2234 = DIRECTION('',(-1.,0.,0.));
#2235 = ORIENTED_EDGE('',*,*,#2236,.F.);
#2236 = EDGE_CURVE('',#2237,#2229,#2239,.T.);
#2237 = VERTEX_POINT('',#2238);
#2238 = CARTESIAN_POINT('',(96.87,-81.5825,0.));
#2239 = LINE('',#2240,#2241);
#2240 = CARTESIAN_POINT('',(96.87,-81.5825,0.));
#2241 = VECTOR('',#2242,1.);
#2242 = DIRECTION('',(0.,0.,1.));
#2243 = ORIENTED_EDGE('',*,*,#2244,.F.);
#2244 = EDGE_CURVE('',#2206,#2237,#2245,.T.);
#2245 = LINE('',#2246,#2247);
#2246 = CARTESIAN_POINT('',(110.87,-81.5825,0.));
#2247 = VECTOR('',#2248,1.);
#2248 = DIRECTION('',(-1.,0.,0.));
#2249 = PLANE('',#2250);
#2250 = AXIS2_PLACEMENT_3D('',#2251,#2252,#2253);
#2251 = CARTESIAN_POINT('',(110.87,-81.5825,0.));
#2252 = DIRECTION('',(0.,-1.,0.));
#2253 = DIRECTION('',(-1.,0.,0.));
#2254 = ADVANCED_FACE('',(#2255),#2271,.T.);
#2255 = FACE_BOUND('',#2256,.T.);
#2256 = EDGE_LOOP('',(#2257,#2258,#2264,#2265));
#2257 = ORIENTED_EDGE('',*,*,#2236,.T.);
#2258 = ORIENTED_EDGE('',*,*,#2259,.T.);
#2259 = EDGE_CURVE('',#2229,#2159,#2260,.T.);
#2260 = LINE('',#2261,#2262);
#2261 = CARTESIAN_POINT('',(96.87,-81.5825,1.51));
#2262 = VECTOR('',#2263,1.);
#2263 = DIRECTION('',(0.,-1.,0.));
#2264 = ORIENTED_EDGE('',*,*,#2156,.F.);
#2265 = ORIENTED_EDGE('',*,*,#2266,.F.);
#2266 = EDGE_CURVE('',#2237,#2157,#2267,.T.);
#2267 = LINE('',#2268,#2269);
#2268 = CARTESIAN_POINT('',(96.87,-81.5825,0.));
#2269 = VECTOR('',#2270,1.);
#2270 = DIRECTION('',(0.,-1.,0.));
#2271 = PLANE('',#2272);
#2272 = AXIS2_PLACEMENT_3D('',#2273,#2274,#2275);
#2273 = CARTESIAN_POINT('',(96.87,-81.5825,0.));
#2274 = DIRECTION('',(1.,0.,-0.));
#2275 = DIRECTION('',(0.,-1.,0.));
#2276 = ADVANCED_FACE('',(#2277),#2311,.T.);
#2277 = FACE_BOUND('',#2278,.T.);
#2278 = EDGE_LOOP('',(#2279,#2289,#2297,#2305));
#2279 = ORIENTED_EDGE('',*,*,#2280,.T.);
#2280 = EDGE_CURVE('',#2281,#2283,#2285,.T.);
#2281 = VERTEX_POINT('',#2282);
#2282 = CARTESIAN_POINT('',(134.97,-94.63,0.));
#2283 = VERTEX_POINT('',#2284);
#2284 = CARTESIAN_POINT('',(134.97,-94.63,1.51));
#2285 = LINE('',#2286,#2287);
#2286 = CARTESIAN_POINT('',(134.97,-94.63,0.));
#2287 = VECTOR('',#2288,1.);
#2288 = DIRECTION('',(0.,0.,1.));
#2289 = ORIENTED_EDGE('',*,*,#2290,.T.);
#2290 = EDGE_CURVE('',#2283,#2291,#2293,.T.);
#2291 = VERTEX_POINT('',#2292);
#2292 = CARTESIAN_POINT('',(148.97,-94.63,1.51));
#2293 = LINE('',#2294,#2295);
#2294 = CARTESIAN_POINT('',(134.97,-94.63,1.51));
#2295 = VECTOR('',#2296,1.);
#2296 = DIRECTION('',(1.,0.,0.));
#2297 = ORIENTED_EDGE('',*,*,#2298,.F.);
#2298 = EDGE_CURVE('',#2299,#2291,#2301,.T.);
#2299 = VERTEX_POINT('',#2300);
#2300 = CARTESIAN_POINT('',(148.97,-94.63,0.));
#2301 = LINE('',#2302,#2303);
#2302 = CARTESIAN_POINT('',(148.97,-94.63,0.));
#2303 = VECTOR('',#2304,1.);
#2304 = DIRECTION('',(0.,0.,1.));
#2305 = ORIENTED_EDGE('',*,*,#2306,.F.);
#2306 = EDGE_CURVE('',#2281,#2299,#2307,.T.);
#2307 = LINE('',#2308,#2309);
#2308 = CARTESIAN_POINT('',(134.97,-94.63,0.));
#2309 = VECTOR('',#2310,1.);
#2310 = DIRECTION('',(1.,0.,0.));
#2311 = PLANE('',#2312);
#2312 = AXIS2_PLACEMENT_3D('',#2313,#2314,#2315);
#2313 = CARTESIAN_POINT('',(134.97,-94.63,0.));
#2314 = DIRECTION('',(0.,1.,0.));
#2315 = DIRECTION('',(1.,0.,0.));
#2316 = ADVANCED_FACE('',(#2317),#2342,.T.);
#2317 = FACE_BOUND('',#2318,.T.);
#2318 = EDGE_LOOP('',(#2319,#2320,#2328,#2336));
#2319 = ORIENTED_EDGE('',*,*,#2298,.T.);
#2320 = ORIENTED_EDGE('',*,*,#2321,.T.);
#2321 = EDGE_CURVE('',#2291,#2322,#2324,.T.);
#2322 = VERTEX_POINT('',#2323);
#2323 = CARTESIAN_POINT('',(148.97,-80.63,1.51));
#2324 = LINE('',#2325,#2326);
#2325 = CARTESIAN_POINT('',(148.97,-94.63,1.51));
#2326 = VECTOR('',#2327,1.);
#2327 = DIRECTION('',(0.,1.,0.));
#2328 = ORIENTED_EDGE('',*,*,#2329,.F.);
#2329 = EDGE_CURVE('',#2330,#2322,#2332,.T.);
#2330 = VERTEX_POINT('',#2331);
#2331 = CARTESIAN_POINT('',(148.97,-80.63,0.));
#2332 = LINE('',#2333,#2334);
#2333 = CARTESIAN_POINT('',(148.97,-80.63,0.));
#2334 = VECTOR('',#2335,1.);
#2335 = DIRECTION('',(0.,0.,1.));
#2336 = ORIENTED_EDGE('',*,*,#2337,.F.);
#2337 = EDGE_CURVE('',#2299,#2330,#2338,.T.);
#2338 = LINE('',#2339,#2340);
#2339 = CARTESIAN_POINT('',(148.97,-94.63,0.));
#2340 = VECTOR('',#2341,1.);
#2341 = DIRECTION('',(0.,1.,0.));
#2342 = PLANE('',#2343);
#2343 = AXIS2_PLACEMENT_3D('',#2344,#2345,#2346);
#2344 = CARTESIAN_POINT('',(148.97,-94.63,0.));
#2345 = DIRECTION('',(-1.,0.,0.));
#2346 = DIRECTION('',(0.,1.,0.));
#2347 = ADVANCED_FACE('',(#2348),#2373,.T.);
#2348 = FACE_BOUND('',#2349,.T.);
#2349 = EDGE_LOOP('',(#2350,#2351,#2359,#2367));
#2350 = ORIENTED_EDGE('',*,*,#2329,.T.);
#2351 = ORIENTED_EDGE('',*,*,#2352,.T.);
#2352 = EDGE_CURVE('',#2322,#2353,#2355,.T.);
#2353 = VERTEX_POINT('',#2354);
#2354 = CARTESIAN_POINT('',(134.97,-80.63,1.51));
#2355 = LINE('',#2356,#2357);
#2356 = CARTESIAN_POINT('',(148.97,-80.63,1.51));
#2357 = VECTOR('',#2358,1.);
#2358 = DIRECTION('',(-1.,0.,0.));
#2359 = ORIENTED_EDGE('',*,*,#2360,.F.);
#2360 = EDGE_CURVE('',#2361,#2353,#2363,.T.);
#2361 = VERTEX_POINT('',#2362);
#2362 = CARTESIAN_POINT('',(134.97,-80.63,0.));
#2363 = LINE('',#2364,#2365);
#2364 = CARTESIAN_POINT('',(134.97,-80.63,0.));
#2365 = VECTOR('',#2366,1.);
#2366 = DIRECTION('',(0.,0.,1.));
#2367 = ORIENTED_EDGE('',*,*,#2368,.F.);
#2368 = EDGE_CURVE('',#2330,#2361,#2369,.T.);
#2369 = LINE('',#2370,#2371);
#2370 = CARTESIAN_POINT('',(148.97,-80.63,0.));
#2371 = VECTOR('',#2372,1.);
#2372 = DIRECTION('',(-1.,0.,0.));
#2373 = PLANE('',#2374);
#2374 = AXIS2_PLACEMENT_3D('',#2375,#2376,#2377);
#2375 = CARTESIAN_POINT('',(148.97,-80.63,0.));
#2376 = DIRECTION('',(0.,-1.,0.));
#2377 = DIRECTION('',(-1.,0.,0.));
#2378 = ADVANCED_FACE('',(#2379),#2395,.T.);
#2379 = FACE_BOUND('',#2380,.T.);
#2380 = EDGE_LOOP('',(#2381,#2382,#2388,#2389));
#2381 = ORIENTED_EDGE('',*,*,#2360,.T.);
#2382 = ORIENTED_EDGE('',*,*,#2383,.T.);
#2383 = EDGE_CURVE('',#2353,#2283,#2384,.T.);
#2384 = LINE('',#2385,#2386);
#2385 = CARTESIAN_POINT('',(134.97,-80.63,1.51));
#2386 = VECTOR('',#2387,1.);
#2387 = DIRECTION('',(0.,-1.,0.));
#2388 = ORIENTED_EDGE('',*,*,#2280,.F.);
#2389 = ORIENTED_EDGE('',*,*,#2390,.F.);
#2390 = EDGE_CURVE('',#2361,#2281,#2391,.T.);
#2391 = LINE('',#2392,#2393);
#2392 = CARTESIAN_POINT('',(134.97,-80.63,0.));
#2393 = VECTOR('',#2394,1.);
#2394 = DIRECTION('',(0.,-1.,0.));
#2395 = PLANE('',#2396);
#2396 = AXIS2_PLACEMENT_3D('',#2397,#2398,#2399);
#2397 = CARTESIAN_POINT('',(134.97,-80.63,0.));
#2398 = DIRECTION('',(1.,0.,-0.));
#2399 = DIRECTION('',(0.,-1.,0.));
#2400 = ADVANCED_FACE('',(#2401),#2435,.T.);
#2401 = FACE_BOUND('',#2402,.T.);
#2402 = EDGE_LOOP('',(#2403,#2413,#2421,#2429));
#2403 = ORIENTED_EDGE('',*,*,#2404,.T.);
#2404 = EDGE_CURVE('',#2405,#2407,#2409,.T.);
#2405 = VERTEX_POINT('',#2406);
#2406 = CARTESIAN_POINT('',(115.92,-92.725,0.));
#2407 = VERTEX_POINT('',#2408);
#2408 = CARTESIAN_POINT('',(115.92,-92.725,1.51));
#2409 = LINE('',#2410,#2411);
#2410 = CARTESIAN_POINT('',(115.92,-92.725,0.));
#2411 = VECTOR('',#2412,1.);
#2412 = DIRECTION('',(0.,0.,1.));
#2413 = ORIENTED_EDGE('',*,*,#2414,.T.);
#2414 = EDGE_CURVE('',#2407,#2415,#2417,.T.);
#2415 = VERTEX_POINT('',#2416);
#2416 = CARTESIAN_POINT('',(129.92,-92.725,1.51));
#2417 = LINE('',#2418,#2419);
#2418 = CARTESIAN_POINT('',(115.92,-92.725,1.51));
#2419 = VECTOR('',#2420,1.);
#2420 = DIRECTION('',(1.,0.,0.));
#2421 = ORIENTED_EDGE('',*,*,#2422,.F.);
#2422 = EDGE_CURVE('',#2423,#2415,#2425,.T.);
#2423 = VERTEX_POINT('',#2424);
#2424 = CARTESIAN_POINT('',(129.92,-92.725,0.));
#2425 = LINE('',#2426,#2427);
#2426 = CARTESIAN_POINT('',(129.92,-92.725,0.));
#2427 = VECTOR('',#2428,1.);
#2428 = DIRECTION('',(0.,0.,1.));
#2429 = ORIENTED_EDGE('',*,*,#2430,.F.);
#2430 = EDGE_CURVE('',#2405,#2423,#2431,.T.);
#2431 = LINE('',#2432,#2433);
#2432 = CARTESIAN_POINT('',(115.92,-92.725,0.));
#2433 = VECTOR('',#2434,1.);
#2434 = DIRECTION('',(1.,0.,0.));
#2435 = PLANE('',#2436);
#2436 = AXIS2_PLACEMENT_3D('',#2437,#2438,#2439);
#2437 = CARTESIAN_POINT('',(115.92,-92.725,0.));
#2438 = DIRECTION('',(0.,1.,0.));
#2439 = DIRECTION('',(1.,0.,0.));
#2440 = ADVANCED_FACE('',(#2441),#2466,.T.);
#2441 = FACE_BOUND('',#2442,.T.);
#2442 = EDGE_LOOP('',(#2443,#2444,#2452,#2460));
#2443 = ORIENTED_EDGE('',*,*,#2422,.T.);
#2444 = ORIENTED_EDGE('',*,*,#2445,.T.);
#2445 = EDGE_CURVE('',#2415,#2446,#2448,.T.);
#2446 = VERTEX_POINT('',#2447);
#2447 = CARTESIAN_POINT('',(129.92,-78.725,1.51));
#2448 = LINE('',#2449,#2450);
#2449 = CARTESIAN_POINT('',(129.92,-92.725,1.51));
#2450 = VECTOR('',#2451,1.);
#2451 = DIRECTION('',(0.,1.,0.));
#2452 = ORIENTED_EDGE('',*,*,#2453,.F.);
#2453 = EDGE_CURVE('',#2454,#2446,#2456,.T.);
#2454 = VERTEX_POINT('',#2455);
#2455 = CARTESIAN_POINT('',(129.92,-78.725,0.));
#2456 = LINE('',#2457,#2458);
#2457 = CARTESIAN_POINT('',(129.92,-78.725,0.));
#2458 = VECTOR('',#2459,1.);
#2459 = DIRECTION('',(0.,0.,1.));
#2460 = ORIENTED_EDGE('',*,*,#2461,.F.);
#2461 = EDGE_CURVE('',#2423,#2454,#2462,.T.);
#2462 = LINE('',#2463,#2464);
#2463 = CARTESIAN_POINT('',(129.92,-92.725,0.));
#2464 = VECTOR('',#2465,1.);
#2465 = DIRECTION('',(0.,1.,0.));
#2466 = PLANE('',#2467);
#2467 = AXIS2_PLACEMENT_3D('',#2468,#2469,#2470);
#2468 = CARTESIAN_POINT('',(129.92,-92.725,0.));
#2469 = DIRECTION('',(-1.,0.,0.));
#2470 = DIRECTION('',(0.,1.,0.));
#2471 = ADVANCED_FACE('',(#2472),#2497,.T.);
#2472 = FACE_BOUND('',#2473,.T.);
#2473 = EDGE_LOOP('',(#2474,#2475,#2483,#2491));
#2474 = ORIENTED_EDGE('',*,*,#2453,.T.);
#2475 = ORIENTED_EDGE('',*,*,#2476,.T.);
#2476 = EDGE_CURVE('',#2446,#2477,#2479,.T.);
#2477 = VERTEX_POINT('',#2478);
#2478 = CARTESIAN_POINT('',(115.92,-78.725,1.51));
#2479 = LINE('',#2480,#2481);
#2480 = CARTESIAN_POINT('',(129.92,-78.725,1.51));
#2481 = VECTOR('',#2482,1.);
#2482 = DIRECTION('',(-1.,0.,0.));
#2483 = ORIENTED_EDGE('',*,*,#2484,.F.);
#2484 = EDGE_CURVE('',#2485,#2477,#2487,.T.);
#2485 = VERTEX_POINT('',#2486);
#2486 = CARTESIAN_POINT('',(115.92,-78.725,0.));
#2487 = LINE('',#2488,#2489);
#2488 = CARTESIAN_POINT('',(115.92,-78.725,0.));
#2489 = VECTOR('',#2490,1.);
#2490 = DIRECTION('',(0.,0.,1.));
#2491 = ORIENTED_EDGE('',*,*,#2492,.F.);
#2492 = EDGE_CURVE('',#2454,#2485,#2493,.T.);
#2493 = LINE('',#2494,#2495);
#2494 = CARTESIAN_POINT('',(129.92,-78.725,0.));
#2495 = VECTOR('',#2496,1.);
#2496 = DIRECTION('',(-1.,0.,0.));
#2497 = PLANE('',#2498);
#2498 = AXIS2_PLACEMENT_3D('',#2499,#2500,#2501);
#2499 = CARTESIAN_POINT('',(129.92,-78.725,0.));
#2500 = DIRECTION('',(0.,-1.,0.));
#2501 = DIRECTION('',(-1.,0.,0.));
#2502 = ADVANCED_FACE('',(#2503),#2519,.T.);
#2503 = FACE_BOUND('',#2504,.T.);
#2504 = EDGE_LOOP('',(#2505,#2506,#2512,#2513));
#2505 = ORIENTED_EDGE('',*,*,#2484,.T.);
#2506 = ORIENTED_EDGE('',*,*,#2507,.T.);
#2507 = EDGE_CURVE('',#2477,#2407,#2508,.T.);
#2508 = LINE('',#2509,#2510);
#2509 = CARTESIAN_POINT('',(115.92,-78.725,1.51));
#2510 = VECTOR('',#2511,1.);
#2511 = DIRECTION('',(0.,-1.,0.));
#2512 = ORIENTED_EDGE('',*,*,#2404,.F.);
#2513 = ORIENTED_EDGE('',*,*,#2514,.F.);
#2514 = EDGE_CURVE('',#2485,#2405,#2515,.T.);
#2515 = LINE('',#2516,#2517);
#2516 = CARTESIAN_POINT('',(115.92,-78.725,0.));
#2517 = VECTOR('',#2518,1.);
#2518 = DIRECTION('',(0.,-1.,0.));
#2519 = PLANE('',#2520);
#2520 = AXIS2_PLACEMENT_3D('',#2521,#2522,#2523);
#2521 = CARTESIAN_POINT('',(115.92,-78.725,0.));
#2522 = DIRECTION('',(1.,0.,-0.));
#2523 = DIRECTION('',(0.,-1.,0.));
#2524 = ADVANCED_FACE('',(#2525),#2559,.T.);
#2525 = FACE_BOUND('',#2526,.T.);
#2526 = EDGE_LOOP('',(#2527,#2537,#2545,#2553));
#2527 = ORIENTED_EDGE('',*,*,#2528,.T.);
#2528 = EDGE_CURVE('',#2529,#2531,#2533,.T.);
#2529 = VERTEX_POINT('',#2530);
#2530 = CARTESIAN_POINT('',(154.02,-83.2,0.));
#2531 = VERTEX_POINT('',#2532);
#2532 = CARTESIAN_POINT('',(154.02,-83.2,1.51));
#2533 = LINE('',#2534,#2535);
#2534 = CARTESIAN_POINT('',(154.02,-83.2,0.));
#2535 = VECTOR('',#2536,1.);
#2536 = DIRECTION('',(0.,0.,1.));
#2537 = ORIENTED_EDGE('',*,*,#2538,.T.);
#2538 = EDGE_CURVE('',#2531,#2539,#2541,.T.);
#2539 = VERTEX_POINT('',#2540);
#2540 = CARTESIAN_POINT('',(168.02,-83.2,1.51));
#2541 = LINE('',#2542,#2543);
#2542 = CARTESIAN_POINT('',(154.02,-83.2,1.51));
#2543 = VECTOR('',#2544,1.);
#2544 = DIRECTION('',(1.,0.,0.));
#2545 = ORIENTED_EDGE('',*,*,#2546,.F.);
#2546 = EDGE_CURVE('',#2547,#2539,#2549,.T.);
#2547 = VERTEX_POINT('',#2548);
#2548 = CARTESIAN_POINT('',(168.02,-83.2,0.));
#2549 = LINE('',#2550,#2551);
#2550 = CARTESIAN_POINT('',(168.02,-83.2,0.));
#2551 = VECTOR('',#2552,1.);
#2552 = DIRECTION('',(0.,0.,1.));
#2553 = ORIENTED_EDGE('',*,*,#2554,.F.);
#2554 = EDGE_CURVE('',#2529,#2547,#2555,.T.);
#2555 = LINE('',#2556,#2557);
#2556 = CARTESIAN_POINT('',(154.02,-83.2,0.));
#2557 = VECTOR('',#2558,1.);
#2558 = DIRECTION('',(1.,0.,0.));
#2559 = PLANE('',#2560);
#2560 = AXIS2_PLACEMENT_3D('',#2561,#2562,#2563);
#2561 = CARTESIAN_POINT('',(154.02,-83.2,0.));
#2562 = DIRECTION('',(0.,1.,0.));
#2563 = DIRECTION('',(1.,0.,0.));
#2564 = ADVANCED_FACE('',(#2565),#2590,.T.);
#2565 = FACE_BOUND('',#2566,.T.);
#2566 = EDGE_LOOP('',(#2567,#2568,#2576,#2584));
#2567 = ORIENTED_EDGE('',*,*,#2546,.T.);
#2568 = ORIENTED_EDGE('',*,*,#2569,.T.);
#2569 = EDGE_CURVE('',#2539,#2570,#2572,.T.);
#2570 = VERTEX_POINT('',#2571);
#2571 = CARTESIAN_POINT('',(168.02,-69.2,1.51));
#2572 = LINE('',#2573,#2574);
#2573 = CARTESIAN_POINT('',(168.02,-83.2,1.51));
#2574 = VECTOR('',#2575,1.);
#2575 = DIRECTION('',(0.,1.,0.));
#2576 = ORIENTED_EDGE('',*,*,#2577,.F.);
#2577 = EDGE_CURVE('',#2578,#2570,#2580,.T.);
#2578 = VERTEX_POINT('',#2579);
#2579 = CARTESIAN_POINT('',(168.02,-69.2,0.));
#2580 = LINE('',#2581,#2582);
#2581 = CARTESIAN_POINT('',(168.02,-69.2,0.));
#2582 = VECTOR('',#2583,1.);
#2583 = DIRECTION('',(0.,0.,1.));
#2584 = ORIENTED_EDGE('',*,*,#2585,.F.);
#2585 = EDGE_CURVE('',#2547,#2578,#2586,.T.);
#2586 = LINE('',#2587,#2588);
#2587 = CARTESIAN_POINT('',(168.02,-83.2,0.));
#2588 = VECTOR('',#2589,1.);
#2589 = DIRECTION('',(0.,1.,0.));
#2590 = PLANE('',#2591);
#2591 = AXIS2_PLACEMENT_3D('',#2592,#2593,#2594);
#2592 = CARTESIAN_POINT('',(168.02,-83.2,0.));
#2593 = DIRECTION('',(-1.,0.,0.));
#2594 = DIRECTION('',(0.,1.,0.));
#2595 = ADVANCED_FACE('',(#2596),#2621,.T.);
#2596 = FACE_BOUND('',#2597,.T.);
#2597 = EDGE_LOOP('',(#2598,#2599,#2607,#2615));
#2598 = ORIENTED_EDGE('',*,*,#2577,.T.);
#2599 = ORIENTED_EDGE('',*,*,#2600,.T.);
#2600 = EDGE_CURVE('',#2570,#2601,#2603,.T.);
#2601 = VERTEX_POINT('',#2602);
#2602 = CARTESIAN_POINT('',(154.02,-69.2,1.51));
#2603 = LINE('',#2604,#2605);
#2604 = CARTESIAN_POINT('',(168.02,-69.2,1.51));
#2605 = VECTOR('',#2606,1.);
#2606 = DIRECTION('',(-1.,0.,0.));
#2607 = ORIENTED_EDGE('',*,*,#2608,.F.);
#2608 = EDGE_CURVE('',#2609,#2601,#2611,.T.);
#2609 = VERTEX_POINT('',#2610);
#2610 = CARTESIAN_POINT('',(154.02,-69.2,0.));
#2611 = LINE('',#2612,#2613);
#2612 = CARTESIAN_POINT('',(154.02,-69.2,0.));
#2613 = VECTOR('',#2614,1.);
#2614 = DIRECTION('',(0.,0.,1.));
#2615 = ORIENTED_EDGE('',*,*,#2616,.F.);
#2616 = EDGE_CURVE('',#2578,#2609,#2617,.T.);
#2617 = LINE('',#2618,#2619);
#2618 = CARTESIAN_POINT('',(168.02,-69.2,0.));
#2619 = VECTOR('',#2620,1.);
#2620 = DIRECTION('',(-1.,0.,0.));
#2621 = PLANE('',#2622);
#2622 = AXIS2_PLACEMENT_3D('',#2623,#2624,#2625);
#2623 = CARTESIAN_POINT('',(168.02,-69.2,0.));
#2624 = DIRECTION('',(0.,-1.,0.));
#2625 = DIRECTION('',(-1.,0.,0.));
#2626 = ADVANCED_FACE('',(#2627),#2643,.T.);
#2627 = FACE_BOUND('',#2628,.T.);
#2628 = EDGE_LOOP('',(#2629,#2630,#2636,#2637));
#2629 = ORIENTED_EDGE('',*,*,#2608,.T.);
#2630 = ORIENTED_EDGE('',*,*,#2631,.T.);
#2631 = EDGE_CURVE('',#2601,#2531,#2632,.T.);
#2632 = LINE('',#2633,#2634);
#2633 = CARTESIAN_POINT('',(154.02,-69.2,1.51));
#2634 = VECTOR('',#2635,1.);
#2635 = DIRECTION('',(0.,-1.,0.));
#2636 = ORIENTED_EDGE('',*,*,#2528,.F.);
#2637 = ORIENTED_EDGE('',*,*,#2638,.F.);
#2638 = EDGE_CURVE('',#2609,#2529,#2639,.T.);
#2639 = LINE('',#2640,#2641);
#2640 = CARTESIAN_POINT('',(154.02,-69.2,0.));
#2641 = VECTOR('',#2642,1.);
#2642 = DIRECTION('',(0.,-1.,0.));
#2643 = PLANE('',#2644);
#2644 = AXIS2_PLACEMENT_3D('',#2645,#2646,#2647);
#2645 = CARTESIAN_POINT('',(154.02,-69.2,0.));
#2646 = DIRECTION('',(1.,0.,-0.));
#2647 = DIRECTION('',(0.,-1.,0.));
#2648 = ADVANCED_FACE('',(#2649),#2683,.T.);
#2649 = FACE_BOUND('',#2650,.T.);
#2650 = EDGE_LOOP('',(#2651,#2661,#2669,#2677));
#2651 = ORIENTED_EDGE('',*,*,#2652,.T.);
#2652 = EDGE_CURVE('',#2653,#2655,#2657,.T.);
#2653 = VERTEX_POINT('',#2654);
#2654 = CARTESIAN_POINT('',(173.07,-83.2,0.));
#2655 = VERTEX_POINT('',#2656);
#2656 = CARTESIAN_POINT('',(173.07,-83.2,1.51));
#2657 = LINE('',#2658,#2659);
#2658 = CARTESIAN_POINT('',(173.07,-83.2,0.));
#2659 = VECTOR('',#2660,1.);
#2660 = DIRECTION('',(0.,0.,1.));
#2661 = ORIENTED_EDGE('',*,*,#2662,.T.);
#2662 = EDGE_CURVE('',#2655,#2663,#2665,.T.);
#2663 = VERTEX_POINT('',#2664);
#2664 = CARTESIAN_POINT('',(187.07,-83.2,1.51));
#2665 = LINE('',#2666,#2667);
#2666 = CARTESIAN_POINT('',(173.07,-83.2,1.51));
#2667 = VECTOR('',#2668,1.);
#2668 = DIRECTION('',(1.,0.,0.));
#2669 = ORIENTED_EDGE('',*,*,#2670,.F.);
#2670 = EDGE_CURVE('',#2671,#2663,#2673,.T.);
#2671 = VERTEX_POINT('',#2672);
#2672 = CARTESIAN_POINT('',(187.07,-83.2,0.));
#2673 = LINE('',#2674,#2675);
#2674 = CARTESIAN_POINT('',(187.07,-83.2,0.));
#2675 = VECTOR('',#2676,1.);
#2676 = DIRECTION('',(0.,0.,1.));
#2677 = ORIENTED_EDGE('',*,*,#2678,.F.);
#2678 = EDGE_CURVE('',#2653,#2671,#2679,.T.);
#2679 = LINE('',#2680,#2681);
#2680 = CARTESIAN_POINT('',(173.07,-83.2,0.));
#2681 = VECTOR('',#2682,1.);
#2682 = DIRECTION('',(1.,0.,0.));
#2683 = PLANE('',#2684);
#2684 = AXIS2_PLACEMENT_3D('',#2685,#2686,#2687);
#2685 = CARTESIAN_POINT('',(173.07,-83.2,0.));
#2686 = DIRECTION('',(0.,1.,0.));
#2687 = DIRECTION('',(1.,0.,0.));
#2688 = ADVANCED_FACE('',(#2689),#2714,.T.);
#2689 = FACE_BOUND('',#2690,.T.);
#2690 = EDGE_LOOP('',(#2691,#2692,#2700,#2708));
#2691 = ORIENTED_EDGE('',*,*,#2670,.T.);
#2692 = ORIENTED_EDGE('',*,*,#2693,.T.);
#2693 = EDGE_CURVE('',#2663,#2694,#2696,.T.);
#2694 = VERTEX_POINT('',#2695);
#2695 = CARTESIAN_POINT('',(187.07,-69.2,1.51));
#2696 = LINE('',#2697,#2698);
#2697 = CARTESIAN_POINT('',(187.07,-83.2,1.51));
#2698 = VECTOR('',#2699,1.);
#2699 = DIRECTION('',(0.,1.,0.));
#2700 = ORIENTED_EDGE('',*,*,#2701,.F.);
#2701 = EDGE_CURVE('',#2702,#2694,#2704,.T.);
#2702 = VERTEX_POINT('',#2703);
#2703 = CARTESIAN_POINT('',(187.07,-69.2,0.));
#2704 = LINE('',#2705,#2706);
#2705 = CARTESIAN_POINT('',(187.07,-69.2,0.));
#2706 = VECTOR('',#2707,1.);
#2707 = DIRECTION('',(0.,0.,1.));
#2708 = ORIENTED_EDGE('',*,*,#2709,.F.);
#2709 = EDGE_CURVE('',#2671,#2702,#2710,.T.);
#2710 = LINE('',#2711,#2712);
#2711 = CARTESIAN_POINT('',(187.07,-83.2,0.));
#2712 = VECTOR('',#2713,1.);
#2713 = DIRECTION('',(0.,1.,0.));
#2714 = PLANE('',#2715);
#2715 = AXIS2_PLACEMENT_3D('',#2716,#2717,#2718);
#2716 = CARTESIAN_POINT('',(187.07,-83.2,0.));
#2717 = DIRECTION('',(-1.,0.,0.));
#2718 = DIRECTION('',(0.,1.,0.));
#2719 = ADVANCED_FACE('',(#2720),#2745,.T.);
#2720 = FACE_BOUND('',#2721,.T.);
#2721 = EDGE_LOOP('',(#2722,#2723,#2731,#2739));
#2722 = ORIENTED_EDGE('',*,*,#2701,.T.);
#2723 = ORIENTED_EDGE('',*,*,#2724,.T.);
#2724 = EDGE_CURVE('',#2694,#2725,#2727,.T.);
#2725 = VERTEX_POINT('',#2726);
#2726 = CARTESIAN_POINT('',(173.07,-69.2,1.51));
#2727 = LINE('',#2728,#2729);
#2728 = CARTESIAN_POINT('',(187.07,-69.2,1.51));
#2729 = VECTOR('',#2730,1.);
#2730 = DIRECTION('',(-1.,0.,0.));
#2731 = ORIENTED_EDGE('',*,*,#2732,.F.);
#2732 = EDGE_CURVE('',#2733,#2725,#2735,.T.);
#2733 = VERTEX_POINT('',#2734);
#2734 = CARTESIAN_POINT('',(173.07,-69.2,0.));
#2735 = LINE('',#2736,#2737);
#2736 = CARTESIAN_POINT('',(173.07,-69.2,0.));
#2737 = VECTOR('',#2738,1.);
#2738 = DIRECTION('',(0.,0.,1.));
#2739 = ORIENTED_EDGE('',*,*,#2740,.F.);
#2740 = EDGE_CURVE('',#2702,#2733,#2741,.T.);
#2741 = LINE('',#2742,#2743);
#2742 = CARTESIAN_POINT('',(187.07,-69.2,0.));
#2743 = VECTOR('',#2744,1.);
#2744 = DIRECTION('',(-1.,0.,0.));
#2745 = PLANE('',#2746);
#2746 = AXIS2_PLACEMENT_3D('',#2747,#2748,#2749);
#2747 = CARTESIAN_POINT('',(187.07,-69.2,0.));
#2748 = DIRECTION('',(0.,-1.,0.));
#2749 = DIRECTION('',(-1.,0.,0.));
#2750 = ADVANCED_FACE('',(#2751),#2767,.T.);
#2751 = FACE_BOUND('',#2752,.T.);
#2752 = EDGE_LOOP('',(#2753,#2754,#2760,#2761));
#2753 = ORIENTED_EDGE('',*,*,#2732,.T.);
#2754 = ORIENTED_EDGE('',*,*,#2755,.T.);
#2755 = EDGE_CURVE('',#2725,#2655,#2756,.T.);
#2756 = LINE('',#2757,#2758);
#2757 = CARTESIAN_POINT('',(173.07,-69.2,1.51));
#2758 = VECTOR('',#2759,1.);
#2759 = DIRECTION('',(0.,-1.,0.));
#2760 = ORIENTED_EDGE('',*,*,#2652,.F.);
#2761 = ORIENTED_EDGE('',*,*,#2762,.F.);
#2762 = EDGE_CURVE('',#2733,#2653,#2763,.T.);
#2763 = LINE('',#2764,#2765);
#2764 = CARTESIAN_POINT('',(173.07,-69.2,0.));
#2765 = VECTOR('',#2766,1.);
#2766 = DIRECTION('',(0.,-1.,0.));
#2767 = PLANE('',#2768);
#2768 = AXIS2_PLACEMENT_3D('',#2769,#2770,#2771);
#2769 = CARTESIAN_POINT('',(173.07,-69.2,0.));
#2770 = DIRECTION('',(1.,0.,-0.));
#2771 = DIRECTION('',(0.,-1.,0.));
#2772 = ADVANCED_FACE('',(#2773),#2807,.T.);
#2773 = FACE_BOUND('',#2774,.T.);
#2774 = EDGE_LOOP('',(#2775,#2785,#2793,#2801));
#2775 = ORIENTED_EDGE('',*,*,#2776,.T.);
#2776 = EDGE_CURVE('',#2777,#2779,#2781,.T.);
#2777 = VERTEX_POINT('',#2778);
#2778 = CARTESIAN_POINT('',(77.82,-80.3425,0.));
#2779 = VERTEX_POINT('',#2780);
#2780 = CARTESIAN_POINT('',(77.82,-80.3425,1.51));
#2781 = LINE('',#2782,#2783);
#2782 = CARTESIAN_POINT('',(77.82,-80.3425,0.));
#2783 = VECTOR('',#2784,1.);
#2784 = DIRECTION('',(0.,0.,1.));
#2785 = ORIENTED_EDGE('',*,*,#2786,.T.);
#2786 = EDGE_CURVE('',#2779,#2787,#2789,.T.);
#2787 = VERTEX_POINT('',#2788);
#2788 = CARTESIAN_POINT('',(91.82,-80.3425,1.51));
#2789 = LINE('',#2790,#2791);
#2790 = CARTESIAN_POINT('',(77.82,-80.3425,1.51));
#2791 = VECTOR('',#2792,1.);
#2792 = DIRECTION('',(1.,0.,0.));
#2793 = ORIENTED_EDGE('',*,*,#2794,.F.);
#2794 = EDGE_CURVE('',#2795,#2787,#2797,.T.);
#2795 = VERTEX_POINT('',#2796);
#2796 = CARTESIAN_POINT('',(91.82,-80.3425,0.));
#2797 = LINE('',#2798,#2799);
#2798 = CARTESIAN_POINT('',(91.82,-80.3425,0.));
#2799 = VECTOR('',#2800,1.);
#2800 = DIRECTION('',(0.,0.,1.));
#2801 = ORIENTED_EDGE('',*,*,#2802,.F.);
#2802 = EDGE_CURVE('',#2777,#2795,#2803,.T.);
#2803 = LINE('',#2804,#2805);
#2804 = CARTESIAN_POINT('',(77.82,-80.3425,0.));
#2805 = VECTOR('',#2806,1.);
#2806 = DIRECTION('',(1.,0.,0.));
#2807 = PLANE('',#2808);
#2808 = AXIS2_PLACEMENT_3D('',#2809,#2810,#2811);
#2809 = CARTESIAN_POINT('',(77.82,-80.3425,0.));
#2810 = DIRECTION('',(0.,1.,0.));
#2811 = DIRECTION('',(1.,0.,0.));
#2812 = ADVANCED_FACE('',(#2813),#2838,.T.);
#2813 = FACE_BOUND('',#2814,.T.);
#2814 = EDGE_LOOP('',(#2815,#2816,#2824,#2832));
#2815 = ORIENTED_EDGE('',*,*,#2794,.T.);
#2816 = ORIENTED_EDGE('',*,*,#2817,.T.);
#2817 = EDGE_CURVE('',#2787,#2818,#2820,.T.);
#2818 = VERTEX_POINT('',#2819);
#2819 = CARTESIAN_POINT('',(91.82,-66.3425,1.51));
#2820 = LINE('',#2821,#2822);
#2821 = CARTESIAN_POINT('',(91.82,-80.3425,1.51));
#2822 = VECTOR('',#2823,1.);
#2823 = DIRECTION('',(0.,1.,0.));
#2824 = ORIENTED_EDGE('',*,*,#2825,.F.);
#2825 = EDGE_CURVE('',#2826,#2818,#2828,.T.);
#2826 = VERTEX_POINT('',#2827);
#2827 = CARTESIAN_POINT('',(91.82,-66.3425,0.));
#2828 = LINE('',#2829,#2830);
#2829 = CARTESIAN_POINT('',(91.82,-66.3425,0.));
#2830 = VECTOR('',#2831,1.);
#2831 = DIRECTION('',(0.,0.,1.));
#2832 = ORIENTED_EDGE('',*,*,#2833,.F.);
#2833 = EDGE_CURVE('',#2795,#2826,#2834,.T.);
#2834 = LINE('',#2835,#2836);
#2835 = CARTESIAN_POINT('',(91.82,-80.3425,0.));
#2836 = VECTOR('',#2837,1.);
#2837 = DIRECTION('',(0.,1.,0.));
#2838 = PLANE('',#2839);
#2839 = AXIS2_PLACEMENT_3D('',#2840,#2841,#2842);
#2840 = CARTESIAN_POINT('',(91.82,-80.3425,0.));
#2841 = DIRECTION('',(-1.,0.,0.));
#2842 = DIRECTION('',(0.,1.,0.));
#2843 = ADVANCED_FACE('',(#2844),#2869,.T.);
#2844 = FACE_BOUND('',#2845,.T.);
#2845 = EDGE_LOOP('',(#2846,#2847,#2855,#2863));
#2846 = ORIENTED_EDGE('',*,*,#2825,.T.);
#2847 = ORIENTED_EDGE('',*,*,#2848,.T.);
#2848 = EDGE_CURVE('',#2818,#2849,#2851,.T.);
#2849 = VERTEX_POINT('',#2850);
#2850 = CARTESIAN_POINT('',(77.82,-66.3425,1.51));
#2851 = LINE('',#2852,#2853);
#2852 = CARTESIAN_POINT('',(91.82,-66.3425,1.51));
#2853 = VECTOR('',#2854,1.);
#2854 = DIRECTION('',(-1.,0.,0.));
#2855 = ORIENTED_EDGE('',*,*,#2856,.F.);
#2856 = EDGE_CURVE('',#2857,#2849,#2859,.T.);
#2857 = VERTEX_POINT('',#2858);
#2858 = CARTESIAN_POINT('',(77.82,-66.3425,0.));
#2859 = LINE('',#2860,#2861);
#2860 = CARTESIAN_POINT('',(77.82,-66.3425,0.));
#2861 = VECTOR('',#2862,1.);
#2862 = DIRECTION('',(0.,0.,1.));
#2863 = ORIENTED_EDGE('',*,*,#2864,.F.);
#2864 = EDGE_CURVE('',#2826,#2857,#2865,.T.);
#2865 = LINE('',#2866,#2867);
#2866 = CARTESIAN_POINT('',(91.82,-66.3425,0.));
#2867 = VECTOR('',#2868,1.);
#2868 = DIRECTION('',(-1.,0.,0.));
#2869 = PLANE('',#2870);
#2870 = AXIS2_PLACEMENT_3D('',#2871,#2872,#2873);
#2871 = CARTESIAN_POINT('',(91.82,-66.3425,0.));
#2872 = DIRECTION('',(0.,-1.,0.));
#2873 = DIRECTION('',(-1.,0.,0.));
#2874 = ADVANCED_FACE('',(#2875),#2891,.T.);
#2875 = FACE_BOUND('',#2876,.T.);
#2876 = EDGE_LOOP('',(#2877,#2878,#2884,#2885));
#2877 = ORIENTED_EDGE('',*,*,#2856,.T.);
#2878 = ORIENTED_EDGE('',*,*,#2879,.T.);
#2879 = EDGE_CURVE('',#2849,#2779,#2880,.T.);
#2880 = LINE('',#2881,#2882);
#2881 = CARTESIAN_POINT('',(77.82,-66.3425,1.51));
#2882 = VECTOR('',#2883,1.);
#2883 = DIRECTION('',(0.,-1.,0.));
#2884 = ORIENTED_EDGE('',*,*,#2776,.F.);
#2885 = ORIENTED_EDGE('',*,*,#2886,.F.);
#2886 = EDGE_CURVE('',#2857,#2777,#2887,.T.);
#2887 = LINE('',#2888,#2889);
#2888 = CARTESIAN_POINT('',(77.82,-66.3425,0.));
#2889 = VECTOR('',#2890,1.);
#2890 = DIRECTION('',(0.,-1.,0.));
#2891 = PLANE('',#2892);
#2892 = AXIS2_PLACEMENT_3D('',#2893,#2894,#2895);
#2893 = CARTESIAN_POINT('',(77.82,-66.3425,0.));
#2894 = DIRECTION('',(1.,0.,-0.));
#2895 = DIRECTION('',(0.,-1.,0.));
#2896 = ADVANCED_FACE('',(#2897),#2931,.T.);
#2897 = FACE_BOUND('',#2898,.T.);
#2898 = EDGE_LOOP('',(#2899,#2909,#2917,#2925));
#2899 = ORIENTED_EDGE('',*,*,#2900,.T.);
#2900 = EDGE_CURVE('',#2901,#2903,#2905,.T.);
#2901 = VERTEX_POINT('',#2902);
#2902 = CARTESIAN_POINT('',(58.77,-76.5325,0.));
#2903 = VERTEX_POINT('',#2904);
#2904 = CARTESIAN_POINT('',(58.77,-76.5325,1.51));
#2905 = LINE('',#2906,#2907);
#2906 = CARTESIAN_POINT('',(58.77,-76.5325,0.));
#2907 = VECTOR('',#2908,1.);
#2908 = DIRECTION('',(0.,0.,1.));
#2909 = ORIENTED_EDGE('',*,*,#2910,.T.);
#2910 = EDGE_CURVE('',#2903,#2911,#2913,.T.);
#2911 = VERTEX_POINT('',#2912);
#2912 = CARTESIAN_POINT('',(72.77,-76.5325,1.51));
#2913 = LINE('',#2914,#2915);
#2914 = CARTESIAN_POINT('',(58.77,-76.5325,1.51));
#2915 = VECTOR('',#2916,1.);
#2916 = DIRECTION('',(1.,0.,0.));
#2917 = ORIENTED_EDGE('',*,*,#2918,.F.);
#2918 = EDGE_CURVE('',#2919,#2911,#2921,.T.);
#2919 = VERTEX_POINT('',#2920);
#2920 = CARTESIAN_POINT('',(72.77,-76.5325,0.));
#2921 = LINE('',#2922,#2923);
#2922 = CARTESIAN_POINT('',(72.77,-76.5325,0.));
#2923 = VECTOR('',#2924,1.);
#2924 = DIRECTION('',(0.,0.,1.));
#2925 = ORIENTED_EDGE('',*,*,#2926,.F.);
#2926 = EDGE_CURVE('',#2901,#2919,#2927,.T.);
#2927 = LINE('',#2928,#2929);
#2928 = CARTESIAN_POINT('',(58.77,-76.5325,0.));
#2929 = VECTOR('',#2930,1.);
#2930 = DIRECTION('',(1.,0.,0.));
#2931 = PLANE('',#2932);
#2932 = AXIS2_PLACEMENT_3D('',#2933,#2934,#2935);
#2933 = CARTESIAN_POINT('',(58.77,-76.5325,0.));
#2934 = DIRECTION('',(0.,1.,0.));
#2935 = DIRECTION('',(1.,0.,0.));
#2936 = ADVANCED_FACE('',(#2937),#2962,.T.);
#2937 = FACE_BOUND('',#2938,.T.);
#2938 = EDGE_LOOP('',(#2939,#2940,#2948,#2956));
#2939 = ORIENTED_EDGE('',*,*,#2918,.T.);
#2940 = ORIENTED_EDGE('',*,*,#2941,.T.);
#2941 = EDGE_CURVE('',#2911,#2942,#2944,.T.);
#2942 = VERTEX_POINT('',#2943);
#2943 = CARTESIAN_POINT('',(72.77,-62.5325,1.51));
#2944 = LINE('',#2945,#2946);
#2945 = CARTESIAN_POINT('',(72.77,-76.5325,1.51));
#2946 = VECTOR('',#2947,1.);
#2947 = DIRECTION('',(0.,1.,0.));
#2948 = ORIENTED_EDGE('',*,*,#2949,.F.);
#2949 = EDGE_CURVE('',#2950,#2942,#2952,.T.);
#2950 = VERTEX_POINT('',#2951);
#2951 = CARTESIAN_POINT('',(72.77,-62.5325,0.));
#2952 = LINE('',#2953,#2954);
#2953 = CARTESIAN_POINT('',(72.77,-62.5325,0.));
#2954 = VECTOR('',#2955,1.);
#2955 = DIRECTION('',(0.,0.,1.));
#2956 = ORIENTED_EDGE('',*,*,#2957,.F.);
#2957 = EDGE_CURVE('',#2919,#2950,#2958,.T.);
#2958 = LINE('',#2959,#2960);
#2959 = CARTESIAN_POINT('',(72.77,-76.5325,0.));
#2960 = VECTOR('',#2961,1.);
#2961 = DIRECTION('',(0.,1.,0.));
#2962 = PLANE('',#2963);
#2963 = AXIS2_PLACEMENT_3D('',#2964,#2965,#2966);
#2964 = CARTESIAN_POINT('',(72.77,-76.5325,0.));
#2965 = DIRECTION('',(-1.,0.,0.));
#2966 = DIRECTION('',(0.,1.,0.));
#2967 = ADVANCED_FACE('',(#2968),#2993,.T.);
#2968 = FACE_BOUND('',#2969,.T.);
#2969 = EDGE_LOOP('',(#2970,#2971,#2979,#2987));
#2970 = ORIENTED_EDGE('',*,*,#2949,.T.);
#2971 = ORIENTED_EDGE('',*,*,#2972,.T.);
#2972 = EDGE_CURVE('',#2942,#2973,#2975,.T.);
#2973 = VERTEX_POINT('',#2974);
#2974 = CARTESIAN_POINT('',(58.77,-62.5325,1.51));
#2975 = LINE('',#2976,#2977);
#2976 = CARTESIAN_POINT('',(72.77,-62.5325,1.51));
#2977 = VECTOR('',#2978,1.);
#2978 = DIRECTION('',(-1.,0.,0.));
#2979 = ORIENTED_EDGE('',*,*,#2980,.F.);
#2980 = EDGE_CURVE('',#2981,#2973,#2983,.T.);
#2981 = VERTEX_POINT('',#2982);
#2982 = CARTESIAN_POINT('',(58.77,-62.5325,0.));
#2983 = LINE('',#2984,#2985);
#2984 = CARTESIAN_POINT('',(58.77,-62.5325,0.));
#2985 = VECTOR('',#2986,1.);
#2986 = DIRECTION('',(0.,0.,1.));
#2987 = ORIENTED_EDGE('',*,*,#2988,.F.);
#2988 = EDGE_CURVE('',#2950,#2981,#2989,.T.);
#2989 = LINE('',#2990,#2991);
#2990 = CARTESIAN_POINT('',(72.77,-62.5325,0.));
#2991 = VECTOR('',#2992,1.);
#2992 = DIRECTION('',(-1.,0.,0.));
#2993 = PLANE('',#2994);
#2994 = AXIS2_PLACEMENT_3D('',#2995,#2996,#2997);
#2995 = CARTESIAN_POINT('',(72.77,-62.5325,0.));
#2996 = DIRECTION('',(0.,-1.,0.));
#2997 = DIRECTION('',(-1.,0.,0.));
#2998 = ADVANCED_FACE('',(#2999),#3015,.T.);
#2999 = FACE_BOUND('',#3000,.T.);
#3000 = EDGE_LOOP('',(#3001,#3002,#3008,#3009));
#3001 = ORIENTED_EDGE('',*,*,#2980,.T.);
#3002 = ORIENTED_EDGE('',*,*,#3003,.T.);
#3003 = EDGE_CURVE('',#2973,#2903,#3004,.T.);
#3004 = LINE('',#3005,#3006);
#3005 = CARTESIAN_POINT('',(58.77,-62.5325,1.51));
#3006 = VECTOR('',#3007,1.);
#3007 = DIRECTION('',(0.,-1.,0.));
#3008 = ORIENTED_EDGE('',*,*,#2900,.F.);
#3009 = ORIENTED_EDGE('',*,*,#3010,.F.);
#3010 = EDGE_CURVE('',#2981,#2901,#3011,.T.);
#3011 = LINE('',#3012,#3013);
#3012 = CARTESIAN_POINT('',(58.77,-62.5325,0.));
#3013 = VECTOR('',#3014,1.);
#3014 = DIRECTION('',(0.,-1.,0.));
#3015 = PLANE('',#3016);
#3016 = AXIS2_PLACEMENT_3D('',#3017,#3018,#3019);
#3017 = CARTESIAN_POINT('',(58.77,-62.5325,0.));
#3018 = DIRECTION('',(1.,0.,-0.));
#3019 = DIRECTION('',(0.,-1.,0.));
#3020 = ADVANCED_FACE('',(#3021),#3055,.T.);
#3021 = FACE_BOUND('',#3022,.T.);
#3022 = EDGE_LOOP('',(#3023,#3033,#3041,#3049));
#3023 = ORIENTED_EDGE('',*,*,#3024,.T.);
#3024 = EDGE_CURVE('',#3025,#3027,#3029,.T.);
#3025 = VERTEX_POINT('',#3026);
#3026 = CARTESIAN_POINT('',(96.87,-76.5325,0.));
#3027 = VERTEX_POINT('',#3028);
#3028 = CARTESIAN_POINT('',(96.87,-76.5325,1.51));
#3029 = LINE('',#3030,#3031);
#3030 = CARTESIAN_POINT('',(96.87,-76.5325,0.));
#3031 = VECTOR('',#3032,1.);
#3032 = DIRECTION('',(0.,0.,1.));
#3033 = ORIENTED_EDGE('',*,*,#3034,.T.);
#3034 = EDGE_CURVE('',#3027,#3035,#3037,.T.);
#3035 = VERTEX_POINT('',#3036);
#3036 = CARTESIAN_POINT('',(110.87,-76.5325,1.51));
#3037 = LINE('',#3038,#3039);
#3038 = CARTESIAN_POINT('',(96.87,-76.5325,1.51));
#3039 = VECTOR('',#3040,1.);
#3040 = DIRECTION('',(1.,0.,0.));
#3041 = ORIENTED_EDGE('',*,*,#3042,.F.);
#3042 = EDGE_CURVE('',#3043,#3035,#3045,.T.);
#3043 = VERTEX_POINT('',#3044);
#3044 = CARTESIAN_POINT('',(110.87,-76.5325,0.));
#3045 = LINE('',#3046,#3047);
#3046 = CARTESIAN_POINT('',(110.87,-76.5325,0.));
#3047 = VECTOR('',#3048,1.);
#3048 = DIRECTION('',(0.,0.,1.));
#3049 = ORIENTED_EDGE('',*,*,#3050,.F.);
#3050 = EDGE_CURVE('',#3025,#3043,#3051,.T.);
#3051 = LINE('',#3052,#3053);
#3052 = CARTESIAN_POINT('',(96.87,-76.5325,0.));
#3053 = VECTOR('',#3054,1.);
#3054 = DIRECTION('',(1.,0.,0.));
#3055 = PLANE('',#3056);
#3056 = AXIS2_PLACEMENT_3D('',#3057,#3058,#3059);
#3057 = CARTESIAN_POINT('',(96.87,-76.5325,0.));
#3058 = DIRECTION('',(0.,1.,0.));
#3059 = DIRECTION('',(1.,0.,0.));
#3060 = ADVANCED_FACE('',(#3061),#3086,.T.);
#3061 = FACE_BOUND('',#3062,.T.);
#3062 = EDGE_LOOP('',(#3063,#3064,#3072,#3080));
#3063 = ORIENTED_EDGE('',*,*,#3042,.T.);
#3064 = ORIENTED_EDGE('',*,*,#3065,.T.);
#3065 = EDGE_CURVE('',#3035,#3066,#3068,.T.);
#3066 = VERTEX_POINT('',#3067);
#3067 = CARTESIAN_POINT('',(110.87,-62.5325,1.51));
#3068 = LINE('',#3069,#3070);
#3069 = CARTESIAN_POINT('',(110.87,-76.5325,1.51));
#3070 = VECTOR('',#3071,1.);
#3071 = DIRECTION('',(0.,1.,0.));
#3072 = ORIENTED_EDGE('',*,*,#3073,.F.);
#3073 = EDGE_CURVE('',#3074,#3066,#3076,.T.);
#3074 = VERTEX_POINT('',#3075);
#3075 = CARTESIAN_POINT('',(110.87,-62.5325,0.));
#3076 = LINE('',#3077,#3078);
#3077 = CARTESIAN_POINT('',(110.87,-62.5325,0.));
#3078 = VECTOR('',#3079,1.);
#3079 = DIRECTION('',(0.,0.,1.));
#3080 = ORIENTED_EDGE('',*,*,#3081,.F.);
#3081 = EDGE_CURVE('',#3043,#3074,#3082,.T.);
#3082 = LINE('',#3083,#3084);
#3083 = CARTESIAN_POINT('',(110.87,-76.5325,0.));
#3084 = VECTOR('',#3085,1.);
#3085 = DIRECTION('',(0.,1.,0.));
#3086 = PLANE('',#3087);
#3087 = AXIS2_PLACEMENT_3D('',#3088,#3089,#3090);
#3088 = CARTESIAN_POINT('',(110.87,-76.5325,0.));
#3089 = DIRECTION('',(-1.,0.,0.));
#3090 = DIRECTION('',(0.,1.,0.));
#3091 = ADVANCED_FACE('',(#3092),#3117,.T.);
#3092 = FACE_BOUND('',#3093,.T.);
#3093 = EDGE_LOOP('',(#3094,#3095,#3103,#3111));
#3094 = ORIENTED_EDGE('',*,*,#3073,.T.);
#3095 = ORIENTED_EDGE('',*,*,#3096,.T.);
#3096 = EDGE_CURVE('',#3066,#3097,#3099,.T.);
#3097 = VERTEX_POINT('',#3098);
#3098 = CARTESIAN_POINT('',(96.87,-62.5325,1.51));
#3099 = LINE('',#3100,#3101);
#3100 = CARTESIAN_POINT('',(110.87,-62.5325,1.51));
#3101 = VECTOR('',#3102,1.);
#3102 = DIRECTION('',(-1.,0.,0.));
#3103 = ORIENTED_EDGE('',*,*,#3104,.F.);
#3104 = EDGE_CURVE('',#3105,#3097,#3107,.T.);
#3105 = VERTEX_POINT('',#3106);
#3106 = CARTESIAN_POINT('',(96.87,-62.5325,0.));
#3107 = LINE('',#3108,#3109);
#3108 = CARTESIAN_POINT('',(96.87,-62.5325,0.));
#3109 = VECTOR('',#3110,1.);
#3110 = DIRECTION('',(0.,0.,1.));
#3111 = ORIENTED_EDGE('',*,*,#3112,.F.);
#3112 = EDGE_CURVE('',#3074,#3105,#3113,.T.);
#3113 = LINE('',#3114,#3115);
#3114 = CARTESIAN_POINT('',(110.87,-62.5325,0.));
#3115 = VECTOR('',#3116,1.);
#3116 = DIRECTION('',(-1.,0.,0.));
#3117 = PLANE('',#3118);
#3118 = AXIS2_PLACEMENT_3D('',#3119,#3120,#3121);
#3119 = CARTESIAN_POINT('',(110.87,-62.5325,0.));
#3120 = DIRECTION('',(0.,-1.,0.));
#3121 = DIRECTION('',(-1.,0.,0.));
#3122 = ADVANCED_FACE('',(#3123),#3139,.T.);
#3123 = FACE_BOUND('',#3124,.T.);
#3124 = EDGE_LOOP('',(#3125,#3126,#3132,#3133));
#3125 = ORIENTED_EDGE('',*,*,#3104,.T.);
#3126 = ORIENTED_EDGE('',*,*,#3127,.T.);
#3127 = EDGE_CURVE('',#3097,#3027,#3128,.T.);
#3128 = LINE('',#3129,#3130);
#3129 = CARTESIAN_POINT('',(96.87,-62.5325,1.51));
#3130 = VECTOR('',#3131,1.);
#3131 = DIRECTION('',(0.,-1.,0.));
#3132 = ORIENTED_EDGE('',*,*,#3024,.F.);
#3133 = ORIENTED_EDGE('',*,*,#3134,.F.);
#3134 = EDGE_CURVE('',#3105,#3025,#3135,.T.);
#3135 = LINE('',#3136,#3137);
#3136 = CARTESIAN_POINT('',(96.87,-62.5325,0.));
#3137 = VECTOR('',#3138,1.);
#3138 = DIRECTION('',(0.,-1.,0.));
#3139 = PLANE('',#3140);
#3140 = AXIS2_PLACEMENT_3D('',#3141,#3142,#3143);
#3141 = CARTESIAN_POINT('',(96.87,-62.5325,0.));
#3142 = DIRECTION('',(1.,0.,-0.));
#3143 = DIRECTION('',(0.,-1.,0.));
#3144 = ADVANCED_FACE('',(#3145),#3179,.T.);
#3145 = FACE_BOUND('',#3146,.T.);
#3146 = EDGE_LOOP('',(#3147,#3157,#3165,#3173));
#3147 = ORIENTED_EDGE('',*,*,#3148,.T.);
#3148 = EDGE_CURVE('',#3149,#3151,#3153,.T.);
#3149 = VERTEX_POINT('',#3150);
#3150 = CARTESIAN_POINT('',(134.97,-75.58,0.));
#3151 = VERTEX_POINT('',#3152);
#3152 = CARTESIAN_POINT('',(134.97,-75.58,1.51));
#3153 = LINE('',#3154,#3155);
#3154 = CARTESIAN_POINT('',(134.97,-75.58,0.));
#3155 = VECTOR('',#3156,1.);
#3156 = DIRECTION('',(0.,0.,1.));
#3157 = ORIENTED_EDGE('',*,*,#3158,.T.);
#3158 = EDGE_CURVE('',#3151,#3159,#3161,.T.);
#3159 = VERTEX_POINT('',#3160);
#3160 = CARTESIAN_POINT('',(148.97,-75.58,1.51));
#3161 = LINE('',#3162,#3163);
#3162 = CARTESIAN_POINT('',(134.97,-75.58,1.51));
#3163 = VECTOR('',#3164,1.);
#3164 = DIRECTION('',(1.,0.,0.));
#3165 = ORIENTED_EDGE('',*,*,#3166,.F.);
#3166 = EDGE_CURVE('',#3167,#3159,#3169,.T.);
#3167 = VERTEX_POINT('',#3168);
#3168 = CARTESIAN_POINT('',(148.97,-75.58,0.));
#3169 = LINE('',#3170,#3171);
#3170 = CARTESIAN_POINT('',(148.97,-75.58,0.));
#3171 = VECTOR('',#3172,1.);
#3172 = DIRECTION('',(0.,0.,1.));
#3173 = ORIENTED_EDGE('',*,*,#3174,.F.);
#3174 = EDGE_CURVE('',#3149,#3167,#3175,.T.);
#3175 = LINE('',#3176,#3177);
#3176 = CARTESIAN_POINT('',(134.97,-75.58,0.));
#3177 = VECTOR('',#3178,1.);
#3178 = DIRECTION('',(1.,0.,0.));
#3179 = PLANE('',#3180);
#3180 = AXIS2_PLACEMENT_3D('',#3181,#3182,#3183);
#3181 = CARTESIAN_POINT('',(134.97,-75.58,0.));
#3182 = DIRECTION('',(0.,1.,0.));
#3183 = DIRECTION('',(1.,0.,0.));
#3184 = ADVANCED_FACE('',(#3185),#3210,.T.);
#3185 = FACE_BOUND('',#3186,.T.);
#3186 = EDGE_LOOP('',(#3187,#3188,#3196,#3204));
#3187 = ORIENTED_EDGE('',*,*,#3166,.T.);
#3188 = ORIENTED_EDGE('',*,*,#3189,.T.);
#3189 = EDGE_CURVE('',#3159,#3190,#3192,.T.);
#3190 = VERTEX_POINT('',#3191);
#3191 = CARTESIAN_POINT('',(148.97,-61.58,1.51));
#3192 = LINE('',#3193,#3194);
#3193 = CARTESIAN_POINT('',(148.97,-75.58,1.51));
#3194 = VECTOR('',#3195,1.);
#3195 = DIRECTION('',(0.,1.,0.));
#3196 = ORIENTED_EDGE('',*,*,#3197,.F.);
#3197 = EDGE_CURVE('',#3198,#3190,#3200,.T.);
#3198 = VERTEX_POINT('',#3199);
#3199 = CARTESIAN_POINT('',(148.97,-61.58,0.));
#3200 = LINE('',#3201,#3202);
#3201 = CARTESIAN_POINT('',(148.97,-61.58,0.));
#3202 = VECTOR('',#3203,1.);
#3203 = DIRECTION('',(0.,0.,1.));
#3204 = ORIENTED_EDGE('',*,*,#3205,.F.);
#3205 = EDGE_CURVE('',#3167,#3198,#3206,.T.);
#3206 = LINE('',#3207,#3208);
#3207 = CARTESIAN_POINT('',(148.97,-75.58,0.));
#3208 = VECTOR('',#3209,1.);
#3209 = DIRECTION('',(0.,1.,0.));
#3210 = PLANE('',#3211);
#3211 = AXIS2_PLACEMENT_3D('',#3212,#3213,#3214);
#3212 = CARTESIAN_POINT('',(148.97,-75.58,0.));
#3213 = DIRECTION('',(-1.,0.,0.));
#3214 = DIRECTION('',(0.,1.,0.));
#3215 = ADVANCED_FACE('',(#3216),#3241,.T.);
#3216 = FACE_BOUND('',#3217,.T.);
#3217 = EDGE_LOOP('',(#3218,#3219,#3227,#3235));
#3218 = ORIENTED_EDGE('',*,*,#3197,.T.);
#3219 = ORIENTED_EDGE('',*,*,#3220,.T.);
#3220 = EDGE_CURVE('',#3190,#3221,#3223,.T.);
#3221 = VERTEX_POINT('',#3222);
#3222 = CARTESIAN_POINT('',(134.97,-61.58,1.51));
#3223 = LINE('',#3224,#3225);
#3224 = CARTESIAN_POINT('',(148.97,-61.58,1.51));
#3225 = VECTOR('',#3226,1.);
#3226 = DIRECTION('',(-1.,0.,0.));
#3227 = ORIENTED_EDGE('',*,*,#3228,.F.);
#3228 = EDGE_CURVE('',#3229,#3221,#3231,.T.);
#3229 = VERTEX_POINT('',#3230);
#3230 = CARTESIAN_POINT('',(134.97,-61.58,0.));
#3231 = LINE('',#3232,#3233);
#3232 = CARTESIAN_POINT('',(134.97,-61.58,0.));
#3233 = VECTOR('',#3234,1.);
#3234 = DIRECTION('',(0.,0.,1.));
#3235 = ORIENTED_EDGE('',*,*,#3236,.F.);
#3236 = EDGE_CURVE('',#3198,#3229,#3237,.T.);
#3237 = LINE('',#3238,#3239);
#3238 = CARTESIAN_POINT('',(148.97,-61.58,0.));
#3239 = VECTOR('',#3240,1.);
#3240 = DIRECTION('',(-1.,0.,0.));
#3241 = PLANE('',#3242);
#3242 = AXIS2_PLACEMENT_3D('',#3243,#3244,#3245);
#3243 = CARTESIAN_POINT('',(148.97,-61.58,0.));
#3244 = DIRECTION('',(0.,-1.,0.));
#3245 = DIRECTION('',(-1.,0.,0.));
#3246 = ADVANCED_FACE('',(#3247),#3263,.T.);
#3247 = FACE_BOUND('',#3248,.T.);
#3248 = EDGE_LOOP('',(#3249,#3250,#3256,#3257));
#3249 = ORIENTED_EDGE('',*,*,#3228,.T.);
#3250 = ORIENTED_EDGE('',*,*,#3251,.T.);
#3251 = EDGE_CURVE('',#3221,#3151,#3252,.T.);
#3252 = LINE('',#3253,#3254);
#3253 = CARTESIAN_POINT('',(134.97,-61.58,1.51));
#3254 = VECTOR('',#3255,1.);
#3255 = DIRECTION('',(0.,-1.,0.));
#3256 = ORIENTED_EDGE('',*,*,#3148,.F.);
#3257 = ORIENTED_EDGE('',*,*,#3258,.F.);
#3258 = EDGE_CURVE('',#3229,#3149,#3259,.T.);
#3259 = LINE('',#3260,#3261);
#3260 = CARTESIAN_POINT('',(134.97,-61.58,0.));
#3261 = VECTOR('',#3262,1.);
#3262 = DIRECTION('',(0.,-1.,0.));
#3263 = PLANE('',#3264);
#3264 = AXIS2_PLACEMENT_3D('',#3265,#3266,#3267);
#3265 = CARTESIAN_POINT('',(134.97,-61.58,0.));
#3266 = DIRECTION('',(1.,0.,-0.));
#3267 = DIRECTION('',(0.,-1.,0.));
#3268 = ADVANCED_FACE('',(#3269),#3303,.T.);
#3269 = FACE_BOUND('',#3270,.T.);
#3270 = EDGE_LOOP('',(#3271,#3281,#3289,#3297));
#3271 = ORIENTED_EDGE('',*,*,#3272,.T.);
#3272 = EDGE_CURVE('',#3273,#3275,#3277,.T.);
#3273 = VERTEX_POINT('',#3274);
#3274 = CARTESIAN_POINT('',(115.92,-73.675,0.));
#3275 = VERTEX_POINT('',#3276);
#3276 = CARTESIAN_POINT('',(115.92,-73.675,1.51));
#3277 = LINE('',#3278,#3279);
#3278 = CARTESIAN_POINT('',(115.92,-73.675,0.));
#3279 = VECTOR('',#3280,1.);
#3280 = DIRECTION('',(0.,0.,1.));
#3281 = ORIENTED_EDGE('',*,*,#3282,.T.);
#3282 = EDGE_CURVE('',#3275,#3283,#3285,.T.);
#3283 = VERTEX_POINT('',#3284);
#3284 = CARTESIAN_POINT('',(129.92,-73.675,1.51));
#3285 = LINE('',#3286,#3287);
#3286 = CARTESIAN_POINT('',(115.92,-73.675,1.51));
#3287 = VECTOR('',#3288,1.);
#3288 = DIRECTION('',(1.,0.,0.));
#3289 = ORIENTED_EDGE('',*,*,#3290,.F.);
#3290 = EDGE_CURVE('',#3291,#3283,#3293,.T.);
#3291 = VERTEX_POINT('',#3292);
#3292 = CARTESIAN_POINT('',(129.92,-73.675,0.));
#3293 = LINE('',#3294,#3295);
#3294 = CARTESIAN_POINT('',(129.92,-73.675,0.));
#3295 = VECTOR('',#3296,1.);
#3296 = DIRECTION('',(0.,0.,1.));
#3297 = ORIENTED_EDGE('',*,*,#3298,.F.);
#3298 = EDGE_CURVE('',#3273,#3291,#3299,.T.);
#3299 = LINE('',#3300,#3301);
#3300 = CARTESIAN_POINT('',(115.92,-73.675,0.));
#3301 = VECTOR('',#3302,1.);
#3302 = DIRECTION('',(1.,0.,0.));
#3303 = PLANE('',#3304);
#3304 = AXIS2_PLACEMENT_3D('',#3305,#3306,#3307);
#3305 = CARTESIAN_POINT('',(115.92,-73.675,0.));
#3306 = DIRECTION('',(0.,1.,0.));
#3307 = DIRECTION('',(1.,0.,0.));
#3308 = ADVANCED_FACE('',(#3309),#3334,.T.);
#3309 = FACE_BOUND('',#3310,.T.);
#3310 = EDGE_LOOP('',(#3311,#3312,#3320,#3328));
#3311 = ORIENTED_EDGE('',*,*,#3290,.T.);
#3312 = ORIENTED_EDGE('',*,*,#3313,.T.);
#3313 = EDGE_CURVE('',#3283,#3314,#3316,.T.);
#3314 = VERTEX_POINT('',#3315);
#3315 = CARTESIAN_POINT('',(129.92,-59.675,1.51));
#3316 = LINE('',#3317,#3318);
#3317 = CARTESIAN_POINT('',(129.92,-73.675,1.51));
#3318 = VECTOR('',#3319,1.);
#3319 = DIRECTION('',(0.,1.,0.));
#3320 = ORIENTED_EDGE('',*,*,#3321,.F.);
#3321 = EDGE_CURVE('',#3322,#3314,#3324,.T.);
#3322 = VERTEX_POINT('',#3323);
#3323 = CARTESIAN_POINT('',(129.92,-59.675,0.));
#3324 = LINE('',#3325,#3326);
#3325 = CARTESIAN_POINT('',(129.92,-59.675,0.));
#3326 = VECTOR('',#3327,1.);
#3327 = DIRECTION('',(0.,0.,1.));
#3328 = ORIENTED_EDGE('',*,*,#3329,.F.);
#3329 = EDGE_CURVE('',#3291,#3322,#3330,.T.);
#3330 = LINE('',#3331,#3332);
#3331 = CARTESIAN_POINT('',(129.92,-73.675,0.));
#3332 = VECTOR('',#3333,1.);
#3333 = DIRECTION('',(0.,1.,0.));
#3334 = PLANE('',#3335);
#3335 = AXIS2_PLACEMENT_3D('',#3336,#3337,#3338);
#3336 = CARTESIAN_POINT('',(129.92,-73.675,0.));
#3337 = DIRECTION('',(-1.,0.,0.));
#3338 = DIRECTION('',(0.,1.,0.));
#3339 = ADVANCED_FACE('',(#3340),#3365,.T.);
#3340 = FACE_BOUND('',#3341,.T.);
#3341 = EDGE_LOOP('',(#3342,#3343,#3351,#3359));
#3342 = ORIENTED_EDGE('',*,*,#3321,.T.);
#3343 = ORIENTED_EDGE('',*,*,#3344,.T.);
#3344 = EDGE_CURVE('',#3314,#3345,#3347,.T.);
#3345 = VERTEX_POINT('',#3346);
#3346 = CARTESIAN_POINT('',(115.92,-59.675,1.51));
#3347 = LINE('',#3348,#3349);
#3348 = CARTESIAN_POINT('',(129.92,-59.675,1.51));
#3349 = VECTOR('',#3350,1.);
#3350 = DIRECTION('',(-1.,0.,0.));
#3351 = ORIENTED_EDGE('',*,*,#3352,.F.);
#3352 = EDGE_CURVE('',#3353,#3345,#3355,.T.);
#3353 = VERTEX_POINT('',#3354);
#3354 = CARTESIAN_POINT('',(115.92,-59.675,0.));
#3355 = LINE('',#3356,#3357);
#3356 = CARTESIAN_POINT('',(115.92,-59.675,0.));
#3357 = VECTOR('',#3358,1.);
#3358 = DIRECTION('',(0.,0.,1.));
#3359 = ORIENTED_EDGE('',*,*,#3360,.F.);
#3360 = EDGE_CURVE('',#3322,#3353,#3361,.T.);
#3361 = LINE('',#3362,#3363);
#3362 = CARTESIAN_POINT('',(129.92,-59.675,0.));
#3363 = VECTOR('',#3364,1.);
#3364 = DIRECTION('',(-1.,0.,0.));
#3365 = PLANE('',#3366);
#3366 = AXIS2_PLACEMENT_3D('',#3367,#3368,#3369);
#3367 = CARTESIAN_POINT('',(129.92,-59.675,0.));
#3368 = DIRECTION('',(0.,-1.,0.));
#3369 = DIRECTION('',(-1.,0.,0.));
#3370 = ADVANCED_FACE('',(#3371),#3387,.T.);
#3371 = FACE_BOUND('',#3372,.T.);
#3372 = EDGE_LOOP('',(#3373,#3374,#3380,#3381));
#3373 = ORIENTED_EDGE('',*,*,#3352,.T.);
#3374 = ORIENTED_EDGE('',*,*,#3375,.T.);
#3375 = EDGE_CURVE('',#3345,#3275,#3376,.T.);
#3376 = LINE('',#3377,#3378);
#3377 = CARTESIAN_POINT('',(115.92,-59.675,1.51));
#3378 = VECTOR('',#3379,1.);
#3379 = DIRECTION('',(0.,-1.,0.));
#3380 = ORIENTED_EDGE('',*,*,#3272,.F.);
#3381 = ORIENTED_EDGE('',*,*,#3382,.F.);
#3382 = EDGE_CURVE('',#3353,#3273,#3383,.T.);
#3383 = LINE('',#3384,#3385);
#3384 = CARTESIAN_POINT('',(115.92,-59.675,0.));
#3385 = VECTOR('',#3386,1.);
#3386 = DIRECTION('',(0.,-1.,0.));
#3387 = PLANE('',#3388);
#3388 = AXIS2_PLACEMENT_3D('',#3389,#3390,#3391);
#3389 = CARTESIAN_POINT('',(115.92,-59.675,0.));
#3390 = DIRECTION('',(1.,0.,-0.));
#3391 = DIRECTION('',(0.,-1.,0.));
#3392 = ADVANCED_FACE('',(#3393),#3427,.T.);
#3393 = FACE_BOUND('',#3394,.T.);
#3394 = EDGE_LOOP('',(#3395,#3405,#3413,#3421));
#3395 = ORIENTED_EDGE('',*,*,#3396,.T.);
#3396 = EDGE_CURVE('',#3397,#3399,#3401,.T.);
#3397 = VERTEX_POINT('',#3398);
#3398 = CARTESIAN_POINT('',(154.02,-64.15,0.));
#3399 = VERTEX_POINT('',#3400);
#3400 = CARTESIAN_POINT('',(154.02,-64.15,1.51));
#3401 = LINE('',#3402,#3403);
#3402 = CARTESIAN_POINT('',(154.02,-64.15,0.));
#3403 = VECTOR('',#3404,1.);
#3404 = DIRECTION('',(0.,0.,1.));
#3405 = ORIENTED_EDGE('',*,*,#3406,.T.);
#3406 = EDGE_CURVE('',#3399,#3407,#3409,.T.);
#3407 = VERTEX_POINT('',#3408);
#3408 = CARTESIAN_POINT('',(168.02,-64.15,1.51));
#3409 = LINE('',#3410,#3411);
#3410 = CARTESIAN_POINT('',(154.02,-64.15,1.51));
#3411 = VECTOR('',#3412,1.);
#3412 = DIRECTION('',(1.,0.,0.));
#3413 = ORIENTED_EDGE('',*,*,#3414,.F.);
#3414 = EDGE_CURVE('',#3415,#3407,#3417,.T.);
#3415 = VERTEX_POINT('',#3416);
#3416 = CARTESIAN_POINT('',(168.02,-64.15,0.));
#3417 = LINE('',#3418,#3419);
#3418 = CARTESIAN_POINT('',(168.02,-64.15,0.));
#3419 = VECTOR('',#3420,1.);
#3420 = DIRECTION('',(0.,0.,1.));
#3421 = ORIENTED_EDGE('',*,*,#3422,.F.);
#3422 = EDGE_CURVE('',#3397,#3415,#3423,.T.);
#3423 = LINE('',#3424,#3425);
#3424 = CARTESIAN_POINT('',(154.02,-64.15,0.));
#3425 = VECTOR('',#3426,1.);
#3426 = DIRECTION('',(1.,0.,0.));
#3427 = PLANE('',#3428);
#3428 = AXIS2_PLACEMENT_3D('',#3429,#3430,#3431);
#3429 = CARTESIAN_POINT('',(154.02,-64.15,0.));
#3430 = DIRECTION('',(0.,1.,0.));
#3431 = DIRECTION('',(1.,0.,0.));
#3432 = ADVANCED_FACE('',(#3433),#3458,.T.);
#3433 = FACE_BOUND('',#3434,.T.);
#3434 = EDGE_LOOP('',(#3435,#3436,#3444,#3452));
#3435 = ORIENTED_EDGE('',*,*,#3414,.T.);
#3436 = ORIENTED_EDGE('',*,*,#3437,.T.);
#3437 = EDGE_CURVE('',#3407,#3438,#3440,.T.);
#3438 = VERTEX_POINT('',#3439);
#3439 = CARTESIAN_POINT('',(168.02,-50.15,1.51));
#3440 = LINE('',#3441,#3442);
#3441 = CARTESIAN_POINT('',(168.02,-64.15,1.51));
#3442 = VECTOR('',#3443,1.);
#3443 = DIRECTION('',(0.,1.,0.));
#3444 = ORIENTED_EDGE('',*,*,#3445,.F.);
#3445 = EDGE_CURVE('',#3446,#3438,#3448,.T.);
#3446 = VERTEX_POINT('',#3447);
#3447 = CARTESIAN_POINT('',(168.02,-50.15,0.));
#3448 = LINE('',#3449,#3450);
#3449 = CARTESIAN_POINT('',(168.02,-50.15,0.));
#3450 = VECTOR('',#3451,1.);
#3451 = DIRECTION('',(0.,0.,1.));
#3452 = ORIENTED_EDGE('',*,*,#3453,.F.);
#3453 = EDGE_CURVE('',#3415,#3446,#3454,.T.);
#3454 = LINE('',#3455,#3456);
#3455 = CARTESIAN_POINT('',(168.02,-64.15,0.));
#3456 = VECTOR('',#3457,1.);
#3457 = DIRECTION('',(0.,1.,0.));
#3458 = PLANE('',#3459);
#3459 = AXIS2_PLACEMENT_3D('',#3460,#3461,#3462);
#3460 = CARTESIAN_POINT('',(168.02,-64.15,0.));
#3461 = DIRECTION('',(-1.,0.,0.));
#3462 = DIRECTION('',(0.,1.,0.));
#3463 = ADVANCED_FACE('',(#3464),#3489,.T.);
#3464 = FACE_BOUND('',#3465,.T.);
#3465 = EDGE_LOOP('',(#3466,#3467,#3475,#3483));
#3466 = ORIENTED_EDGE('',*,*,#3445,.T.);
#3467 = ORIENTED_EDGE('',*,*,#3468,.T.);
#3468 = EDGE_CURVE('',#3438,#3469,#3471,.T.);
#3469 = VERTEX_POINT('',#3470);
#3470 = CARTESIAN_POINT('',(154.02,-50.15,1.51));
#3471 = LINE('',#3472,#3473);
#3472 = CARTESIAN_POINT('',(168.02,-50.15,1.51));
#3473 = VECTOR('',#3474,1.);
#3474 = DIRECTION('',(-1.,0.,0.));
#3475 = ORIENTED_EDGE('',*,*,#3476,.F.);
#3476 = EDGE_CURVE('',#3477,#3469,#3479,.T.);
#3477 = VERTEX_POINT('',#3478);
#3478 = CARTESIAN_POINT('',(154.02,-50.15,0.));
#3479 = LINE('',#3480,#3481);
#3480 = CARTESIAN_POINT('',(154.02,-50.15,0.));
#3481 = VECTOR('',#3482,1.);
#3482 = DIRECTION('',(0.,0.,1.));
#3483 = ORIENTED_EDGE('',*,*,#3484,.F.);
#3484 = EDGE_CURVE('',#3446,#3477,#3485,.T.);
#3485 = LINE('',#3486,#3487);
#3486 = CARTESIAN_POINT('',(168.02,-50.15,0.));
#3487 = VECTOR('',#3488,1.);
#3488 = DIRECTION('',(-1.,0.,0.));
#3489 = PLANE('',#3490);
#3490 = AXIS2_PLACEMENT_3D('',#3491,#3492,#3493);
#3491 = CARTESIAN_POINT('',(168.02,-50.15,0.));
#3492 = DIRECTION('',(0.,-1.,0.));
#3493 = DIRECTION('',(-1.,0.,0.));
#3494 = ADVANCED_FACE('',(#3495),#3511,.T.);
#3495 = FACE_BOUND('',#3496,.T.);
#3496 = EDGE_LOOP('',(#3497,#3498,#3504,#3505));
#3497 = ORIENTED_EDGE('',*,*,#3476,.T.);
#3498 = ORIENTED_EDGE('',*,*,#3499,.T.);
#3499 = EDGE_CURVE('',#3469,#3399,#3500,.T.);
#3500 = LINE('',#3501,#3502);
#3501 = CARTESIAN_POINT('',(154.02,-50.15,1.51));
#3502 = VECTOR('',#3503,1.);
#3503 = DIRECTION('',(0.,-1.,0.));
#3504 = ORIENTED_EDGE('',*,*,#3396,.F.);
#3505 = ORIENTED_EDGE('',*,*,#3506,.F.);
#3506 = EDGE_CURVE('',#3477,#3397,#3507,.T.);
#3507 = LINE('',#3508,#3509);
#3508 = CARTESIAN_POINT('',(154.02,-50.15,0.));
#3509 = VECTOR('',#3510,1.);
#3510 = DIRECTION('',(0.,-1.,0.));
#3511 = PLANE('',#3512);
#3512 = AXIS2_PLACEMENT_3D('',#3513,#3514,#3515);
#3513 = CARTESIAN_POINT('',(154.02,-50.15,0.));
#3514 = DIRECTION('',(1.,0.,-0.));
#3515 = DIRECTION('',(0.,-1.,0.));
#3516 = ADVANCED_FACE('',(#3517),#3551,.T.);
#3517 = FACE_BOUND('',#3518,.T.);
#3518 = EDGE_LOOP('',(#3519,#3529,#3537,#3545));
#3519 = ORIENTED_EDGE('',*,*,#3520,.T.);
#3520 = EDGE_CURVE('',#3521,#3523,#3525,.T.);
#3521 = VERTEX_POINT('',#3522);
#3522 = CARTESIAN_POINT('',(173.07,-64.15,0.));
#3523 = VERTEX_POINT('',#3524);
#3524 = CARTESIAN_POINT('',(173.07,-64.15,1.51));
#3525 = LINE('',#3526,#3527);
#3526 = CARTESIAN_POINT('',(173.07,-64.15,0.));
#3527 = VECTOR('',#3528,1.);
#3528 = DIRECTION('',(0.,0.,1.));
#3529 = ORIENTED_EDGE('',*,*,#3530,.T.);
#3530 = EDGE_CURVE('',#3523,#3531,#3533,.T.);
#3531 = VERTEX_POINT('',#3532);
#3532 = CARTESIAN_POINT('',(187.07,-64.15,1.51));
#3533 = LINE('',#3534,#3535);
#3534 = CARTESIAN_POINT('',(173.07,-64.15,1.51));
#3535 = VECTOR('',#3536,1.);
#3536 = DIRECTION('',(1.,0.,0.));
#3537 = ORIENTED_EDGE('',*,*,#3538,.F.);
#3538 = EDGE_CURVE('',#3539,#3531,#3541,.T.);
#3539 = VERTEX_POINT('',#3540);
#3540 = CARTESIAN_POINT('',(187.07,-64.15,0.));
#3541 = LINE('',#3542,#3543);
#3542 = CARTESIAN_POINT('',(187.07,-64.15,0.));
#3543 = VECTOR('',#3544,1.);
#3544 = DIRECTION('',(0.,0.,1.));
#3545 = ORIENTED_EDGE('',*,*,#3546,.F.);
#3546 = EDGE_CURVE('',#3521,#3539,#3547,.T.);
#3547 = LINE('',#3548,#3549);
#3548 = CARTESIAN_POINT('',(173.07,-64.15,0.));
#3549 = VECTOR('',#3550,1.);
#3550 = DIRECTION('',(1.,0.,0.));
#3551 = PLANE('',#3552);
#3552 = AXIS2_PLACEMENT_3D('',#3553,#3554,#3555);
#3553 = CARTESIAN_POINT('',(173.07,-64.15,0.));
#3554 = DIRECTION('',(0.,1.,0.));
#3555 = DIRECTION('',(1.,0.,0.));
#3556 = ADVANCED_FACE('',(#3557),#3582,.T.);
#3557 = FACE_BOUND('',#3558,.T.);
#3558 = EDGE_LOOP('',(#3559,#3560,#3568,#3576));
#3559 = ORIENTED_EDGE('',*,*,#3538,.T.);
#3560 = ORIENTED_EDGE('',*,*,#3561,.T.);
#3561 = EDGE_CURVE('',#3531,#3562,#3564,.T.);
#3562 = VERTEX_POINT('',#3563);
#3563 = CARTESIAN_POINT('',(187.07,-50.15,1.51));
#3564 = LINE('',#3565,#3566);
#3565 = CARTESIAN_POINT('',(187.07,-64.15,1.51));
#3566 = VECTOR('',#3567,1.);
#3567 = DIRECTION('',(0.,1.,0.));
#3568 = ORIENTED_EDGE('',*,*,#3569,.F.);
#3569 = EDGE_CURVE('',#3570,#3562,#3572,.T.);
#3570 = VERTEX_POINT('',#3571);
#3571 = CARTESIAN_POINT('',(187.07,-50.15,0.));
#3572 = LINE('',#3573,#3574);
#3573 = CARTESIAN_POINT('',(187.07,-50.15,0.));
#3574 = VECTOR('',#3575,1.);
#3575 = DIRECTION('',(0.,0.,1.));
#3576 = ORIENTED_EDGE('',*,*,#3577,.F.);
#3577 = EDGE_CURVE('',#3539,#3570,#3578,.T.);
#3578 = LINE('',#3579,#3580);
#3579 = CARTESIAN_POINT('',(187.07,-64.15,0.));
#3580 = VECTOR('',#3581,1.);
#3581 = DIRECTION('',(0.,1.,0.));
#3582 = PLANE('',#3583);
#3583 = AXIS2_PLACEMENT_3D('',#3584,#3585,#3586);
#3584 = CARTESIAN_POINT('',(187.07,-64.15,0.));
#3585 = DIRECTION('',(-1.,0.,0.));
#3586 = DIRECTION('',(0.,1.,0.));
#3587 = ADVANCED_FACE('',(#3588),#3613,.T.);
#3588 = FACE_BOUND('',#3589,.T.);
#3589 = EDGE_LOOP('',(#3590,#3591,#3599,#3607));
#3590 = ORIENTED_EDGE('',*,*,#3569,.T.);
#3591 = ORIENTED_EDGE('',*,*,#3592,.T.);
#3592 = EDGE_CURVE('',#3562,#3593,#3595,.T.);
#3593 = VERTEX_POINT('',#3594);
#3594 = CARTESIAN_POINT('',(173.07,-50.15,1.51));
#3595 = LINE('',#3596,#3597);
#3596 = CARTESIAN_POINT('',(187.07,-50.15,1.51));
#3597 = VECTOR('',#3598,1.);
#3598 = DIRECTION('',(-1.,0.,0.));
#3599 = ORIENTED_EDGE('',*,*,#3600,.F.);
#3600 = EDGE_CURVE('',#3601,#3593,#3603,.T.);
#3601 = VERTEX_POINT('',#3602);
#3602 = CARTESIAN_POINT('',(173.07,-50.15,0.));
#3603 = LINE('',#3604,#3605);
#3604 = CARTESIAN_POINT('',(173.07,-50.15,0.));
#3605 = VECTOR('',#3606,1.);
#3606 = DIRECTION('',(0.,0.,1.));
#3607 = ORIENTED_EDGE('',*,*,#3608,.F.);
#3608 = EDGE_CURVE('',#3570,#3601,#3609,.T.);
#3609 = LINE('',#3610,#3611);
#3610 = CARTESIAN_POINT('',(187.07,-50.15,0.));
#3611 = VECTOR('',#3612,1.);
#3612 = DIRECTION('',(-1.,0.,0.));
#3613 = PLANE('',#3614);
#3614 = AXIS2_PLACEMENT_3D('',#3615,#3616,#3617);
#3615 = CARTESIAN_POINT('',(187.07,-50.15,0.));
#3616 = DIRECTION('',(0.,-1.,0.));
#3617 = DIRECTION('',(-1.,0.,0.));
#3618 = ADVANCED_FACE('',(#3619),#3635,.T.);
#3619 = FACE_BOUND('',#3620,.T.);
#3620 = EDGE_LOOP('',(#3621,#3622,#3628,#3629));
#3621 = ORIENTED_EDGE('',*,*,#3600,.T.);
#3622 = ORIENTED_EDGE('',*,*,#3623,.T.);
#3623 = EDGE_CURVE('',#3593,#3523,#3624,.T.);
#3624 = LINE('',#3625,#3626);
#3625 = CARTESIAN_POINT('',(173.07,-50.15,1.51));
#3626 = VECTOR('',#3627,1.);
#3627 = DIRECTION('',(0.,-1.,0.));
#3628 = ORIENTED_EDGE('',*,*,#3520,.F.);
#3629 = ORIENTED_EDGE('',*,*,#3630,.F.);
#3630 = EDGE_CURVE('',#3601,#3521,#3631,.T.);
#3631 = LINE('',#3632,#3633);
#3632 = CARTESIAN_POINT('',(173.07,-50.15,0.));
#3633 = VECTOR('',#3634,1.);
#3634 = DIRECTION('',(0.,-1.,0.));
#3635 = PLANE('',#3636);
#3636 = AXIS2_PLACEMENT_3D('',#3637,#3638,#3639);
#3637 = CARTESIAN_POINT('',(173.07,-50.15,0.));
#3638 = DIRECTION('',(1.,0.,-0.));
#3639 = DIRECTION('',(0.,-1.,0.));
#3640 = ADVANCED_FACE('',(#3641),#3675,.T.);
#3641 = FACE_BOUND('',#3642,.T.);
#3642 = EDGE_LOOP('',(#3643,#3653,#3661,#3669));
#3643 = ORIENTED_EDGE('',*,*,#3644,.T.);
#3644 = EDGE_CURVE('',#3645,#3647,#3649,.T.);
#3645 = VERTEX_POINT('',#3646);
#3646 = CARTESIAN_POINT('',(77.82,-61.2925,0.));
#3647 = VERTEX_POINT('',#3648);
#3648 = CARTESIAN_POINT('',(77.82,-61.2925,1.51));
#3649 = LINE('',#3650,#3651);
#3650 = CARTESIAN_POINT('',(77.82,-61.2925,0.));
#3651 = VECTOR('',#3652,1.);
#3652 = DIRECTION('',(0.,0.,1.));
#3653 = ORIENTED_EDGE('',*,*,#3654,.T.);
#3654 = EDGE_CURVE('',#3647,#3655,#3657,.T.);
#3655 = VERTEX_POINT('',#3656);
#3656 = CARTESIAN_POINT('',(91.82,-61.2925,1.51));
#3657 = LINE('',#3658,#3659);
#3658 = CARTESIAN_POINT('',(77.82,-61.2925,1.51));
#3659 = VECTOR('',#3660,1.);
#3660 = DIRECTION('',(1.,0.,0.));
#3661 = ORIENTED_EDGE('',*,*,#3662,.F.);
#3662 = EDGE_CURVE('',#3663,#3655,#3665,.T.);
#3663 = VERTEX_POINT('',#3664);
#3664 = CARTESIAN_POINT('',(91.82,-61.2925,0.));
#3665 = LINE('',#3666,#3667);
#3666 = CARTESIAN_POINT('',(91.82,-61.2925,0.));
#3667 = VECTOR('',#3668,1.);
#3668 = DIRECTION('',(0.,0.,1.));
#3669 = ORIENTED_EDGE('',*,*,#3670,.F.);
#3670 = EDGE_CURVE('',#3645,#3663,#3671,.T.);
#3671 = LINE('',#3672,#3673);
#3672 = CARTESIAN_POINT('',(77.82,-61.2925,0.));
#3673 = VECTOR('',#3674,1.);
#3674 = DIRECTION('',(1.,0.,0.));
#3675 = PLANE('',#3676);
#3676 = AXIS2_PLACEMENT_3D('',#3677,#3678,#3679);
#3677 = CARTESIAN_POINT('',(77.82,-61.2925,0.));
#3678 = DIRECTION('',(0.,1.,0.));
#3679 = DIRECTION('',(1.,0.,0.));
#3680 = ADVANCED_FACE('',(#3681),#3706,.T.);
#3681 = FACE_BOUND('',#3682,.T.);
#3682 = EDGE_LOOP('',(#3683,#3684,#3692,#3700));
#3683 = ORIENTED_EDGE('',*,*,#3662,.T.);
#3684 = ORIENTED_EDGE('',*,*,#3685,.T.);
#3685 = EDGE_CURVE('',#3655,#3686,#3688,.T.);
#3686 = VERTEX_POINT('',#3687);
#3687 = CARTESIAN_POINT('',(91.82,-47.2925,1.51));
#3688 = LINE('',#3689,#3690);
#3689 = CARTESIAN_POINT('',(91.82,-61.2925,1.51));
#3690 = VECTOR('',#3691,1.);
#3691 = DIRECTION('',(0.,1.,0.));
#3692 = ORIENTED_EDGE('',*,*,#3693,.F.);
#3693 = EDGE_CURVE('',#3694,#3686,#3696,.T.);
#3694 = VERTEX_POINT('',#3695);
#3695 = CARTESIAN_POINT('',(91.82,-47.2925,0.));
#3696 = LINE('',#3697,#3698);
#3697 = CARTESIAN_POINT('',(91.82,-47.2925,0.));
#3698 = VECTOR('',#3699,1.);
#3699 = DIRECTION('',(0.,0.,1.));
#3700 = ORIENTED_EDGE('',*,*,#3701,.F.);
#3701 = EDGE_CURVE('',#3663,#3694,#3702,.T.);
#3702 = LINE('',#3703,#3704);
#3703 = CARTESIAN_POINT('',(91.82,-61.2925,0.));
#3704 = VECTOR('',#3705,1.);
#3705 = DIRECTION('',(0.,1.,0.));
#3706 = PLANE('',#3707);
#3707 = AXIS2_PLACEMENT_3D('',#3708,#3709,#3710);
#3708 = CARTESIAN_POINT('',(91.82,-61.2925,0.));
#3709 = DIRECTION('',(-1.,0.,0.));
#3710 = DIRECTION('',(0.,1.,0.));
#3711 = ADVANCED_FACE('',(#3712),#3737,.T.);
#3712 = FACE_BOUND('',#3713,.T.);
#3713 = EDGE_LOOP('',(#3714,#3715,#3723,#3731));
#3714 = ORIENTED_EDGE('',*,*,#3693,.T.);
#3715 = ORIENTED_EDGE('',*,*,#3716,.T.);
#3716 = EDGE_CURVE('',#3686,#3717,#3719,.T.);
#3717 = VERTEX_POINT('',#3718);
#3718 = CARTESIAN_POINT('',(77.82,-47.2925,1.51));
#3719 = LINE('',#3720,#3721);
#3720 = CARTESIAN_POINT('',(91.82,-47.2925,1.51));
#3721 = VECTOR('',#3722,1.);
#3722 = DIRECTION('',(-1.,0.,0.));
#3723 = ORIENTED_EDGE('',*,*,#3724,.F.);
#3724 = EDGE_CURVE('',#3725,#3717,#3727,.T.);
#3725 = VERTEX_POINT('',#3726);
#3726 = CARTESIAN_POINT('',(77.82,-47.2925,0.));
#3727 = LINE('',#3728,#3729);
#3728 = CARTESIAN_POINT('',(77.82,-47.2925,0.));
#3729 = VECTOR('',#3730,1.);
#3730 = DIRECTION('',(0.,0.,1.));
#3731 = ORIENTED_EDGE('',*,*,#3732,.F.);
#3732 = EDGE_CURVE('',#3694,#3725,#3733,.T.);
#3733 = LINE('',#3734,#3735);
#3734 = CARTESIAN_POINT('',(91.82,-47.2925,0.));
#3735 = VECTOR('',#3736,1.);
#3736 = DIRECTION('',(-1.,0.,0.));
#3737 = PLANE('',#3738);
#3738 = AXIS2_PLACEMENT_3D('',#3739,#3740,#3741);
#3739 = CARTESIAN_POINT('',(91.82,-47.2925,0.));
#3740 = DIRECTION('',(0.,-1.,0.));
#3741 = DIRECTION('',(-1.,0.,0.));
#3742 = ADVANCED_FACE('',(#3743),#3759,.T.);
#3743 = FACE_BOUND('',#3744,.T.);
#3744 = EDGE_LOOP('',(#3745,#3746,#3752,#3753));
#3745 = ORIENTED_EDGE('',*,*,#3724,.T.);
#3746 = ORIENTED_EDGE('',*,*,#3747,.T.);
#3747 = EDGE_CURVE('',#3717,#3647,#3748,.T.);
#3748 = LINE('',#3749,#3750);
#3749 = CARTESIAN_POINT('',(77.82,-47.2925,1.51));
#3750 = VECTOR('',#3751,1.);
#3751 = DIRECTION('',(0.,-1.,0.));
#3752 = ORIENTED_EDGE('',*,*,#3644,.F.);
#3753 = ORIENTED_EDGE('',*,*,#3754,.F.);
#3754 = EDGE_CURVE('',#3725,#3645,#3755,.T.);
#3755 = LINE('',#3756,#3757);
#3756 = CARTESIAN_POINT('',(77.82,-47.2925,0.));
#3757 = VECTOR('',#3758,1.);
#3758 = DIRECTION('',(0.,-1.,0.));
#3759 = PLANE('',#3760);
#3760 = AXIS2_PLACEMENT_3D('',#3761,#3762,#3763);
#3761 = CARTESIAN_POINT('',(77.82,-47.2925,0.));
#3762 = DIRECTION('',(1.,0.,-0.));
#3763 = DIRECTION('',(0.,-1.,0.));
#3764 = ADVANCED_FACE('',(#3765),#3799,.T.);
#3765 = FACE_BOUND('',#3766,.T.);
#3766 = EDGE_LOOP('',(#3767,#3777,#3785,#3793));
#3767 = ORIENTED_EDGE('',*,*,#3768,.T.);
#3768 = EDGE_CURVE('',#3769,#3771,#3773,.T.);
#3769 = VERTEX_POINT('',#3770);
#3770 = CARTESIAN_POINT('',(96.87,-57.4825,0.));
#3771 = VERTEX_POINT('',#3772);
#3772 = CARTESIAN_POINT('',(96.87,-57.4825,1.51));
#3773 = LINE('',#3774,#3775);
#3774 = CARTESIAN_POINT('',(96.87,-57.4825,0.));
#3775 = VECTOR('',#3776,1.);
#3776 = DIRECTION('',(0.,0.,1.));
#3777 = ORIENTED_EDGE('',*,*,#3778,.T.);
#3778 = EDGE_CURVE('',#3771,#3779,#3781,.T.);
#3779 = VERTEX_POINT('',#3780);
#3780 = CARTESIAN_POINT('',(110.87,-57.4825,1.51));
#3781 = LINE('',#3782,#3783);
#3782 = CARTESIAN_POINT('',(96.87,-57.4825,1.51));
#3783 = VECTOR('',#3784,1.);
#3784 = DIRECTION('',(1.,0.,0.));
#3785 = ORIENTED_EDGE('',*,*,#3786,.F.);
#3786 = EDGE_CURVE('',#3787,#3779,#3789,.T.);
#3787 = VERTEX_POINT('',#3788);
#3788 = CARTESIAN_POINT('',(110.87,-57.4825,0.));
#3789 = LINE('',#3790,#3791);
#3790 = CARTESIAN_POINT('',(110.87,-57.4825,0.));
#3791 = VECTOR('',#3792,1.);
#3792 = DIRECTION('',(0.,0.,1.));
#3793 = ORIENTED_EDGE('',*,*,#3794,.F.);
#3794 = EDGE_CURVE('',#3769,#3787,#3795,.T.);
#3795 = LINE('',#3796,#3797);
#3796 = CARTESIAN_POINT('',(96.87,-57.4825,0.));
#3797 = VECTOR('',#3798,1.);
#3798 = DIRECTION('',(1.,0.,0.));
#3799 = PLANE('',#3800);
#3800 = AXIS2_PLACEMENT_3D('',#3801,#3802,#3803);
#3801 = CARTESIAN_POINT('',(96.87,-57.4825,0.));
#3802 = DIRECTION('',(0.,1.,0.));
#3803 = DIRECTION('',(1.,0.,0.));
#3804 = ADVANCED_FACE('',(#3805),#3830,.T.);
#3805 = FACE_BOUND('',#3806,.T.);
#3806 = EDGE_LOOP('',(#3807,#3808,#3816,#3824));
#3807 = ORIENTED_EDGE('',*,*,#3786,.T.);
#3808 = ORIENTED_EDGE('',*,*,#3809,.T.);
#3809 = EDGE_CURVE('',#3779,#3810,#3812,.T.);
#3810 = VERTEX_POINT('',#3811);
#3811 = CARTESIAN_POINT('',(110.87,-43.4825,1.51));
#3812 = LINE('',#3813,#3814);
#3813 = CARTESIAN_POINT('',(110.87,-57.4825,1.51));
#3814 = VECTOR('',#3815,1.);
#3815 = DIRECTION('',(0.,1.,0.));
#3816 = ORIENTED_EDGE('',*,*,#3817,.F.);
#3817 = EDGE_CURVE('',#3818,#3810,#3820,.T.);
#3818 = VERTEX_POINT('',#3819);
#3819 = CARTESIAN_POINT('',(110.87,-43.4825,0.));
#3820 = LINE('',#3821,#3822);
#3821 = CARTESIAN_POINT('',(110.87,-43.4825,0.));
#3822 = VECTOR('',#3823,1.);
#3823 = DIRECTION('',(0.,0.,1.));
#3824 = ORIENTED_EDGE('',*,*,#3825,.F.);
#3825 = EDGE_CURVE('',#3787,#3818,#3826,.T.);
#3826 = LINE('',#3827,#3828);
#3827 = CARTESIAN_POINT('',(110.87,-57.4825,0.));
#3828 = VECTOR('',#3829,1.);
#3829 = DIRECTION('',(0.,1.,0.));
#3830 = PLANE('',#3831);
#3831 = AXIS2_PLACEMENT_3D('',#3832,#3833,#3834);
#3832 = CARTESIAN_POINT('',(110.87,-57.4825,0.));
#3833 = DIRECTION('',(-1.,0.,0.));
#3834 = DIRECTION('',(0.,1.,0.));
#3835 = ADVANCED_FACE('',(#3836),#3861,.T.);
#3836 = FACE_BOUND('',#3837,.T.);
#3837 = EDGE_LOOP('',(#3838,#3839,#3847,#3855));
#3838 = ORIENTED_EDGE('',*,*,#3817,.T.);
#3839 = ORIENTED_EDGE('',*,*,#3840,.T.);
#3840 = EDGE_CURVE('',#3810,#3841,#3843,.T.);
#3841 = VERTEX_POINT('',#3842);
#3842 = CARTESIAN_POINT('',(96.87,-43.4825,1.51));
#3843 = LINE('',#3844,#3845);
#3844 = CARTESIAN_POINT('',(110.87,-43.4825,1.51));
#3845 = VECTOR('',#3846,1.);
#3846 = DIRECTION('',(-1.,0.,0.));
#3847 = ORIENTED_EDGE('',*,*,#3848,.F.);
#3848 = EDGE_CURVE('',#3849,#3841,#3851,.T.);
#3849 = VERTEX_POINT('',#3850);
#3850 = CARTESIAN_POINT('',(96.87,-43.4825,0.));
#3851 = LINE('',#3852,#3853);
#3852 = CARTESIAN_POINT('',(96.87,-43.4825,0.));
#3853 = VECTOR('',#3854,1.);
#3854 = DIRECTION('',(0.,0.,1.));
#3855 = ORIENTED_EDGE('',*,*,#3856,.F.);
#3856 = EDGE_CURVE('',#3818,#3849,#3857,.T.);
#3857 = LINE('',#3858,#3859);
#3858 = CARTESIAN_POINT('',(110.87,-43.4825,0.));
#3859 = VECTOR('',#3860,1.);
#3860 = DIRECTION('',(-1.,0.,0.));
#3861 = PLANE('',#3862);
#3862 = AXIS2_PLACEMENT_3D('',#3863,#3864,#3865);
#3863 = CARTESIAN_POINT('',(110.87,-43.4825,0.));
#3864 = DIRECTION('',(0.,-1.,0.));
#3865 = DIRECTION('',(-1.,0.,0.));
#3866 = ADVANCED_FACE('',(#3867),#3883,.T.);
#3867 = FACE_BOUND('',#3868,.T.);
#3868 = EDGE_LOOP('',(#3869,#3870,#3876,#3877));
#3869 = ORIENTED_EDGE('',*,*,#3848,.T.);
#3870 = ORIENTED_EDGE('',*,*,#3871,.T.);
#3871 = EDGE_CURVE('',#3841,#3771,#3872,.T.);
#3872 = LINE('',#3873,#3874);
#3873 = CARTESIAN_POINT('',(96.87,-43.4825,1.51));
#3874 = VECTOR('',#3875,1.);
#3875 = DIRECTION('',(0.,-1.,0.));
#3876 = ORIENTED_EDGE('',*,*,#3768,.F.);
#3877 = ORIENTED_EDGE('',*,*,#3878,.F.);
#3878 = EDGE_CURVE('',#3849,#3769,#3879,.T.);
#3879 = LINE('',#3880,#3881);
#3880 = CARTESIAN_POINT('',(96.87,-43.4825,0.));
#3881 = VECTOR('',#3882,1.);
#3882 = DIRECTION('',(0.,-1.,0.));
#3883 = PLANE('',#3884);
#3884 = AXIS2_PLACEMENT_3D('',#3885,#3886,#3887);
#3885 = CARTESIAN_POINT('',(96.87,-43.4825,0.));
#3886 = DIRECTION('',(1.,0.,-0.));
#3887 = DIRECTION('',(0.,-1.,0.));
#3888 = ADVANCED_FACE('',(#3889),#3923,.T.);
#3889 = FACE_BOUND('',#3890,.T.);
#3890 = EDGE_LOOP('',(#3891,#3901,#3909,#3917));
#3891 = ORIENTED_EDGE('',*,*,#3892,.T.);
#3892 = EDGE_CURVE('',#3893,#3895,#3897,.T.);
#3893 = VERTEX_POINT('',#3894);
#3894 = CARTESIAN_POINT('',(134.97,-56.53,0.));
#3895 = VERTEX_POINT('',#3896);
#3896 = CARTESIAN_POINT('',(134.97,-56.53,1.51));
#3897 = LINE('',#3898,#3899);
#3898 = CARTESIAN_POINT('',(134.97,-56.53,0.));
#3899 = VECTOR('',#3900,1.);
#3900 = DIRECTION('',(0.,0.,1.));
#3901 = ORIENTED_EDGE('',*,*,#3902,.T.);
#3902 = EDGE_CURVE('',#3895,#3903,#3905,.T.);
#3903 = VERTEX_POINT('',#3904);
#3904 = CARTESIAN_POINT('',(148.97,-56.53,1.51));
#3905 = LINE('',#3906,#3907);
#3906 = CARTESIAN_POINT('',(134.97,-56.53,1.51));
#3907 = VECTOR('',#3908,1.);
#3908 = DIRECTION('',(1.,0.,0.));
#3909 = ORIENTED_EDGE('',*,*,#3910,.F.);
#3910 = EDGE_CURVE('',#3911,#3903,#3913,.T.);
#3911 = VERTEX_POINT('',#3912);
#3912 = CARTESIAN_POINT('',(148.97,-56.53,0.));
#3913 = LINE('',#3914,#3915);
#3914 = CARTESIAN_POINT('',(148.97,-56.53,0.));
#3915 = VECTOR('',#3916,1.);
#3916 = DIRECTION('',(0.,0.,1.));
#3917 = ORIENTED_EDGE('',*,*,#3918,.F.);
#3918 = EDGE_CURVE('',#3893,#3911,#3919,.T.);
#3919 = LINE('',#3920,#3921);
#3920 = CARTESIAN_POINT('',(134.97,-56.53,0.));
#3921 = VECTOR('',#3922,1.);
#3922 = DIRECTION('',(1.,0.,0.));
#3923 = PLANE('',#3924);
#3924 = AXIS2_PLACEMENT_3D('',#3925,#3926,#3927);
#3925 = CARTESIAN_POINT('',(134.97,-56.53,0.));
#3926 = DIRECTION('',(0.,1.,0.));
#3927 = DIRECTION('',(1.,0.,0.));
#3928 = ADVANCED_FACE('',(#3929),#3954,.T.);
#3929 = FACE_BOUND('',#3930,.T.);
#3930 = EDGE_LOOP('',(#3931,#3932,#3940,#3948));
#3931 = ORIENTED_EDGE('',*,*,#3910,.T.);
#3932 = ORIENTED_EDGE('',*,*,#3933,.T.);
#3933 = EDGE_CURVE('',#3903,#3934,#3936,.T.);
#3934 = VERTEX_POINT('',#3935);
#3935 = CARTESIAN_POINT('',(148.97,-42.53,1.51));
#3936 = LINE('',#3937,#3938);
#3937 = CARTESIAN_POINT('',(148.97,-56.53,1.51));
#3938 = VECTOR('',#3939,1.);
#3939 = DIRECTION('',(0.,1.,0.));
#3940 = ORIENTED_EDGE('',*,*,#3941,.F.);
#3941 = EDGE_CURVE('',#3942,#3934,#3944,.T.);
#3942 = VERTEX_POINT('',#3943);
#3943 = CARTESIAN_POINT('',(148.97,-42.53,0.));
#3944 = LINE('',#3945,#3946);
#3945 = CARTESIAN_POINT('',(148.97,-42.53,0.));
#3946 = VECTOR('',#3947,1.);
#3947 = DIRECTION('',(0.,0.,1.));
#3948 = ORIENTED_EDGE('',*,*,#3949,.F.);
#3949 = EDGE_CURVE('',#3911,#3942,#3950,.T.);
#3950 = LINE('',#3951,#3952);
#3951 = CARTESIAN_POINT('',(148.97,-56.53,0.));
#3952 = VECTOR('',#3953,1.);
#3953 = DIRECTION('',(0.,1.,0.));
#3954 = PLANE('',#3955);
#3955 = AXIS2_PLACEMENT_3D('',#3956,#3957,#3958);
#3956 = CARTESIAN_POINT('',(148.97,-56.53,0.));
#3957 = DIRECTION('',(-1.,0.,0.));
#3958 = DIRECTION('',(0.,1.,0.));
#3959 = ADVANCED_FACE('',(#3960),#3985,.T.);
#3960 = FACE_BOUND('',#3961,.T.);
#3961 = EDGE_LOOP('',(#3962,#3963,#3971,#3979));
#3962 = ORIENTED_EDGE('',*,*,#3941,.T.);
#3963 = ORIENTED_EDGE('',*,*,#3964,.T.);
#3964 = EDGE_CURVE('',#3934,#3965,#3967,.T.);
#3965 = VERTEX_POINT('',#3966);
#3966 = CARTESIAN_POINT('',(134.97,-42.53,1.51));
#3967 = LINE('',#3968,#3969);
#3968 = CARTESIAN_POINT('',(148.97,-42.53,1.51));
#3969 = VECTOR('',#3970,1.);
#3970 = DIRECTION('',(-1.,0.,0.));
#3971 = ORIENTED_EDGE('',*,*,#3972,.F.);
#3972 = EDGE_CURVE('',#3973,#3965,#3975,.T.);
#3973 = VERTEX_POINT('',#3974);
#3974 = CARTESIAN_POINT('',(134.97,-42.53,0.));
#3975 = LINE('',#3976,#3977);
#3976 = CARTESIAN_POINT('',(134.97,-42.53,0.));
#3977 = VECTOR('',#3978,1.);
#3978 = DIRECTION('',(0.,0.,1.));
#3979 = ORIENTED_EDGE('',*,*,#3980,.F.);
#3980 = EDGE_CURVE('',#3942,#3973,#3981,.T.);
#3981 = LINE('',#3982,#3983);
#3982 = CARTESIAN_POINT('',(148.97,-42.53,0.));
#3983 = VECTOR('',#3984,1.);
#3984 = DIRECTION('',(-1.,0.,0.));
#3985 = PLANE('',#3986);
#3986 = AXIS2_PLACEMENT_3D('',#3987,#3988,#3989);
#3987 = CARTESIAN_POINT('',(148.97,-42.53,0.));
#3988 = DIRECTION('',(0.,-1.,0.));
#3989 = DIRECTION('',(-1.,0.,0.));
#3990 = ADVANCED_FACE('',(#3991),#4007,.T.);
#3991 = FACE_BOUND('',#3992,.T.);
#3992 = EDGE_LOOP('',(#3993,#3994,#4000,#4001));
#3993 = ORIENTED_EDGE('',*,*,#3972,.T.);
#3994 = ORIENTED_EDGE('',*,*,#3995,.T.);
#3995 = EDGE_CURVE('',#3965,#3895,#3996,.T.);
#3996 = LINE('',#3997,#3998);
#3997 = CARTESIAN_POINT('',(134.97,-42.53,1.51));
#3998 = VECTOR('',#3999,1.);
#3999 = DIRECTION('',(0.,-1.,0.));
#4000 = ORIENTED_EDGE('',*,*,#3892,.F.);
#4001 = ORIENTED_EDGE('',*,*,#4002,.F.);
#4002 = EDGE_CURVE('',#3973,#3893,#4003,.T.);
#4003 = LINE('',#4004,#4005);
#4004 = CARTESIAN_POINT('',(134.97,-42.53,0.));
#4005 = VECTOR('',#4006,1.);
#4006 = DIRECTION('',(0.,-1.,0.));
#4007 = PLANE('',#4008);
#4008 = AXIS2_PLACEMENT_3D('',#4009,#4010,#4011);
#4009 = CARTESIAN_POINT('',(134.97,-42.53,0.));
#4010 = DIRECTION('',(1.,0.,-0.));
#4011 = DIRECTION('',(0.,-1.,0.));
#4012 = ADVANCED_FACE('',(#4013),#4047,.T.);
#4013 = FACE_BOUND('',#4014,.T.);
#4014 = EDGE_LOOP('',(#4015,#4025,#4033,#4041));
#4015 = ORIENTED_EDGE('',*,*,#4016,.T.);
#4016 = EDGE_CURVE('',#4017,#4019,#4021,.T.);
#4017 = VERTEX_POINT('',#4018);
#4018 = CARTESIAN_POINT('',(115.92,-54.625,0.));
#4019 = VERTEX_POINT('',#4020);
#4020 = CARTESIAN_POINT('',(115.92,-54.625,1.51));
#4021 = LINE('',#4022,#4023);
#4022 = CARTESIAN_POINT('',(115.92,-54.625,0.));
#4023 = VECTOR('',#4024,1.);
#4024 = DIRECTION('',(0.,0.,1.));
#4025 = ORIENTED_EDGE('',*,*,#4026,.T.);
#4026 = EDGE_CURVE('',#4019,#4027,#4029,.T.);
#4027 = VERTEX_POINT('',#4028);
#4028 = CARTESIAN_POINT('',(129.92,-54.625,1.51));
#4029 = LINE('',#4030,#4031);
#4030 = CARTESIAN_POINT('',(115.92,-54.625,1.51));
#4031 = VECTOR('',#4032,1.);
#4032 = DIRECTION('',(1.,0.,0.));
#4033 = ORIENTED_EDGE('',*,*,#4034,.F.);
#4034 = EDGE_CURVE('',#4035,#4027,#4037,.T.);
#4035 = VERTEX_POINT('',#4036);
#4036 = CARTESIAN_POINT('',(129.92,-54.625,0.));
#4037 = LINE('',#4038,#4039);
#4038 = CARTESIAN_POINT('',(129.92,-54.625,0.));
#4039 = VECTOR('',#4040,1.);
#4040 = DIRECTION('',(0.,0.,1.));
#4041 = ORIENTED_EDGE('',*,*,#4042,.F.);
#4042 = EDGE_CURVE('',#4017,#4035,#4043,.T.);
#4043 = LINE('',#4044,#4045);
#4044 = CARTESIAN_POINT('',(115.92,-54.625,0.));
#4045 = VECTOR('',#4046,1.);
#4046 = DIRECTION('',(1.,0.,0.));
#4047 = PLANE('',#4048);
#4048 = AXIS2_PLACEMENT_3D('',#4049,#4050,#4051);
#4049 = CARTESIAN_POINT('',(115.92,-54.625,0.));
#4050 = DIRECTION('',(0.,1.,0.));
#4051 = DIRECTION('',(1.,0.,0.));
#4052 = ADVANCED_FACE('',(#4053),#4078,.T.);
#4053 = FACE_BOUND('',#4054,.T.);
#4054 = EDGE_LOOP('',(#4055,#4056,#4064,#4072));
#4055 = ORIENTED_EDGE('',*,*,#4034,.T.);
#4056 = ORIENTED_EDGE('',*,*,#4057,.T.);
#4057 = EDGE_CURVE('',#4027,#4058,#4060,.T.);
#4058 = VERTEX_POINT('',#4059);
#4059 = CARTESIAN_POINT('',(129.92,-40.625,1.51));
#4060 = LINE('',#4061,#4062);
#4061 = CARTESIAN_POINT('',(129.92,-54.625,1.51));
#4062 = VECTOR('',#4063,1.);
#4063 = DIRECTION('',(0.,1.,0.));
#4064 = ORIENTED_EDGE('',*,*,#4065,.F.);
#4065 = EDGE_CURVE('',#4066,#4058,#4068,.T.);
#4066 = VERTEX_POINT('',#4067);
#4067 = CARTESIAN_POINT('',(129.92,-40.625,0.));
#4068 = LINE('',#4069,#4070);
#4069 = CARTESIAN_POINT('',(129.92,-40.625,0.));
#4070 = VECTOR('',#4071,1.);
#4071 = DIRECTION('',(0.,0.,1.));
#4072 = ORIENTED_EDGE('',*,*,#4073,.F.);
#4073 = EDGE_CURVE('',#4035,#4066,#4074,.T.);
#4074 = LINE('',#4075,#4076);
#4075 = CARTESIAN_POINT('',(129.92,-54.625,0.));
#4076 = VECTOR('',#4077,1.);
#4077 = DIRECTION('',(0.,1.,0.));
#4078 = PLANE('',#4079);
#4079 = AXIS2_PLACEMENT_3D('',#4080,#4081,#4082);
#4080 = CARTESIAN_POINT('',(129.92,-54.625,0.));
#4081 = DIRECTION('',(-1.,0.,0.));
#4082 = DIRECTION('',(0.,1.,0.));
#4083 = ADVANCED_FACE('',(#4084),#4109,.T.);
#4084 = FACE_BOUND('',#4085,.T.);
#4085 = EDGE_LOOP('',(#4086,#4087,#4095,#4103));
#4086 = ORIENTED_EDGE('',*,*,#4065,.T.);
#4087 = ORIENTED_EDGE('',*,*,#4088,.T.);
#4088 = EDGE_CURVE('',#4058,#4089,#4091,.T.);
#4089 = VERTEX_POINT('',#4090);
#4090 = CARTESIAN_POINT('',(115.92,-40.625,1.51));
#4091 = LINE('',#4092,#4093);
#4092 = CARTESIAN_POINT('',(129.92,-40.625,1.51));
#4093 = VECTOR('',#4094,1.);
#4094 = DIRECTION('',(-1.,0.,0.));
#4095 = ORIENTED_EDGE('',*,*,#4096,.F.);
#4096 = EDGE_CURVE('',#4097,#4089,#4099,.T.);
#4097 = VERTEX_POINT('',#4098);
#4098 = CARTESIAN_POINT('',(115.92,-40.625,0.));
#4099 = LINE('',#4100,#4101);
#4100 = CARTESIAN_POINT('',(115.92,-40.625,0.));
#4101 = VECTOR('',#4102,1.);
#4102 = DIRECTION('',(0.,0.,1.));
#4103 = ORIENTED_EDGE('',*,*,#4104,.F.);
#4104 = EDGE_CURVE('',#4066,#4097,#4105,.T.);
#4105 = LINE('',#4106,#4107);
#4106 = CARTESIAN_POINT('',(129.92,-40.625,0.));
#4107 = VECTOR('',#4108,1.);
#4108 = DIRECTION('',(-1.,0.,0.));
#4109 = PLANE('',#4110);
#4110 = AXIS2_PLACEMENT_3D('',#4111,#4112,#4113);
#4111 = CARTESIAN_POINT('',(129.92,-40.625,0.));
#4112 = DIRECTION('',(0.,-1.,0.));
#4113 = DIRECTION('',(-1.,0.,0.));
#4114 = ADVANCED_FACE('',(#4115),#4131,.T.);
#4115 = FACE_BOUND('',#4116,.T.);
#4116 = EDGE_LOOP('',(#4117,#4118,#4124,#4125));
#4117 = ORIENTED_EDGE('',*,*,#4096,.T.);
#4118 = ORIENTED_EDGE('',*,*,#4119,.T.);
#4119 = EDGE_CURVE('',#4089,#4019,#4120,.T.);
#4120 = LINE('',#4121,#4122);
#4121 = CARTESIAN_POINT('',(115.92,-40.625,1.51));
#4122 = VECTOR('',#4123,1.);
#4123 = DIRECTION('',(0.,-1.,0.));
#4124 = ORIENTED_EDGE('',*,*,#4016,.F.);
#4125 = ORIENTED_EDGE('',*,*,#4126,.F.);
#4126 = EDGE_CURVE('',#4097,#4017,#4127,.T.);
#4127 = LINE('',#4128,#4129);
#4128 = CARTESIAN_POINT('',(115.92,-40.625,0.));
#4129 = VECTOR('',#4130,1.);
#4130 = DIRECTION('',(0.,-1.,0.));
#4131 = PLANE('',#4132);
#4132 = AXIS2_PLACEMENT_3D('',#4133,#4134,#4135);
#4133 = CARTESIAN_POINT('',(115.92,-40.625,0.));
#4134 = DIRECTION('',(1.,0.,-0.));
#4135 = DIRECTION('',(0.,-1.,0.));
#4136 = ADVANCED_FACE('',(#4137),#4171,.T.);
#4137 = FACE_BOUND('',#4138,.T.);
#4138 = EDGE_LOOP('',(#4139,#4149,#4157,#4165));
#4139 = ORIENTED_EDGE('',*,*,#4140,.T.);
#4140 = EDGE_CURVE('',#4141,#4143,#4145,.T.);
#4141 = VERTEX_POINT('',#4142);
#4142 = CARTESIAN_POINT('',(154.02,-45.1,0.));
#4143 = VERTEX_POINT('',#4144);
#4144 = CARTESIAN_POINT('',(154.02,-45.1,1.51));
#4145 = LINE('',#4146,#4147);
#4146 = CARTESIAN_POINT('',(154.02,-45.1,0.));
#4147 = VECTOR('',#4148,1.);
#4148 = DIRECTION('',(0.,0.,1.));
#4149 = ORIENTED_EDGE('',*,*,#4150,.T.);
#4150 = EDGE_CURVE('',#4143,#4151,#4153,.T.);
#4151 = VERTEX_POINT('',#4152);
#4152 = CARTESIAN_POINT('',(168.02,-45.1,1.51));
#4153 = LINE('',#4154,#4155);
#4154 = CARTESIAN_POINT('',(154.02,-45.1,1.51));
#4155 = VECTOR('',#4156,1.);
#4156 = DIRECTION('',(1.,0.,0.));
#4157 = ORIENTED_EDGE('',*,*,#4158,.F.);
#4158 = EDGE_CURVE('',#4159,#4151,#4161,.T.);
#4159 = VERTEX_POINT('',#4160);
#4160 = CARTESIAN_POINT('',(168.02,-45.1,0.));
#4161 = LINE('',#4162,#4163);
#4162 = CARTESIAN_POINT('',(168.02,-45.1,0.));
#4163 = VECTOR('',#4164,1.);
#4164 = DIRECTION('',(0.,0.,1.));
#4165 = ORIENTED_EDGE('',*,*,#4166,.F.);
#4166 = EDGE_CURVE('',#4141,#4159,#4167,.T.);
#4167 = LINE('',#4168,#4169);
#4168 = CARTESIAN_POINT('',(154.02,-45.1,0.));
#4169 = VECTOR('',#4170,1.);
#4170 = DIRECTION('',(1.,0.,0.));
#4171 = PLANE('',#4172);
#4172 = AXIS2_PLACEMENT_3D('',#4173,#4174,#4175);
#4173 = CARTESIAN_POINT('',(154.02,-45.1,0.));
#4174 = DIRECTION('',(0.,1.,0.));
#4175 = DIRECTION('',(1.,0.,0.));
#4176 = ADVANCED_FACE('',(#4177),#4202,.T.);
#4177 = FACE_BOUND('',#4178,.T.);
#4178 = EDGE_LOOP('',(#4179,#4180,#4188,#4196));
#4179 = ORIENTED_EDGE('',*,*,#4158,.T.);
#4180 = ORIENTED_EDGE('',*,*,#4181,.T.);
#4181 = EDGE_CURVE('',#4151,#4182,#4184,.T.);
#4182 = VERTEX_POINT('',#4183);
#4183 = CARTESIAN_POINT('',(168.02,-31.1,1.51));
#4184 = LINE('',#4185,#4186);
#4185 = CARTESIAN_POINT('',(168.02,-45.1,1.51));
#4186 = VECTOR('',#4187,1.);
#4187 = DIRECTION('',(0.,1.,0.));
#4188 = ORIENTED_EDGE('',*,*,#4189,.F.);
#4189 = EDGE_CURVE('',#4190,#4182,#4192,.T.);
#4190 = VERTEX_POINT('',#4191);
#4191 = CARTESIAN_POINT('',(168.02,-31.1,0.));
#4192 = LINE('',#4193,#4194);
#4193 = CARTESIAN_POINT('',(168.02,-31.1,0.));
#4194 = VECTOR('',#4195,1.);
#4195 = DIRECTION('',(0.,0.,1.));
#4196 = ORIENTED_EDGE('',*,*,#4197,.F.);
#4197 = EDGE_CURVE('',#4159,#4190,#4198,.T.);
#4198 = LINE('',#4199,#4200);
#4199 = CARTESIAN_POINT('',(168.02,-45.1,0.));
#4200 = VECTOR('',#4201,1.);
#4201 = DIRECTION('',(0.,1.,0.));
#4202 = PLANE('',#4203);
#4203 = AXIS2_PLACEMENT_3D('',#4204,#4205,#4206);
#4204 = CARTESIAN_POINT('',(168.02,-45.1,0.));
#4205 = DIRECTION('',(-1.,0.,0.));
#4206 = DIRECTION('',(0.,1.,0.));
#4207 = ADVANCED_FACE('',(#4208),#4233,.T.);
#4208 = FACE_BOUND('',#4209,.T.);
#4209 = EDGE_LOOP('',(#4210,#4211,#4219,#4227));
#4210 = ORIENTED_EDGE('',*,*,#4189,.T.);
#4211 = ORIENTED_EDGE('',*,*,#4212,.T.);
#4212 = EDGE_CURVE('',#4182,#4213,#4215,.T.);
#4213 = VERTEX_POINT('',#4214);
#4214 = CARTESIAN_POINT('',(154.02,-31.1,1.51));
#4215 = LINE('',#4216,#4217);
#4216 = CARTESIAN_POINT('',(168.02,-31.1,1.51));
#4217 = VECTOR('',#4218,1.);
#4218 = DIRECTION('',(-1.,0.,0.));
#4219 = ORIENTED_EDGE('',*,*,#4220,.F.);
#4220 = EDGE_CURVE('',#4221,#4213,#4223,.T.);
#4221 = VERTEX_POINT('',#4222);
#4222 = CARTESIAN_POINT('',(154.02,-31.1,0.));
#4223 = LINE('',#4224,#4225);
#4224 = CARTESIAN_POINT('',(154.02,-31.1,0.));
#4225 = VECTOR('',#4226,1.);
#4226 = DIRECTION('',(0.,0.,1.));
#4227 = ORIENTED_EDGE('',*,*,#4228,.F.);
#4228 = EDGE_CURVE('',#4190,#4221,#4229,.T.);
#4229 = LINE('',#4230,#4231);
#4230 = CARTESIAN_POINT('',(168.02,-31.1,0.));
#4231 = VECTOR('',#4232,1.);
#4232 = DIRECTION('',(-1.,0.,0.));
#4233 = PLANE('',#4234);
#4234 = AXIS2_PLACEMENT_3D('',#4235,#4236,#4237);
#4235 = CARTESIAN_POINT('',(168.02,-31.1,0.));
#4236 = DIRECTION('',(0.,-1.,0.));
#4237 = DIRECTION('',(-1.,0.,0.));
#4238 = ADVANCED_FACE('',(#4239),#4255,.T.);
#4239 = FACE_BOUND('',#4240,.T.);
#4240 = EDGE_LOOP('',(#4241,#4242,#4248,#4249));
#4241 = ORIENTED_EDGE('',*,*,#4220,.T.);
#4242 = ORIENTED_EDGE('',*,*,#4243,.T.);
#4243 = EDGE_CURVE('',#4213,#4143,#4244,.T.);
#4244 = LINE('',#4245,#4246);
#4245 = CARTESIAN_POINT('',(154.02,-31.1,1.51));
#4246 = VECTOR('',#4247,1.);
#4247 = DIRECTION('',(0.,-1.,0.));
#4248 = ORIENTED_EDGE('',*,*,#4140,.F.);
#4249 = ORIENTED_EDGE('',*,*,#4250,.F.);
#4250 = EDGE_CURVE('',#4221,#4141,#4251,.T.);
#4251 = LINE('',#4252,#4253);
#4252 = CARTESIAN_POINT('',(154.02,-31.1,0.));
#4253 = VECTOR('',#4254,1.);
#4254 = DIRECTION('',(0.,-1.,0.));
#4255 = PLANE('',#4256);
#4256 = AXIS2_PLACEMENT_3D('',#4257,#4258,#4259);
#4257 = CARTESIAN_POINT('',(154.02,-31.1,0.));
#4258 = DIRECTION('',(1.,0.,-0.));
#4259 = DIRECTION('',(0.,-1.,0.));
#4260 = ADVANCED_FACE('',(#4261),#4295,.T.);
#4261 = FACE_BOUND('',#4262,.T.);
#4262 = EDGE_LOOP('',(#4263,#4273,#4281,#4289));
#4263 = ORIENTED_EDGE('',*,*,#4264,.T.);
#4264 = EDGE_CURVE('',#4265,#4267,#4269,.T.);
#4265 = VERTEX_POINT('',#4266);
#4266 = CARTESIAN_POINT('',(173.07,-45.1,0.));
#4267 = VERTEX_POINT('',#4268);
#4268 = CARTESIAN_POINT('',(173.07,-45.1,1.51));
#4269 = LINE('',#4270,#4271);
#4270 = CARTESIAN_POINT('',(173.07,-45.1,0.));
#4271 = VECTOR('',#4272,1.);
#4272 = DIRECTION('',(0.,0.,1.));
#4273 = ORIENTED_EDGE('',*,*,#4274,.T.);
#4274 = EDGE_CURVE('',#4267,#4275,#4277,.T.);
#4275 = VERTEX_POINT('',#4276);
#4276 = CARTESIAN_POINT('',(187.07,-45.1,1.51));
#4277 = LINE('',#4278,#4279);
#4278 = CARTESIAN_POINT('',(173.07,-45.1,1.51));
#4279 = VECTOR('',#4280,1.);
#4280 = DIRECTION('',(1.,0.,0.));
#4281 = ORIENTED_EDGE('',*,*,#4282,.F.);
#4282 = EDGE_CURVE('',#4283,#4275,#4285,.T.);
#4283 = VERTEX_POINT('',#4284);
#4284 = CARTESIAN_POINT('',(187.07,-45.1,0.));
#4285 = LINE('',#4286,#4287);
#4286 = CARTESIAN_POINT('',(187.07,-45.1,0.));
#4287 = VECTOR('',#4288,1.);
#4288 = DIRECTION('',(0.,0.,1.));
#4289 = ORIENTED_EDGE('',*,*,#4290,.F.);
#4290 = EDGE_CURVE('',#4265,#4283,#4291,.T.);
#4291 = LINE('',#4292,#4293);
#4292 = CARTESIAN_POINT('',(173.07,-45.1,0.));
#4293 = VECTOR('',#4294,1.);
#4294 = DIRECTION('',(1.,0.,0.));
#4295 = PLANE('',#4296);
#4296 = AXIS2_PLACEMENT_3D('',#4297,#4298,#4299);
#4297 = CARTESIAN_POINT('',(173.07,-45.1,0.));
#4298 = DIRECTION('',(0.,1.,0.));
#4299 = DIRECTION('',(1.,0.,0.));
#4300 = ADVANCED_FACE('',(#4301),#4326,.T.);
#4301 = FACE_BOUND('',#4302,.T.);
#4302 = EDGE_LOOP('',(#4303,#4304,#4312,#4320));
#4303 = ORIENTED_EDGE('',*,*,#4282,.T.);
#4304 = ORIENTED_EDGE('',*,*,#4305,.T.);
#4305 = EDGE_CURVE('',#4275,#4306,#4308,.T.);
#4306 = VERTEX_POINT('',#4307);
#4307 = CARTESIAN_POINT('',(187.07,-31.1,1.51));
#4308 = LINE('',#4309,#4310);
#4309 = CARTESIAN_POINT('',(187.07,-45.1,1.51));
#4310 = VECTOR('',#4311,1.);
#4311 = DIRECTION('',(0.,1.,0.));
#4312 = ORIENTED_EDGE('',*,*,#4313,.F.);
#4313 = EDGE_CURVE('',#4314,#4306,#4316,.T.);
#4314 = VERTEX_POINT('',#4315);
#4315 = CARTESIAN_POINT('',(187.07,-31.1,0.));
#4316 = LINE('',#4317,#4318);
#4317 = CARTESIAN_POINT('',(187.07,-31.1,0.));
#4318 = VECTOR('',#4319,1.);
#4319 = DIRECTION('',(0.,0.,1.));
#4320 = ORIENTED_EDGE('',*,*,#4321,.F.);
#4321 = EDGE_CURVE('',#4283,#4314,#4322,.T.);
#4322 = LINE('',#4323,#4324);
#4323 = CARTESIAN_POINT('',(187.07,-45.1,0.));
#4324 = VECTOR('',#4325,1.);
#4325 = DIRECTION('',(0.,1.,0.));
#4326 = PLANE('',#4327);
#4327 = AXIS2_PLACEMENT_3D('',#4328,#4329,#4330);
#4328 = CARTESIAN_POINT('',(187.07,-45.1,0.));
#4329 = DIRECTION('',(-1.,0.,0.));
#4330 = DIRECTION('',(0.,1.,0.));
#4331 = ADVANCED_FACE('',(#4332),#4357,.T.);
#4332 = FACE_BOUND('',#4333,.T.);
#4333 = EDGE_LOOP('',(#4334,#4335,#4343,#4351));
#4334 = ORIENTED_EDGE('',*,*,#4313,.T.);
#4335 = ORIENTED_EDGE('',*,*,#4336,.T.);
#4336 = EDGE_CURVE('',#4306,#4337,#4339,.T.);
#4337 = VERTEX_POINT('',#4338);
#4338 = CARTESIAN_POINT('',(173.07,-31.1,1.51));
#4339 = LINE('',#4340,#4341);
#4340 = CARTESIAN_POINT('',(187.07,-31.1,1.51));
#4341 = VECTOR('',#4342,1.);
#4342 = DIRECTION('',(-1.,0.,0.));
#4343 = ORIENTED_EDGE('',*,*,#4344,.F.);
#4344 = EDGE_CURVE('',#4345,#4337,#4347,.T.);
#4345 = VERTEX_POINT('',#4346);
#4346 = CARTESIAN_POINT('',(173.07,-31.1,0.));
#4347 = LINE('',#4348,#4349);
#4348 = CARTESIAN_POINT('',(173.07,-31.1,0.));
#4349 = VECTOR('',#4350,1.);
#4350 = DIRECTION('',(0.,0.,1.));
#4351 = ORIENTED_EDGE('',*,*,#4352,.F.);
#4352 = EDGE_CURVE('',#4314,#4345,#4353,.T.);
#4353 = LINE('',#4354,#4355);
#4354 = CARTESIAN_POINT('',(187.07,-31.1,0.));
#4355 = VECTOR('',#4356,1.);
#4356 = DIRECTION('',(-1.,0.,0.));
#4357 = PLANE('',#4358);
#4358 = AXIS2_PLACEMENT_3D('',#4359,#4360,#4361);
#4359 = CARTESIAN_POINT('',(187.07,-31.1,0.));
#4360 = DIRECTION('',(0.,-1.,0.));
#4361 = DIRECTION('',(-1.,0.,0.));
#4362 = ADVANCED_FACE('',(#4363),#4379,.T.);
#4363 = FACE_BOUND('',#4364,.T.);
#4364 = EDGE_LOOP('',(#4365,#4366,#4372,#4373));
#4365 = ORIENTED_EDGE('',*,*,#4344,.T.);
#4366 = ORIENTED_EDGE('',*,*,#4367,.T.);
#4367 = EDGE_CURVE('',#4337,#4267,#4368,.T.);
#4368 = LINE('',#4369,#4370);
#4369 = CARTESIAN_POINT('',(173.07,-31.1,1.51));
#4370 = VECTOR('',#4371,1.);
#4371 = DIRECTION('',(0.,-1.,0.));
#4372 = ORIENTED_EDGE('',*,*,#4264,.F.);
#4373 = ORIENTED_EDGE('',*,*,#4374,.F.);
#4374 = EDGE_CURVE('',#4345,#4265,#4375,.T.);
#4375 = LINE('',#4376,#4377);
#4376 = CARTESIAN_POINT('',(173.07,-31.1,0.));
#4377 = VECTOR('',#4378,1.);
#4378 = DIRECTION('',(0.,-1.,0.));
#4379 = PLANE('',#4380);
#4380 = AXIS2_PLACEMENT_3D('',#4381,#4382,#4383);
#4381 = CARTESIAN_POINT('',(173.07,-31.1,0.));
#4382 = DIRECTION('',(1.,0.,-0.));
#4383 = DIRECTION('',(0.,-1.,0.));
#4384 = ADVANCED_FACE('',(#4385),#4419,.T.);
#4385 = FACE_BOUND('',#4386,.T.);
#4386 = EDGE_LOOP('',(#4387,#4397,#4405,#4413));
#4387 = ORIENTED_EDGE('',*,*,#4388,.T.);
#4388 = EDGE_CURVE('',#4389,#4391,#4393,.T.);
#4389 = VERTEX_POINT('',#4390);
#4390 = CARTESIAN_POINT('',(77.82,-42.2425,0.));
#4391 = VERTEX_POINT('',#4392);
#4392 = CARTESIAN_POINT('',(77.82,-42.2425,1.51));
#4393 = LINE('',#4394,#4395);
#4394 = CARTESIAN_POINT('',(77.82,-42.2425,0.));
#4395 = VECTOR('',#4396,1.);
#4396 = DIRECTION('',(0.,0.,1.));
#4397 = ORIENTED_EDGE('',*,*,#4398,.T.);
#4398 = EDGE_CURVE('',#4391,#4399,#4401,.T.);
#4399 = VERTEX_POINT('',#4400);
#4400 = CARTESIAN_POINT('',(91.82,-42.2425,1.51));
#4401 = LINE('',#4402,#4403);
#4402 = CARTESIAN_POINT('',(77.82,-42.2425,1.51));
#4403 = VECTOR('',#4404,1.);
#4404 = DIRECTION('',(1.,0.,0.));
#4405 = ORIENTED_EDGE('',*,*,#4406,.F.);
#4406 = EDGE_CURVE('',#4407,#4399,#4409,.T.);
#4407 = VERTEX_POINT('',#4408);
#4408 = CARTESIAN_POINT('',(91.82,-42.2425,0.));
#4409 = LINE('',#4410,#4411);
#4410 = CARTESIAN_POINT('',(91.82,-42.2425,0.));
#4411 = VECTOR('',#4412,1.);
#4412 = DIRECTION('',(0.,0.,1.));
#4413 = ORIENTED_EDGE('',*,*,#4414,.F.);
#4414 = EDGE_CURVE('',#4389,#4407,#4415,.T.);
#4415 = LINE('',#4416,#4417);
#4416 = CARTESIAN_POINT('',(77.82,-42.2425,0.));
#4417 = VECTOR('',#4418,1.);
#4418 = DIRECTION('',(1.,0.,0.));
#4419 = PLANE('',#4420);
#4420 = AXIS2_PLACEMENT_3D('',#4421,#4422,#4423);
#4421 = CARTESIAN_POINT('',(77.82,-42.2425,0.));
#4422 = DIRECTION('',(0.,1.,0.));
#4423 = DIRECTION('',(1.,0.,0.));
#4424 = ADVANCED_FACE('',(#4425),#4450,.T.);
#4425 = FACE_BOUND('',#4426,.T.);
#4426 = EDGE_LOOP('',(#4427,#4428,#4436,#4444));
#4427 = ORIENTED_EDGE('',*,*,#4406,.T.);
#4428 = ORIENTED_EDGE('',*,*,#4429,.T.);
#4429 = EDGE_CURVE('',#4399,#4430,#4432,.T.);
#4430 = VERTEX_POINT('',#4431);
#4431 = CARTESIAN_POINT('',(91.82,-28.2425,1.51));
#4432 = LINE('',#4433,#4434);
#4433 = CARTESIAN_POINT('',(91.82,-42.2425,1.51));
#4434 = VECTOR('',#4435,1.);
#4435 = DIRECTION('',(0.,1.,0.));
#4436 = ORIENTED_EDGE('',*,*,#4437,.F.);
#4437 = EDGE_CURVE('',#4438,#4430,#4440,.T.);
#4438 = VERTEX_POINT('',#4439);
#4439 = CARTESIAN_POINT('',(91.82,-28.2425,0.));
#4440 = LINE('',#4441,#4442);
#4441 = CARTESIAN_POINT('',(91.82,-28.2425,0.));
#4442 = VECTOR('',#4443,1.);
#4443 = DIRECTION('',(0.,0.,1.));
#4444 = ORIENTED_EDGE('',*,*,#4445,.F.);
#4445 = EDGE_CURVE('',#4407,#4438,#4446,.T.);
#4446 = LINE('',#4447,#4448);
#4447 = CARTESIAN_POINT('',(91.82,-42.2425,0.));
#4448 = VECTOR('',#4449,1.);
#4449 = DIRECTION('',(0.,1.,0.));
#4450 = PLANE('',#4451);
#4451 = AXIS2_PLACEMENT_3D('',#4452,#4453,#4454);
#4452 = CARTESIAN_POINT('',(91.82,-42.2425,0.));
#4453 = DIRECTION('',(-1.,0.,0.));
#4454 = DIRECTION('',(0.,1.,0.));
#4455 = ADVANCED_FACE('',(#4456),#4481,.T.);
#4456 = FACE_BOUND('',#4457,.T.);
#4457 = EDGE_LOOP('',(#4458,#4459,#4467,#4475));
#4458 = ORIENTED_EDGE('',*,*,#4437,.T.);
#4459 = ORIENTED_EDGE('',*,*,#4460,.T.);
#4460 = EDGE_CURVE('',#4430,#4461,#4463,.T.);
#4461 = VERTEX_POINT('',#4462);
#4462 = CARTESIAN_POINT('',(77.82,-28.2425,1.51));
#4463 = LINE('',#4464,#4465);
#4464 = CARTESIAN_POINT('',(91.82,-28.2425,1.51));
#4465 = VECTOR('',#4466,1.);
#4466 = DIRECTION('',(-1.,0.,0.));
#4467 = ORIENTED_EDGE('',*,*,#4468,.F.);
#4468 = EDGE_CURVE('',#4469,#4461,#4471,.T.);
#4469 = VERTEX_POINT('',#4470);
#4470 = CARTESIAN_POINT('',(77.82,-28.2425,0.));
#4471 = LINE('',#4472,#4473);
#4472 = CARTESIAN_POINT('',(77.82,-28.2425,0.));
#4473 = VECTOR('',#4474,1.);
#4474 = DIRECTION('',(0.,0.,1.));
#4475 = ORIENTED_EDGE('',*,*,#4476,.F.);
#4476 = EDGE_CURVE('',#4438,#4469,#4477,.T.);
#4477 = LINE('',#4478,#4479);
#4478 = CARTESIAN_POINT('',(91.82,-28.2425,0.));
#4479 = VECTOR('',#4480,1.);
#4480 = DIRECTION('',(-1.,0.,0.));
#4481 = PLANE('',#4482);
#4482 = AXIS2_PLACEMENT_3D('',#4483,#4484,#4485);
#4483 = CARTESIAN_POINT('',(91.82,-28.2425,0.));
#4484 = DIRECTION('',(0.,-1.,0.));
#4485 = DIRECTION('',(-1.,0.,0.));
#4486 = ADVANCED_FACE('',(#4487),#4503,.T.);
#4487 = FACE_BOUND('',#4488,.T.);
#4488 = EDGE_LOOP('',(#4489,#4490,#4496,#4497));
#4489 = ORIENTED_EDGE('',*,*,#4468,.T.);
#4490 = ORIENTED_EDGE('',*,*,#4491,.T.);
#4491 = EDGE_CURVE('',#4461,#4391,#4492,.T.);
#4492 = LINE('',#4493,#4494);
#4493 = CARTESIAN_POINT('',(77.82,-28.2425,1.51));
#4494 = VECTOR('',#4495,1.);
#4495 = DIRECTION('',(0.,-1.,0.));
#4496 = ORIENTED_EDGE('',*,*,#4388,.F.);
#4497 = ORIENTED_EDGE('',*,*,#4498,.F.);
#4498 = EDGE_CURVE('',#4469,#4389,#4499,.T.);
#4499 = LINE('',#4500,#4501);
#4500 = CARTESIAN_POINT('',(77.82,-28.2425,0.));
#4501 = VECTOR('',#4502,1.);
#4502 = DIRECTION('',(0.,-1.,0.));
#4503 = PLANE('',#4504);
#4504 = AXIS2_PLACEMENT_3D('',#4505,#4506,#4507);
#4505 = CARTESIAN_POINT('',(77.82,-28.2425,0.));
#4506 = DIRECTION('',(1.,0.,-0.));
#4507 = DIRECTION('',(0.,-1.,0.));
#4508 = ADVANCED_FACE('',(#4509),#4543,.T.);
#4509 = FACE_BOUND('',#4510,.T.);
#4510 = EDGE_LOOP('',(#4511,#4521,#4529,#4537));
#4511 = ORIENTED_EDGE('',*,*,#4512,.T.);
#4512 = EDGE_CURVE('',#4513,#4515,#4517,.T.);
#4513 = VERTEX_POINT('',#4514);
#4514 = CARTESIAN_POINT('',(96.87,-38.4325,0.));
#4515 = VERTEX_POINT('',#4516);
#4516 = CARTESIAN_POINT('',(96.87,-38.4325,1.51));
#4517 = LINE('',#4518,#4519);
#4518 = CARTESIAN_POINT('',(96.87,-38.4325,0.));
#4519 = VECTOR('',#4520,1.);
#4520 = DIRECTION('',(0.,0.,1.));
#4521 = ORIENTED_EDGE('',*,*,#4522,.T.);
#4522 = EDGE_CURVE('',#4515,#4523,#4525,.T.);
#4523 = VERTEX_POINT('',#4524);
#4524 = CARTESIAN_POINT('',(110.87,-38.4325,1.51));
#4525 = LINE('',#4526,#4527);
#4526 = CARTESIAN_POINT('',(96.87,-38.4325,1.51));
#4527 = VECTOR('',#4528,1.);
#4528 = DIRECTION('',(1.,0.,0.));
#4529 = ORIENTED_EDGE('',*,*,#4530,.F.);
#4530 = EDGE_CURVE('',#4531,#4523,#4533,.T.);
#4531 = VERTEX_POINT('',#4532);
#4532 = CARTESIAN_POINT('',(110.87,-38.4325,0.));
#4533 = LINE('',#4534,#4535);
#4534 = CARTESIAN_POINT('',(110.87,-38.4325,0.));
#4535 = VECTOR('',#4536,1.);
#4536 = DIRECTION('',(0.,0.,1.));
#4537 = ORIENTED_EDGE('',*,*,#4538,.F.);
#4538 = EDGE_CURVE('',#4513,#4531,#4539,.T.);
#4539 = LINE('',#4540,#4541);
#4540 = CARTESIAN_POINT('',(96.87,-38.4325,0.));
#4541 = VECTOR('',#4542,1.);
#4542 = DIRECTION('',(1.,0.,0.));
#4543 = PLANE('',#4544);
#4544 = AXIS2_PLACEMENT_3D('',#4545,#4546,#4547);
#4545 = CARTESIAN_POINT('',(96.87,-38.4325,0.));
#4546 = DIRECTION('',(0.,1.,0.));
#4547 = DIRECTION('',(1.,0.,0.));
#4548 = ADVANCED_FACE('',(#4549),#4574,.T.);
#4549 = FACE_BOUND('',#4550,.T.);
#4550 = EDGE_LOOP('',(#4551,#4552,#4560,#4568));
#4551 = ORIENTED_EDGE('',*,*,#4530,.T.);
#4552 = ORIENTED_EDGE('',*,*,#4553,.T.);
#4553 = EDGE_CURVE('',#4523,#4554,#4556,.T.);
#4554 = VERTEX_POINT('',#4555);
#4555 = CARTESIAN_POINT('',(110.87,-24.4325,1.51));
#4556 = LINE('',#4557,#4558);
#4557 = CARTESIAN_POINT('',(110.87,-38.4325,1.51));
#4558 = VECTOR('',#4559,1.);
#4559 = DIRECTION('',(0.,1.,0.));
#4560 = ORIENTED_EDGE('',*,*,#4561,.F.);
#4561 = EDGE_CURVE('',#4562,#4554,#4564,.T.);
#4562 = VERTEX_POINT('',#4563);
#4563 = CARTESIAN_POINT('',(110.87,-24.4325,0.));
#4564 = LINE('',#4565,#4566);
#4565 = CARTESIAN_POINT('',(110.87,-24.4325,0.));
#4566 = VECTOR('',#4567,1.);
#4567 = DIRECTION('',(0.,0.,1.));
#4568 = ORIENTED_EDGE('',*,*,#4569,.F.);
#4569 = EDGE_CURVE('',#4531,#4562,#4570,.T.);
#4570 = LINE('',#4571,#4572);
#4571 = CARTESIAN_POINT('',(110.87,-38.4325,0.));
#4572 = VECTOR('',#4573,1.);
#4573 = DIRECTION('',(0.,1.,0.));
#4574 = PLANE('',#4575);
#4575 = AXIS2_PLACEMENT_3D('',#4576,#4577,#4578);
#4576 = CARTESIAN_POINT('',(110.87,-38.4325,0.));
#4577 = DIRECTION('',(-1.,0.,0.));
#4578 = DIRECTION('',(0.,1.,0.));
#4579 = ADVANCED_FACE('',(#4580),#4605,.T.);
#4580 = FACE_BOUND('',#4581,.T.);
#4581 = EDGE_LOOP('',(#4582,#4583,#4591,#4599));
#4582 = ORIENTED_EDGE('',*,*,#4561,.T.);
#4583 = ORIENTED_EDGE('',*,*,#4584,.T.);
#4584 = EDGE_CURVE('',#4554,#4585,#4587,.T.);
#4585 = VERTEX_POINT('',#4586);
#4586 = CARTESIAN_POINT('',(96.87,-24.4325,1.51));
#4587 = LINE('',#4588,#4589);
#4588 = CARTESIAN_POINT('',(110.87,-24.4325,1.51));
#4589 = VECTOR('',#4590,1.);
#4590 = DIRECTION('',(-1.,0.,0.));
#4591 = ORIENTED_EDGE('',*,*,#4592,.F.);
#4592 = EDGE_CURVE('',#4593,#4585,#4595,.T.);
#4593 = VERTEX_POINT('',#4594);
#4594 = CARTESIAN_POINT('',(96.87,-24.4325,0.));
#4595 = LINE('',#4596,#4597);
#4596 = CARTESIAN_POINT('',(96.87,-24.4325,0.));
#4597 = VECTOR('',#4598,1.);
#4598 = DIRECTION('',(0.,0.,1.));
#4599 = ORIENTED_EDGE('',*,*,#4600,.F.);
#4600 = EDGE_CURVE('',#4562,#4593,#4601,.T.);
#4601 = LINE('',#4602,#4603);
#4602 = CARTESIAN_POINT('',(110.87,-24.4325,0.));
#4603 = VECTOR('',#4604,1.);
#4604 = DIRECTION('',(-1.,0.,0.));
#4605 = PLANE('',#4606);
#4606 = AXIS2_PLACEMENT_3D('',#4607,#4608,#4609);
#4607 = CARTESIAN_POINT('',(110.87,-24.4325,0.));
#4608 = DIRECTION('',(0.,-1.,0.));
#4609 = DIRECTION('',(-1.,0.,0.));
#4610 = ADVANCED_FACE('',(#4611),#4627,.T.);
#4611 = FACE_BOUND('',#4612,.T.);
#4612 = EDGE_LOOP('',(#4613,#4614,#4620,#4621));
#4613 = ORIENTED_EDGE('',*,*,#4592,.T.);
#4614 = ORIENTED_EDGE('',*,*,#4615,.T.);
#4615 = EDGE_CURVE('',#4585,#4515,#4616,.T.);
#4616 = LINE('',#4617,#4618);
#4617 = CARTESIAN_POINT('',(96.87,-24.4325,1.51));
#4618 = VECTOR('',#4619,1.);
#4619 = DIRECTION('',(0.,-1.,0.));
#4620 = ORIENTED_EDGE('',*,*,#4512,.F.);
#4621 = ORIENTED_EDGE('',*,*,#4622,.F.);
#4622 = EDGE_CURVE('',#4593,#4513,#4623,.T.);
#4623 = LINE('',#4624,#4625);
#4624 = CARTESIAN_POINT('',(96.87,-24.4325,0.));
#4625 = VECTOR('',#4626,1.);
#4626 = DIRECTION('',(0.,-1.,0.));
#4627 = PLANE('',#4628);
#4628 = AXIS2_PLACEMENT_3D('',#4629,#4630,#4631);
#4629 = CARTESIAN_POINT('',(96.87,-24.4325,0.));
#4630 = DIRECTION('',(1.,0.,-0.));
#4631 = DIRECTION('',(0.,-1.,0.));
#4632 = ADVANCED_FACE('',(#4633),#4667,.T.);
#4633 = FACE_BOUND('',#4634,.T.);
#4634 = EDGE_LOOP('',(#4635,#4645,#4653,#4661));
#4635 = ORIENTED_EDGE('',*,*,#4636,.T.);
#4636 = EDGE_CURVE('',#4637,#4639,#4641,.T.);
#4637 = VERTEX_POINT('',#4638);
#4638 = CARTESIAN_POINT('',(134.97,-37.48,0.));
#4639 = VERTEX_POINT('',#4640);
#4640 = CARTESIAN_POINT('',(134.97,-37.48,1.51));
#4641 = LINE('',#4642,#4643);
#4642 = CARTESIAN_POINT('',(134.97,-37.48,0.));
#4643 = VECTOR('',#4644,1.);
#4644 = DIRECTION('',(0.,0.,1.));
#4645 = ORIENTED_EDGE('',*,*,#4646,.T.);
#4646 = EDGE_CURVE('',#4639,#4647,#4649,.T.);
#4647 = VERTEX_POINT('',#4648);
#4648 = CARTESIAN_POINT('',(148.97,-37.48,1.51));
#4649 = LINE('',#4650,#4651);
#4650 = CARTESIAN_POINT('',(134.97,-37.48,1.51));
#4651 = VECTOR('',#4652,1.);
#4652 = DIRECTION('',(1.,0.,0.));
#4653 = ORIENTED_EDGE('',*,*,#4654,.F.);
#4654 = EDGE_CURVE('',#4655,#4647,#4657,.T.);
#4655 = VERTEX_POINT('',#4656);
#4656 = CARTESIAN_POINT('',(148.97,-37.48,0.));
#4657 = LINE('',#4658,#4659);
#4658 = CARTESIAN_POINT('',(148.97,-37.48,0.));
#4659 = VECTOR('',#4660,1.);
#4660 = DIRECTION('',(0.,0.,1.));
#4661 = ORIENTED_EDGE('',*,*,#4662,.F.);
#4662 = EDGE_CURVE('',#4637,#4655,#4663,.T.);
#4663 = LINE('',#4664,#4665);
#4664 = CARTESIAN_POINT('',(134.97,-37.48,0.));
#4665 = VECTOR('',#4666,1.);
#4666 = DIRECTION('',(1.,0.,0.));
#4667 = PLANE('',#4668);
#4668 = AXIS2_PLACEMENT_3D('',#4669,#4670,#4671);
#4669 = CARTESIAN_POINT('',(134.97,-37.48,0.));
#4670 = DIRECTION('',(0.,1.,0.));
#4671 = DIRECTION('',(1.,0.,0.));
#4672 = ADVANCED_FACE('',(#4673),#4698,.T.);
#4673 = FACE_BOUND('',#4674,.T.);
#4674 = EDGE_LOOP('',(#4675,#4676,#4684,#4692));
#4675 = ORIENTED_EDGE('',*,*,#4654,.T.);
#4676 = ORIENTED_EDGE('',*,*,#4677,.T.);
#4677 = EDGE_CURVE('',#4647,#4678,#4680,.T.);
#4678 = VERTEX_POINT('',#4679);
#4679 = CARTESIAN_POINT('',(148.97,-23.48,1.51));
#4680 = LINE('',#4681,#4682);
#4681 = CARTESIAN_POINT('',(148.97,-37.48,1.51));
#4682 = VECTOR('',#4683,1.);
#4683 = DIRECTION('',(0.,1.,0.));
#4684 = ORIENTED_EDGE('',*,*,#4685,.F.);
#4685 = EDGE_CURVE('',#4686,#4678,#4688,.T.);
#4686 = VERTEX_POINT('',#4687);
#4687 = CARTESIAN_POINT('',(148.97,-23.48,0.));
#4688 = LINE('',#4689,#4690);
#4689 = CARTESIAN_POINT('',(148.97,-23.48,0.));
#4690 = VECTOR('',#4691,1.);
#4691 = DIRECTION('',(0.,0.,1.));
#4692 = ORIENTED_EDGE('',*,*,#4693,.F.);
#4693 = EDGE_CURVE('',#4655,#4686,#4694,.T.);
#4694 = LINE('',#4695,#4696);
#4695 = CARTESIAN_POINT('',(148.97,-37.48,0.));
#4696 = VECTOR('',#4697,1.);
#4697 = DIRECTION('',(0.,1.,0.));
#4698 = PLANE('',#4699);
#4699 = AXIS2_PLACEMENT_3D('',#4700,#4701,#4702);
#4700 = CARTESIAN_POINT('',(148.97,-37.48,0.));
#4701 = DIRECTION('',(-1.,0.,0.));
#4702 = DIRECTION('',(0.,1.,0.));
#4703 = ADVANCED_FACE('',(#4704),#4729,.T.);
#4704 = FACE_BOUND('',#4705,.T.);
#4705 = EDGE_LOOP('',(#4706,#4707,#4715,#4723));
#4706 = ORIENTED_EDGE('',*,*,#4685,.T.);
#4707 = ORIENTED_EDGE('',*,*,#4708,.T.);
#4708 = EDGE_CURVE('',#4678,#4709,#4711,.T.);
#4709 = VERTEX_POINT('',#4710);
#4710 = CARTESIAN_POINT('',(134.97,-23.48,1.51));
#4711 = LINE('',#4712,#4713);
#4712 = CARTESIAN_POINT('',(148.97,-23.48,1.51));
#4713 = VECTOR('',#4714,1.);
#4714 = DIRECTION('',(-1.,0.,0.));
#4715 = ORIENTED_EDGE('',*,*,#4716,.F.);
#4716 = EDGE_CURVE('',#4717,#4709,#4719,.T.);
#4717 = VERTEX_POINT('',#4718);
#4718 = CARTESIAN_POINT('',(134.97,-23.48,0.));
#4719 = LINE('',#4720,#4721);
#4720 = CARTESIAN_POINT('',(134.97,-23.48,0.));
#4721 = VECTOR('',#4722,1.);
#4722 = DIRECTION('',(0.,0.,1.));
#4723 = ORIENTED_EDGE('',*,*,#4724,.F.);
#4724 = EDGE_CURVE('',#4686,#4717,#4725,.T.);
#4725 = LINE('',#4726,#4727);
#4726 = CARTESIAN_POINT('',(148.97,-23.48,0.));
#4727 = VECTOR('',#4728,1.);
#4728 = DIRECTION('',(-1.,0.,0.));
#4729 = PLANE('',#4730);
#4730 = AXIS2_PLACEMENT_3D('',#4731,#4732,#4733);
#4731 = CARTESIAN_POINT('',(148.97,-23.48,0.));
#4732 = DIRECTION('',(0.,-1.,0.));
#4733 = DIRECTION('',(-1.,0.,0.));
#4734 = ADVANCED_FACE('',(#4735),#4751,.T.);
#4735 = FACE_BOUND('',#4736,.T.);
#4736 = EDGE_LOOP('',(#4737,#4738,#4744,#4745));
#4737 = ORIENTED_EDGE('',*,*,#4716,.T.);
#4738 = ORIENTED_EDGE('',*,*,#4739,.T.);
#4739 = EDGE_CURVE('',#4709,#4639,#4740,.T.);
#4740 = LINE('',#4741,#4742);
#4741 = CARTESIAN_POINT('',(134.97,-23.48,1.51));
#4742 = VECTOR('',#4743,1.);
#4743 = DIRECTION('',(0.,-1.,0.));
#4744 = ORIENTED_EDGE('',*,*,#4636,.F.);
#4745 = ORIENTED_EDGE('',*,*,#4746,.F.);
#4746 = EDGE_CURVE('',#4717,#4637,#4747,.T.);
#4747 = LINE('',#4748,#4749);
#4748 = CARTESIAN_POINT('',(134.97,-23.48,0.));
#4749 = VECTOR('',#4750,1.);
#4750 = DIRECTION('',(0.,-1.,0.));
#4751 = PLANE('',#4752);
#4752 = AXIS2_PLACEMENT_3D('',#4753,#4754,#4755);
#4753 = CARTESIAN_POINT('',(134.97,-23.48,0.));
#4754 = DIRECTION('',(1.,0.,-0.));
#4755 = DIRECTION('',(0.,-1.,0.));
#4756 = ADVANCED_FACE('',(#4757),#4791,.T.);
#4757 = FACE_BOUND('',#4758,.T.);
#4758 = EDGE_LOOP('',(#4759,#4769,#4777,#4785));
#4759 = ORIENTED_EDGE('',*,*,#4760,.T.);
#4760 = EDGE_CURVE('',#4761,#4763,#4765,.T.);
#4761 = VERTEX_POINT('',#4762);
#4762 = CARTESIAN_POINT('',(115.92,-35.575,0.));
#4763 = VERTEX_POINT('',#4764);
#4764 = CARTESIAN_POINT('',(115.92,-35.575,1.51));
#4765 = LINE('',#4766,#4767);
#4766 = CARTESIAN_POINT('',(115.92,-35.575,0.));
#4767 = VECTOR('',#4768,1.);
#4768 = DIRECTION('',(0.,0.,1.));
#4769 = ORIENTED_EDGE('',*,*,#4770,.T.);
#4770 = EDGE_CURVE('',#4763,#4771,#4773,.T.);
#4771 = VERTEX_POINT('',#4772);
#4772 = CARTESIAN_POINT('',(129.92,-35.575,1.51));
#4773 = LINE('',#4774,#4775);
#4774 = CARTESIAN_POINT('',(115.92,-35.575,1.51));
#4775 = VECTOR('',#4776,1.);
#4776 = DIRECTION('',(1.,0.,0.));
#4777 = ORIENTED_EDGE('',*,*,#4778,.F.);
#4778 = EDGE_CURVE('',#4779,#4771,#4781,.T.);
#4779 = VERTEX_POINT('',#4780);
#4780 = CARTESIAN_POINT('',(129.92,-35.575,0.));
#4781 = LINE('',#4782,#4783);
#4782 = CARTESIAN_POINT('',(129.92,-35.575,0.));
#4783 = VECTOR('',#4784,1.);
#4784 = DIRECTION('',(0.,0.,1.));
#4785 = ORIENTED_EDGE('',*,*,#4786,.F.);
#4786 = EDGE_CURVE('',#4761,#4779,#4787,.T.);
#4787 = LINE('',#4788,#4789);
#4788 = CARTESIAN_POINT('',(115.92,-35.575,0.));
#4789 = VECTOR('',#4790,1.);
#4790 = DIRECTION('',(1.,0.,0.));
#4791 = PLANE('',#4792);
#4792 = AXIS2_PLACEMENT_3D('',#4793,#4794,#4795);
#4793 = CARTESIAN_POINT('',(115.92,-35.575,0.));
#4794 = DIRECTION('',(0.,1.,0.));
#4795 = DIRECTION('',(1.,0.,0.));
#4796 = ADVANCED_FACE('',(#4797),#4822,.T.);
#4797 = FACE_BOUND('',#4798,.T.);
#4798 = EDGE_LOOP('',(#4799,#4800,#4808,#4816));
#4799 = ORIENTED_EDGE('',*,*,#4778,.T.);
#4800 = ORIENTED_EDGE('',*,*,#4801,.T.);
#4801 = EDGE_CURVE('',#4771,#4802,#4804,.T.);
#4802 = VERTEX_POINT('',#4803);
#4803 = CARTESIAN_POINT('',(129.92,-21.575,1.51));
#4804 = LINE('',#4805,#4806);
#4805 = CARTESIAN_POINT('',(129.92,-35.575,1.51));
#4806 = VECTOR('',#4807,1.);
#4807 = DIRECTION('',(0.,1.,0.));
#4808 = ORIENTED_EDGE('',*,*,#4809,.F.);
#4809 = EDGE_CURVE('',#4810,#4802,#4812,.T.);
#4810 = VERTEX_POINT('',#4811);
#4811 = CARTESIAN_POINT('',(129.92,-21.575,0.));
#4812 = LINE('',#4813,#4814);
#4813 = CARTESIAN_POINT('',(129.92,-21.575,0.));
#4814 = VECTOR('',#4815,1.);
#4815 = DIRECTION('',(0.,0.,1.));
#4816 = ORIENTED_EDGE('',*,*,#4817,.F.);
#4817 = EDGE_CURVE('',#4779,#4810,#4818,.T.);
#4818 = LINE('',#4819,#4820);
#4819 = CARTESIAN_POINT('',(129.92,-35.575,0.));
#4820 = VECTOR('',#4821,1.);
#4821 = DIRECTION('',(0.,1.,0.));
#4822 = PLANE('',#4823);
#4823 = AXIS2_PLACEMENT_3D('',#4824,#4825,#4826);
#4824 = CARTESIAN_POINT('',(129.92,-35.575,0.));
#4825 = DIRECTION('',(-1.,0.,0.));
#4826 = DIRECTION('',(0.,1.,0.));
#4827 = ADVANCED_FACE('',(#4828),#4853,.T.);
#4828 = FACE_BOUND('',#4829,.T.);
#4829 = EDGE_LOOP('',(#4830,#4831,#4839,#4847));
#4830 = ORIENTED_EDGE('',*,*,#4809,.T.);
#4831 = ORIENTED_EDGE('',*,*,#4832,.T.);
#4832 = EDGE_CURVE('',#4802,#4833,#4835,.T.);
#4833 = VERTEX_POINT('',#4834);
#4834 = CARTESIAN_POINT('',(115.92,-21.575,1.51));
#4835 = LINE('',#4836,#4837);
#4836 = CARTESIAN_POINT('',(129.92,-21.575,1.51));
#4837 = VECTOR('',#4838,1.);
#4838 = DIRECTION('',(-1.,0.,0.));
#4839 = ORIENTED_EDGE('',*,*,#4840,.F.);
#4840 = EDGE_CURVE('',#4841,#4833,#4843,.T.);
#4841 = VERTEX_POINT('',#4842);
#4842 = CARTESIAN_POINT('',(115.92,-21.575,0.));
#4843 = LINE('',#4844,#4845);
#4844 = CARTESIAN_POINT('',(115.92,-21.575,0.));
#4845 = VECTOR('',#4846,1.);
#4846 = DIRECTION('',(0.,0.,1.));
#4847 = ORIENTED_EDGE('',*,*,#4848,.F.);
#4848 = EDGE_CURVE('',#4810,#4841,#4849,.T.);
#4849 = LINE('',#4850,#4851);
#4850 = CARTESIAN_POINT('',(129.92,-21.575,0.));
#4851 = VECTOR('',#4852,1.);
#4852 = DIRECTION('',(-1.,0.,0.));
#4853 = PLANE('',#4854);
#4854 = AXIS2_PLACEMENT_3D('',#4855,#4856,#4857);
#4855 = CARTESIAN_POINT('',(129.92,-21.575,0.));
#4856 = DIRECTION('',(0.,-1.,0.));
#4857 = DIRECTION('',(-1.,0.,0.));
#4858 = ADVANCED_FACE('',(#4859),#4875,.T.);
#4859 = FACE_BOUND('',#4860,.T.);
#4860 = EDGE_LOOP('',(#4861,#4862,#4868,#4869));
#4861 = ORIENTED_EDGE('',*,*,#4840,.T.);
#4862 = ORIENTED_EDGE('',*,*,#4863,.T.);
#4863 = EDGE_CURVE('',#4833,#4763,#4864,.T.);
#4864 = LINE('',#4865,#4866);
#4865 = CARTESIAN_POINT('',(115.92,-21.575,1.51));
#4866 = VECTOR('',#4867,1.);
#4867 = DIRECTION('',(0.,-1.,0.));
#4868 = ORIENTED_EDGE('',*,*,#4760,.F.);
#4869 = ORIENTED_EDGE('',*,*,#4870,.F.);
#4870 = EDGE_CURVE('',#4841,#4761,#4871,.T.);
#4871 = LINE('',#4872,#4873);
#4872 = CARTESIAN_POINT('',(115.92,-21.575,0.));
#4873 = VECTOR('',#4874,1.);
#4874 = DIRECTION('',(0.,-1.,0.));
#4875 = PLANE('',#4876);
#4876 = AXIS2_PLACEMENT_3D('',#4877,#4878,#4879);
#4877 = CARTESIAN_POINT('',(115.92,-21.575,0.));
#4878 = DIRECTION('',(1.,0.,-0.));
#4879 = DIRECTION('',(0.,-1.,0.));
#4880 = ADVANCED_FACE('',(#4881,#4926,#4932,#4938,#4944,#4950,#4956,
    #4962,#4968,#4974,#4980,#4986,#4992,#4998,#5004,#5010,#5016,#5022,
    #5028,#5034,#5040,#5046,#5052,#5058,#5064,#5070,#5076,#5082,#5088),
  #5094,.F.);
#4881 = FACE_BOUND('',#4882,.T.);
#4882 = EDGE_LOOP('',(#4883,#4884,#4885,#4886,#4887,#4888,#4889,#4890,
    #4891,#4892,#4893,#4894,#4895,#4896,#4897,#4898,#4899,#4900,#4901,
    #4902,#4903,#4904,#4905,#4906,#4907,#4908,#4909,#4910,#4911,#4912,
    #4913,#4914,#4915,#4916,#4917,#4918,#4919,#4920,#4921,#4922,#4923,
    #4924,#4925));
#4883 = ORIENTED_EDGE('',*,*,#66,.T.);
#4884 = ORIENTED_EDGE('',*,*,#99,.T.);
#4885 = ORIENTED_EDGE('',*,*,#131,.T.);
#4886 = ORIENTED_EDGE('',*,*,#163,.T.);
#4887 = ORIENTED_EDGE('',*,*,#195,.T.);
#4888 = ORIENTED_EDGE('',*,*,#227,.T.);
#4889 = ORIENTED_EDGE('',*,*,#259,.T.);
#4890 = ORIENTED_EDGE('',*,*,#291,.T.);
#4891 = ORIENTED_EDGE('',*,*,#323,.T.);
#4892 = ORIENTED_EDGE('',*,*,#355,.T.);
#4893 = ORIENTED_EDGE('',*,*,#387,.T.);
#4894 = ORIENTED_EDGE('',*,*,#418,.T.);
#4895 = ORIENTED_EDGE('',*,*,#449,.T.);
#4896 = ORIENTED_EDGE('',*,*,#481,.T.);
#4897 = ORIENTED_EDGE('',*,*,#513,.T.);
#4898 = ORIENTED_EDGE('',*,*,#545,.T.);
#4899 = ORIENTED_EDGE('',*,*,#577,.T.);
#4900 = ORIENTED_EDGE('',*,*,#609,.T.);
#4901 = ORIENTED_EDGE('',*,*,#641,.T.);
#4902 = ORIENTED_EDGE('',*,*,#673,.T.);
#4903 = ORIENTED_EDGE('',*,*,#705,.T.);
#4904 = ORIENTED_EDGE('',*,*,#737,.T.);
#4905 = ORIENTED_EDGE('',*,*,#769,.T.);
#4906 = ORIENTED_EDGE('',*,*,#801,.T.);
#4907 = ORIENTED_EDGE('',*,*,#833,.T.);
#4908 = ORIENTED_EDGE('',*,*,#864,.T.);
#4909 = ORIENTED_EDGE('',*,*,#896,.T.);
#4910 = ORIENTED_EDGE('',*,*,#928,.T.);
#4911 = ORIENTED_EDGE('',*,*,#959,.T.);
#4912 = ORIENTED_EDGE('',*,*,#991,.T.);
#4913 = ORIENTED_EDGE('',*,*,#1023,.T.);
#4914 = ORIENTED_EDGE('',*,*,#1055,.T.);
#4915 = ORIENTED_EDGE('',*,*,#1087,.T.);
#4916 = ORIENTED_EDGE('',*,*,#1119,.T.);
#4917 = ORIENTED_EDGE('',*,*,#1151,.T.);
#4918 = ORIENTED_EDGE('',*,*,#1183,.T.);
#4919 = ORIENTED_EDGE('',*,*,#1215,.T.);
#4920 = ORIENTED_EDGE('',*,*,#1247,.T.);
#4921 = ORIENTED_EDGE('',*,*,#1279,.T.);
#4922 = ORIENTED_EDGE('',*,*,#1311,.T.);
#4923 = ORIENTED_EDGE('',*,*,#1343,.T.);
#4924 = ORIENTED_EDGE('',*,*,#1375,.T.);
#4925 = ORIENTED_EDGE('',*,*,#1398,.T.);
#4926 = FACE_BOUND('',#4927,.T.);
#4927 = EDGE_LOOP('',(#4928,#4929,#4930,#4931));
#4928 = ORIENTED_EDGE('',*,*,#1438,.T.);
#4929 = ORIENTED_EDGE('',*,*,#1469,.T.);
#4930 = ORIENTED_EDGE('',*,*,#1500,.T.);
#4931 = ORIENTED_EDGE('',*,*,#1522,.T.);
#4932 = FACE_BOUND('',#4933,.T.);
#4933 = EDGE_LOOP('',(#4934,#4935,#4936,#4937));
#4934 = ORIENTED_EDGE('',*,*,#1562,.T.);
#4935 = ORIENTED_EDGE('',*,*,#1593,.T.);
#4936 = ORIENTED_EDGE('',*,*,#1624,.T.);
#4937 = ORIENTED_EDGE('',*,*,#1646,.T.);
#4938 = FACE_BOUND('',#4939,.T.);
#4939 = EDGE_LOOP('',(#4940,#4941,#4942,#4943));
#4940 = ORIENTED_EDGE('',*,*,#1686,.T.);
#4941 = ORIENTED_EDGE('',*,*,#1717,.T.);
#4942 = ORIENTED_EDGE('',*,*,#1748,.T.);
#4943 = ORIENTED_EDGE('',*,*,#1770,.T.);
#4944 = FACE_BOUND('',#4945,.T.);
#4945 = EDGE_LOOP('',(#4946,#4947,#4948,#4949));
#4946 = ORIENTED_EDGE('',*,*,#1810,.T.);
#4947 = ORIENTED_EDGE('',*,*,#1841,.T.);
#4948 = ORIENTED_EDGE('',*,*,#1872,.T.);
#4949 = ORIENTED_EDGE('',*,*,#1894,.T.);
#4950 = FACE_BOUND('',#4951,.T.);
#4951 = EDGE_LOOP('',(#4952,#4953,#4954,#4955));
#4952 = ORIENTED_EDGE('',*,*,#1934,.T.);
#4953 = ORIENTED_EDGE('',*,*,#1965,.T.);
#4954 = ORIENTED_EDGE('',*,*,#1996,.T.);
#4955 = ORIENTED_EDGE('',*,*,#2018,.T.);
#4956 = FACE_BOUND('',#4957,.T.);
#4957 = EDGE_LOOP('',(#4958,#4959,#4960,#4961));
#4958 = ORIENTED_EDGE('',*,*,#2058,.T.);
#4959 = ORIENTED_EDGE('',*,*,#2089,.T.);
#4960 = ORIENTED_EDGE('',*,*,#2120,.T.);
#4961 = ORIENTED_EDGE('',*,*,#2142,.T.);
#4962 = FACE_BOUND('',#4963,.T.);
#4963 = EDGE_LOOP('',(#4964,#4965,#4966,#4967));
#4964 = ORIENTED_EDGE('',*,*,#2182,.T.);
#4965 = ORIENTED_EDGE('',*,*,#2213,.T.);
#4966 = ORIENTED_EDGE('',*,*,#2244,.T.);
#4967 = ORIENTED_EDGE('',*,*,#2266,.T.);
#4968 = FACE_BOUND('',#4969,.T.);
#4969 = EDGE_LOOP('',(#4970,#4971,#4972,#4973));
#4970 = ORIENTED_EDGE('',*,*,#2306,.T.);
#4971 = ORIENTED_EDGE('',*,*,#2337,.T.);
#4972 = ORIENTED_EDGE('',*,*,#2368,.T.);
#4973 = ORIENTED_EDGE('',*,*,#2390,.T.);
#4974 = FACE_BOUND('',#4975,.T.);
#4975 = EDGE_LOOP('',(#4976,#4977,#4978,#4979));
#4976 = ORIENTED_EDGE('',*,*,#2430,.T.);
#4977 = ORIENTED_EDGE('',*,*,#2461,.T.);
#4978 = ORIENTED_EDGE('',*,*,#2492,.T.);
#4979 = ORIENTED_EDGE('',*,*,#2514,.T.);
#4980 = FACE_BOUND('',#4981,.T.);
#4981 = EDGE_LOOP('',(#4982,#4983,#4984,#4985));
#4982 = ORIENTED_EDGE('',*,*,#2554,.T.);
#4983 = ORIENTED_EDGE('',*,*,#2585,.T.);
#4984 = ORIENTED_EDGE('',*,*,#2616,.T.);
#4985 = ORIENTED_EDGE('',*,*,#2638,.T.);
#4986 = FACE_BOUND('',#4987,.T.);
#4987 = EDGE_LOOP('',(#4988,#4989,#4990,#4991));
#4988 = ORIENTED_EDGE('',*,*,#2678,.T.);
#4989 = ORIENTED_EDGE('',*,*,#2709,.T.);
#4990 = ORIENTED_EDGE('',*,*,#2740,.T.);
#4991 = ORIENTED_EDGE('',*,*,#2762,.T.);
#4992 = FACE_BOUND('',#4993,.T.);
#4993 = EDGE_LOOP('',(#4994,#4995,#4996,#4997));
#4994 = ORIENTED_EDGE('',*,*,#2802,.T.);
#4995 = ORIENTED_EDGE('',*,*,#2833,.T.);
#4996 = ORIENTED_EDGE('',*,*,#2864,.T.);
#4997 = ORIENTED_EDGE('',*,*,#2886,.T.);
#4998 = FACE_BOUND('',#4999,.T.);
#4999 = EDGE_LOOP('',(#5000,#5001,#5002,#5003));
#5000 = ORIENTED_EDGE('',*,*,#2926,.T.);
#5001 = ORIENTED_EDGE('',*,*,#2957,.T.);
#5002 = ORIENTED_EDGE('',*,*,#2988,.T.);
#5003 = ORIENTED_EDGE('',*,*,#3010,.T.);
#5004 = FACE_BOUND('',#5005,.T.);
#5005 = EDGE_LOOP('',(#5006,#5007,#5008,#5009));
#5006 = ORIENTED_EDGE('',*,*,#3050,.T.);
#5007 = ORIENTED_EDGE('',*,*,#3081,.T.);
#5008 = ORIENTED_EDGE('',*,*,#3112,.T.);
#5009 = ORIENTED_EDGE('',*,*,#3134,.T.);
#5010 = FACE_BOUND('',#5011,.T.);
#5011 = EDGE_LOOP('',(#5012,#5013,#5014,#5015));
#5012 = ORIENTED_EDGE('',*,*,#3174,.T.);
#5013 = ORIENTED_EDGE('',*,*,#3205,.T.);
#5014 = ORIENTED_EDGE('',*,*,#3236,.T.);
#5015 = ORIENTED_EDGE('',*,*,#3258,.T.);
#5016 = FACE_BOUND('',#5017,.T.);
#5017 = EDGE_LOOP('',(#5018,#5019,#5020,#5021));
#5018 = ORIENTED_EDGE('',*,*,#3298,.T.);
#5019 = ORIENTED_EDGE('',*,*,#3329,.T.);
#5020 = ORIENTED_EDGE('',*,*,#3360,.T.);
#5021 = ORIENTED_EDGE('',*,*,#3382,.T.);
#5022 = FACE_BOUND('',#5023,.T.);
#5023 = EDGE_LOOP('',(#5024,#5025,#5026,#5027));
#5024 = ORIENTED_EDGE('',*,*,#3422,.T.);
#5025 = ORIENTED_EDGE('',*,*,#3453,.T.);
#5026 = ORIENTED_EDGE('',*,*,#3484,.T.);
#5027 = ORIENTED_EDGE('',*,*,#3506,.T.);
#5028 = FACE_BOUND('',#5029,.T.);
#5029 = EDGE_LOOP('',(#5030,#5031,#5032,#5033));
#5030 = ORIENTED_EDGE('',*,*,#3546,.T.);
#5031 = ORIENTED_EDGE('',*,*,#3577,.T.);
#5032 = ORIENTED_EDGE('',*,*,#3608,.T.);
#5033 = ORIENTED_EDGE('',*,*,#3630,.T.);
#5034 = FACE_BOUND('',#5035,.T.);
#5035 = EDGE_LOOP('',(#5036,#5037,#5038,#5039));
#5036 = ORIENTED_EDGE('',*,*,#3670,.T.);
#5037 = ORIENTED_EDGE('',*,*,#3701,.T.);
#5038 = ORIENTED_EDGE('',*,*,#3732,.T.);
#5039 = ORIENTED_EDGE('',*,*,#3754,.T.);
#5040 = FACE_BOUND('',#5041,.T.);
#5041 = EDGE_LOOP('',(#5042,#5043,#5044,#5045));
#5042 = ORIENTED_EDGE('',*,*,#3794,.T.);
#5043 = ORIENTED_EDGE('',*,*,#3825,.T.);
#5044 = ORIENTED_EDGE('',*,*,#3856,.T.);
#5045 = ORIENTED_EDGE('',*,*,#3878,.T.);
#5046 = FACE_BOUND('',#5047,.T.);
#5047 = EDGE_LOOP('',(#5048,#5049,#5050,#5051));
#5048 = ORIENTED_EDGE('',*,*,#3918,.T.);
#5049 = ORIENTED_EDGE('',*,*,#3949,.T.);
#5050 = ORIENTED_EDGE('',*,*,#3980,.T.);
#5051 = ORIENTED_EDGE('',*,*,#4002,.T.);
#5052 = FACE_BOUND('',#5053,.T.);
#5053 = EDGE_LOOP('',(#5054,#5055,#5056,#5057));
#5054 = ORIENTED_EDGE('',*,*,#4042,.T.);
#5055 = ORIENTED_EDGE('',*,*,#4073,.T.);
#5056 = ORIENTED_EDGE('',*,*,#4104,.T.);
#5057 = ORIENTED_EDGE('',*,*,#4126,.T.);
#5058 = FACE_BOUND('',#5059,.T.);
#5059 = EDGE_LOOP('',(#5060,#5061,#5062,#5063));
#5060 = ORIENTED_EDGE('',*,*,#4166,.T.);
#5061 = ORIENTED_EDGE('',*,*,#4197,.T.);
#5062 = ORIENTED_EDGE('',*,*,#4228,.T.);
#5063 = ORIENTED_EDGE('',*,*,#4250,.T.);
#5064 = FACE_BOUND('',#5065,.T.);
#5065 = EDGE_LOOP('',(#5066,#5067,#5068,#5069));
#5066 = ORIENTED_EDGE('',*,*,#4290,.T.);
#5067 = ORIENTED_EDGE('',*,*,#4321,.T.);
#5068 = ORIENTED_EDGE('',*,*,#4352,.T.);
#5069 = ORIENTED_EDGE('',*,*,#4374,.T.);
#5070 = FACE_BOUND('',#5071,.T.);
#5071 = EDGE_LOOP('',(#5072,#5073,#5074,#5075));
#5072 = ORIENTED_EDGE('',*,*,#4414,.T.);
#5073 = ORIENTED_EDGE('',*,*,#4445,.T.);
#5074 = ORIENTED_EDGE('',*,*,#4476,.T.);
#5075 = ORIENTED_EDGE('',*,*,#4498,.T.);
#5076 = FACE_BOUND('',#5077,.T.);
#5077 = EDGE_LOOP('',(#5078,#5079,#5080,#5081));
#5078 = ORIENTED_EDGE('',*,*,#4538,.T.);
#5079 = ORIENTED_EDGE('',*,*,#4569,.T.);
#5080 = ORIENTED_EDGE('',*,*,#4600,.T.);
#5081 = ORIENTED_EDGE('',*,*,#4622,.T.);
#5082 = FACE_BOUND('',#5083,.T.);
#5083 = EDGE_LOOP('',(#5084,#5085,#5086,#5087));
#5084 = ORIENTED_EDGE('',*,*,#4662,.T.);
#5085 = ORIENTED_EDGE('',*,*,#4693,.T.);
#5086 = ORIENTED_EDGE('',*,*,#4724,.T.);
#5087 = ORIENTED_EDGE('',*,*,#4746,.T.);
#5088 = FACE_BOUND('',#5089,.T.);
#5089 = EDGE_LOOP('',(#5090,#5091,#5092,#5093));
#5090 = ORIENTED_EDGE('',*,*,#4786,.T.);
#5091 = ORIENTED_EDGE('',*,*,#4817,.T.);
#5092 = ORIENTED_EDGE('',*,*,#4848,.T.);
#5093 = ORIENTED_EDGE('',*,*,#4870,.T.);
#5094 = PLANE('',#5095);
#5095 = AXIS2_PLACEMENT_3D('',#5096,#5097,#5098);
#5096 = CARTESIAN_POINT('',(0.,0.,0.));
#5097 = DIRECTION('',(0.,0.,1.));
#5098 = DIRECTION('',(1.,0.,-0.));
#5099 = ADVANCED_FACE('',(#5100,#5145,#5151,#5157,#5163,#5169,#5175,
    #5181,#5187,#5193,#5199,#5205,#5211,#5217,#5223,#5229,#5235,#5241,
    #5247,#5253,#5259,#5265,#5271,#5277,#5283,#5289,#5295,#5301,#5307),
  #5313,.T.);
#5100 = FACE_BOUND('',#5101,.F.);
#5101 = EDGE_LOOP('',(#5102,#5103,#5104,#5105,#5106,#5107,#5108,#5109,
    #5110,#5111,#5112,#5113,#5114,#5115,#5116,#5117,#5118,#5119,#5120,
    #5121,#5122,#5123,#5124,#5125,#5126,#5127,#5128,#5129,#5130,#5131,
    #5132,#5133,#5134,#5135,#5136,#5137,#5138,#5139,#5140,#5141,#5142,
    #5143,#5144));
#5102 = ORIENTED_EDGE('',*,*,#49,.T.);
#5103 = ORIENTED_EDGE('',*,*,#82,.T.);
#5104 = ORIENTED_EDGE('',*,*,#115,.T.);
#5105 = ORIENTED_EDGE('',*,*,#146,.T.);
#5106 = ORIENTED_EDGE('',*,*,#179,.T.);
#5107 = ORIENTED_EDGE('',*,*,#210,.T.);
#5108 = ORIENTED_EDGE('',*,*,#243,.T.);
#5109 = ORIENTED_EDGE('',*,*,#274,.T.);
#5110 = ORIENTED_EDGE('',*,*,#307,.T.);
#5111 = ORIENTED_EDGE('',*,*,#338,.T.);
#5112 = ORIENTED_EDGE('',*,*,#371,.T.);
#5113 = ORIENTED_EDGE('',*,*,#402,.T.);
#5114 = ORIENTED_EDGE('',*,*,#433,.T.);
#5115 = ORIENTED_EDGE('',*,*,#464,.T.);
#5116 = ORIENTED_EDGE('',*,*,#497,.T.);
#5117 = ORIENTED_EDGE('',*,*,#528,.T.);
#5118 = ORIENTED_EDGE('',*,*,#561,.T.);
#5119 = ORIENTED_EDGE('',*,*,#592,.T.);
#5120 = ORIENTED_EDGE('',*,*,#625,.T.);
#5121 = ORIENTED_EDGE('',*,*,#656,.T.);
#5122 = ORIENTED_EDGE('',*,*,#689,.T.);
#5123 = ORIENTED_EDGE('',*,*,#720,.T.);
#5124 = ORIENTED_EDGE('',*,*,#753,.T.);
#5125 = ORIENTED_EDGE('',*,*,#784,.T.);
#5126 = ORIENTED_EDGE('',*,*,#817,.T.);
#5127 = ORIENTED_EDGE('',*,*,#848,.T.);
#5128 = ORIENTED_EDGE('',*,*,#879,.T.);
#5129 = ORIENTED_EDGE('',*,*,#912,.T.);
#5130 = ORIENTED_EDGE('',*,*,#943,.T.);
#5131 = ORIENTED_EDGE('',*,*,#974,.T.);
#5132 = ORIENTED_EDGE('',*,*,#1007,.T.);
#5133 = ORIENTED_EDGE('',*,*,#1038,.T.);
#5134 = ORIENTED_EDGE('',*,*,#1071,.T.);
#5135 = ORIENTED_EDGE('',*,*,#1102,.T.);
#5136 = ORIENTED_EDGE('',*,*,#1135,.T.);
#5137 = ORIENTED_EDGE('',*,*,#1166,.T.);
#5138 = ORIENTED_EDGE('',*,*,#1199,.T.);
#5139 = ORIENTED_EDGE('',*,*,#1230,.T.);
#5140 = ORIENTED_EDGE('',*,*,#1263,.T.);
#5141 = ORIENTED_EDGE('',*,*,#1294,.T.);
#5142 = ORIENTED_EDGE('',*,*,#1327,.T.);
#5143 = ORIENTED_EDGE('',*,*,#1358,.T.);
#5144 = ORIENTED_EDGE('',*,*,#1391,.T.);
#5145 = FACE_BOUND('',#5146,.F.);
#5146 = EDGE_LOOP('',(#5147,#5148,#5149,#5150));
#5147 = ORIENTED_EDGE('',*,*,#1422,.T.);
#5148 = ORIENTED_EDGE('',*,*,#1453,.T.);
#5149 = ORIENTED_EDGE('',*,*,#1484,.T.);
#5150 = ORIENTED_EDGE('',*,*,#1515,.T.);
#5151 = FACE_BOUND('',#5152,.F.);
#5152 = EDGE_LOOP('',(#5153,#5154,#5155,#5156));
#5153 = ORIENTED_EDGE('',*,*,#1546,.T.);
#5154 = ORIENTED_EDGE('',*,*,#1577,.T.);
#5155 = ORIENTED_EDGE('',*,*,#1608,.T.);
#5156 = ORIENTED_EDGE('',*,*,#1639,.T.);
#5157 = FACE_BOUND('',#5158,.F.);
#5158 = EDGE_LOOP('',(#5159,#5160,#5161,#5162));
#5159 = ORIENTED_EDGE('',*,*,#1670,.T.);
#5160 = ORIENTED_EDGE('',*,*,#1701,.T.);
#5161 = ORIENTED_EDGE('',*,*,#1732,.T.);
#5162 = ORIENTED_EDGE('',*,*,#1763,.T.);
#5163 = FACE_BOUND('',#5164,.F.);
#5164 = EDGE_LOOP('',(#5165,#5166,#5167,#5168));
#5165 = ORIENTED_EDGE('',*,*,#1794,.T.);
#5166 = ORIENTED_EDGE('',*,*,#1825,.T.);
#5167 = ORIENTED_EDGE('',*,*,#1856,.T.);
#5168 = ORIENTED_EDGE('',*,*,#1887,.T.);
#5169 = FACE_BOUND('',#5170,.F.);
#5170 = EDGE_LOOP('',(#5171,#5172,#5173,#5174));
#5171 = ORIENTED_EDGE('',*,*,#1918,.T.);
#5172 = ORIENTED_EDGE('',*,*,#1949,.T.);
#5173 = ORIENTED_EDGE('',*,*,#1980,.T.);
#5174 = ORIENTED_EDGE('',*,*,#2011,.T.);
#5175 = FACE_BOUND('',#5176,.F.);
#5176 = EDGE_LOOP('',(#5177,#5178,#5179,#5180));
#5177 = ORIENTED_EDGE('',*,*,#2042,.T.);
#5178 = ORIENTED_EDGE('',*,*,#2073,.T.);
#5179 = ORIENTED_EDGE('',*,*,#2104,.T.);
#5180 = ORIENTED_EDGE('',*,*,#2135,.T.);
#5181 = FACE_BOUND('',#5182,.F.);
#5182 = EDGE_LOOP('',(#5183,#5184,#5185,#5186));
#5183 = ORIENTED_EDGE('',*,*,#2166,.T.);
#5184 = ORIENTED_EDGE('',*,*,#2197,.T.);
#5185 = ORIENTED_EDGE('',*,*,#2228,.T.);
#5186 = ORIENTED_EDGE('',*,*,#2259,.T.);
#5187 = FACE_BOUND('',#5188,.F.);
#5188 = EDGE_LOOP('',(#5189,#5190,#5191,#5192));
#5189 = ORIENTED_EDGE('',*,*,#2290,.T.);
#5190 = ORIENTED_EDGE('',*,*,#2321,.T.);
#5191 = ORIENTED_EDGE('',*,*,#2352,.T.);
#5192 = ORIENTED_EDGE('',*,*,#2383,.T.);
#5193 = FACE_BOUND('',#5194,.F.);
#5194 = EDGE_LOOP('',(#5195,#5196,#5197,#5198));
#5195 = ORIENTED_EDGE('',*,*,#2414,.T.);
#5196 = ORIENTED_EDGE('',*,*,#2445,.T.);
#5197 = ORIENTED_EDGE('',*,*,#2476,.T.);
#5198 = ORIENTED_EDGE('',*,*,#2507,.T.);
#5199 = FACE_BOUND('',#5200,.F.);
#5200 = EDGE_LOOP('',(#5201,#5202,#5203,#5204));
#5201 = ORIENTED_EDGE('',*,*,#2538,.T.);
#5202 = ORIENTED_EDGE('',*,*,#2569,.T.);
#5203 = ORIENTED_EDGE('',*,*,#2600,.T.);
#5204 = ORIENTED_EDGE('',*,*,#2631,.T.);
#5205 = FACE_BOUND('',#5206,.F.);
#5206 = EDGE_LOOP('',(#5207,#5208,#5209,#5210));
#5207 = ORIENTED_EDGE('',*,*,#2662,.T.);
#5208 = ORIENTED_EDGE('',*,*,#2693,.T.);
#5209 = ORIENTED_EDGE('',*,*,#2724,.T.);
#5210 = ORIENTED_EDGE('',*,*,#2755,.T.);
#5211 = FACE_BOUND('',#5212,.F.);
#5212 = EDGE_LOOP('',(#5213,#5214,#5215,#5216));
#5213 = ORIENTED_EDGE('',*,*,#2786,.T.);
#5214 = ORIENTED_EDGE('',*,*,#2817,.T.);
#5215 = ORIENTED_EDGE('',*,*,#2848,.T.);
#5216 = ORIENTED_EDGE('',*,*,#2879,.T.);
#5217 = FACE_BOUND('',#5218,.F.);
#5218 = EDGE_LOOP('',(#5219,#5220,#5221,#5222));
#5219 = ORIENTED_EDGE('',*,*,#2910,.T.);
#5220 = ORIENTED_EDGE('',*,*,#2941,.T.);
#5221 = ORIENTED_EDGE('',*,*,#2972,.T.);
#5222 = ORIENTED_EDGE('',*,*,#3003,.T.);
#5223 = FACE_BOUND('',#5224,.F.);
#5224 = EDGE_LOOP('',(#5225,#5226,#5227,#5228));
#5225 = ORIENTED_EDGE('',*,*,#3034,.T.);
#5226 = ORIENTED_EDGE('',*,*,#3065,.T.);
#5227 = ORIENTED_EDGE('',*,*,#3096,.T.);
#5228 = ORIENTED_EDGE('',*,*,#3127,.T.);
#5229 = FACE_BOUND('',#5230,.F.);
#5230 = EDGE_LOOP('',(#5231,#5232,#5233,#5234));
#5231 = ORIENTED_EDGE('',*,*,#3158,.T.);
#5232 = ORIENTED_EDGE('',*,*,#3189,.T.);
#5233 = ORIENTED_EDGE('',*,*,#3220,.T.);
#5234 = ORIENTED_EDGE('',*,*,#3251,.T.);
#5235 = FACE_BOUND('',#5236,.F.);
#5236 = EDGE_LOOP('',(#5237,#5238,#5239,#5240));
#5237 = ORIENTED_EDGE('',*,*,#3282,.T.);
#5238 = ORIENTED_EDGE('',*,*,#3313,.T.);
#5239 = ORIENTED_EDGE('',*,*,#3344,.T.);
#5240 = ORIENTED_EDGE('',*,*,#3375,.T.);
#5241 = FACE_BOUND('',#5242,.F.);
#5242 = EDGE_LOOP('',(#5243,#5244,#5245,#5246));
#5243 = ORIENTED_EDGE('',*,*,#3406,.T.);
#5244 = ORIENTED_EDGE('',*,*,#3437,.T.);
#5245 = ORIENTED_EDGE('',*,*,#3468,.T.);
#5246 = ORIENTED_EDGE('',*,*,#3499,.T.);
#5247 = FACE_BOUND('',#5248,.F.);
#5248 = EDGE_LOOP('',(#5249,#5250,#5251,#5252));
#5249 = ORIENTED_EDGE('',*,*,#3530,.T.);
#5250 = ORIENTED_EDGE('',*,*,#3561,.T.);
#5251 = ORIENTED_EDGE('',*,*,#3592,.T.);
#5252 = ORIENTED_EDGE('',*,*,#3623,.T.);
#5253 = FACE_BOUND('',#5254,.F.);
#5254 = EDGE_LOOP('',(#5255,#5256,#5257,#5258));
#5255 = ORIENTED_EDGE('',*,*,#3654,.T.);
#5256 = ORIENTED_EDGE('',*,*,#3685,.T.);
#5257 = ORIENTED_EDGE('',*,*,#3716,.T.);
#5258 = ORIENTED_EDGE('',*,*,#3747,.T.);
#5259 = FACE_BOUND('',#5260,.F.);
#5260 = EDGE_LOOP('',(#5261,#5262,#5263,#5264));
#5261 = ORIENTED_EDGE('',*,*,#3778,.T.);
#5262 = ORIENTED_EDGE('',*,*,#3809,.T.);
#5263 = ORIENTED_EDGE('',*,*,#3840,.T.);
#5264 = ORIENTED_EDGE('',*,*,#3871,.T.);
#5265 = FACE_BOUND('',#5266,.F.);
#5266 = EDGE_LOOP('',(#5267,#5268,#5269,#5270));
#5267 = ORIENTED_EDGE('',*,*,#3902,.T.);
#5268 = ORIENTED_EDGE('',*,*,#3933,.T.);
#5269 = ORIENTED_EDGE('',*,*,#3964,.T.);
#5270 = ORIENTED_EDGE('',*,*,#3995,.T.);
#5271 = FACE_BOUND('',#5272,.F.);
#5272 = EDGE_LOOP('',(#5273,#5274,#5275,#5276));
#5273 = ORIENTED_EDGE('',*,*,#4026,.T.);
#5274 = ORIENTED_EDGE('',*,*,#4057,.T.);
#5275 = ORIENTED_EDGE('',*,*,#4088,.T.);
#5276 = ORIENTED_EDGE('',*,*,#4119,.T.);
#5277 = FACE_BOUND('',#5278,.F.);
#5278 = EDGE_LOOP('',(#5279,#5280,#5281,#5282));
#5279 = ORIENTED_EDGE('',*,*,#4150,.T.);
#5280 = ORIENTED_EDGE('',*,*,#4181,.T.);
#5281 = ORIENTED_EDGE('',*,*,#4212,.T.);
#5282 = ORIENTED_EDGE('',*,*,#4243,.T.);
#5283 = FACE_BOUND('',#5284,.F.);
#5284 = EDGE_LOOP('',(#5285,#5286,#5287,#5288));
#5285 = ORIENTED_EDGE('',*,*,#4274,.T.);
#5286 = ORIENTED_EDGE('',*,*,#4305,.T.);
#5287 = ORIENTED_EDGE('',*,*,#4336,.T.);
#5288 = ORIENTED_EDGE('',*,*,#4367,.T.);
#5289 = FACE_BOUND('',#5290,.F.);
#5290 = EDGE_LOOP('',(#5291,#5292,#5293,#5294));
#5291 = ORIENTED_EDGE('',*,*,#4398,.T.);
#5292 = ORIENTED_EDGE('',*,*,#4429,.T.);
#5293 = ORIENTED_EDGE('',*,*,#4460,.T.);
#5294 = ORIENTED_EDGE('',*,*,#4491,.T.);
#5295 = FACE_BOUND('',#5296,.F.);
#5296 = EDGE_LOOP('',(#5297,#5298,#5299,#5300));
#5297 = ORIENTED_EDGE('',*,*,#4522,.T.);
#5298 = ORIENTED_EDGE('',*,*,#4553,.T.);
#5299 = ORIENTED_EDGE('',*,*,#4584,.T.);
#5300 = ORIENTED_EDGE('',*,*,#4615,.T.);
#5301 = FACE_BOUND('',#5302,.F.);
#5302 = EDGE_LOOP('',(#5303,#5304,#5305,#5306));
#5303 = ORIENTED_EDGE('',*,*,#4646,.T.);
#5304 = ORIENTED_EDGE('',*,*,#4677,.T.);
#5305 = ORIENTED_EDGE('',*,*,#4708,.T.);
#5306 = ORIENTED_EDGE('',*,*,#4739,.T.);
#5307 = FACE_BOUND('',#5308,.F.);
#5308 = EDGE_LOOP('',(#5309,#5310,#5311,#5312));
#5309 = ORIENTED_EDGE('',*,*,#4770,.T.);
#5310 = ORIENTED_EDGE('',*,*,#4801,.T.);
#5311 = ORIENTED_EDGE('',*,*,#4832,.T.);
#5312 = ORIENTED_EDGE('',*,*,#4863,.T.);
#5313 = PLANE('',#5314);
#5314 = AXIS2_PLACEMENT_3D('',#5315,#5316,#5317);
#5315 = CARTESIAN_POINT('',(0.,0.,1.51));
#5316 = DIRECTION('',(0.,0.,1.));
#5317 = DIRECTION('',(1.,0.,-0.));
#5318 = ( GEOMETRIC_REPRESENTATION_CONTEXT(3) 
GLOBAL_UNCERTAINTY_ASSIGNED_CONTEXT((#5322)) 
GLOBAL_UNIT_ASSIGNED_CONTEXT((#5319,#5320,#5321)) REPRESENTATION_CONTEXT
('Context #1','3D Context with UNIT and UNCERTAINTY') );
#5319 = ( LENGTH_UNIT() NAMED_UNIT(*) SI_UNIT(.MILLI.,.METRE.) );
#5320 = ( NAMED_UNIT(*) PLANE_ANGLE_UNIT() SI_UNIT($,.RADIAN.) );
#5321 = ( NAMED_UNIT(*) SI_UNIT($,.STERADIAN.) SOLID_ANGLE_UNIT() );
#5322 = UNCERTAINTY_MEASURE_WITH_UNIT(LENGTH_MEASURE(1.E-07),#5319,
  'distance_accuracy_value','confusion accuracy');
#5323 = CONTEXT_DEPENDENT_SHAPE_REPRESENTATION(#5324,#5326);
#5324 = ( REPRESENTATION_RELATIONSHIP('','',#32,#10) 
REPRESENTATION_RELATIONSHIP_WITH_TRANSFORMATION(#5325) 
SHAPE_REPRESENTATION_RELATIONSHIP() );
#5325 = ITEM_DEFINED_TRANSFORMATION('','',#11,#15);
#5326 = PRODUCT_DEFINITION_SHAPE('Placement','Placement of an item',
  #5327);
#5327 = NEXT_ASSEMBLY_USAGE_OCCURRENCE('1','=>[0:1:1:2]','',#5,#27,$);
#5328 = PRODUCT_RELATED_PRODUCT_CATEGORY('part',$,(#29));
#5329 = MECHANICAL_DESIGN_GEOMETRIC_PRESENTATION_REPRESENTATION('',(
    #5330),#5318);
#5330 = STYLED_ITEM('color',(#5331),#33);
#5331 = PRESENTATION_STYLE_ASSIGNMENT((#5332));
#5332 = SURFACE_STYLE_USAGE(.BOTH.,#5333);
#5333 = SURFACE_SIDE_STYLE('',(#5334));
#5334 = SURFACE_STYLE_FILL_AREA(#5335);
#5335 = FILL_AREA_STYLE('',(#5336));
#5336 = FILL_AREA_STYLE_COLOUR('',#5337);
#5337 = COLOUR_RGB('',0.313304153717,0.484529207832,0.410020903123);
ENDSEC;
END-ISO-10303-21;
